1 -2.84563 0.513074 250 0 -98.6997
2 -1.45704 1.82615 250.543 2 -98.569
3 -0.0652852 3.14144 251.087 4 -98.6334
4 1.32962 4.45894 251.631 6 -98.6984
5 2.72767 5.77863 252.176 8 -98.5326
6 4.11909 7.09132 252.718 10 -99.19
7 5.51358 8.40615 253.26 12 -100.041
8 6.91113 9.72312 253.803 14 -100.484
9 8.31172 11.0422 254.346 16 -100.36
10 9.70551 12.3542 254.886 18 -100.19
11 11.1023 13.6682 255.426 20 -100.126
12 12.502 14.9844 255.967 22 -99.2567
13 13.9046 16.3025 256.508 24 -98.8219
14 15.3003 17.6135 257.046 26 -98.7078
15 16.6989 18.9264 257.585 28 -99.1392
16 18.1003 20.2413 258.124 30 -98.959
17 19.5046 21.5583 258.663 32 -99.1008
18 20.9017 22.8678 259.2 34 -99.0946
19 22.3016 24.1794 259.736 36 -98.3368
20 23.7043 25.4928 260.273 38 -97.4844
21 25.1098 26.8082 260.811 40 -97.0004
22 26.5079 28.1161 261.345 42 -97.0838
23 27.9087 29.4259 261.88 44 -96.9696
24 29.3123 30.7375 262.415 46 -97.3223
25 30.7184 32.0511 262.95 48 -98.2058
26 32.1171 33.357 263.483 50 -98.1913
27 33.5184 34.6647 264.015 52 -97.7399
28 34.9224 35.9743 264.548 54 -97.3822
29 36.3288 37.2857 265.082 56 -96.719
30 37.7379 38.5988 265.616 58 -96.6816
31 39.1393 39.9043 266.146 60 -97.0141
32 40.5432 41.2114 266.677 62 -97.8496
33 41.9496 42.5204 267.209 64 -98.9225
34 43.3585 43.8311 267.74 66 -99.4921
35 44.7699 45.1435 268.273 68 -99.4857
36 46.1734 46.448 268.801 70 -99.1273
37 47.5793 47.7542 269.33 72 -98.7053
38 48.9876 49.0622 269.86 74 -98.8734
39 50.3983 50.3717 270.39 76 -99.5539
40 51.8114 51.683 270.92 78 -100.362
41 53.2165 52.9863 271.447 80 -101.696
42 54.6239 54.2911 271.975 82 -102.347
43 56.0336 55.5976 272.502 84 -101.954
44 57.4456 56.9057 273.03 86 -101.12
45 58.8599 58.2155 273.559 88 -99.9368
46 60.266 59.5171 274.084 90 -98.8699
47 61.6743 60.8202 274.609 92 -98.5525
48 63.0848 62.1249 275.135 94 -98.4246
49 64.4976 63.4312 275.661 96 -98.5382
50 65.9125 64.739 276.187 98 -98.5579
51 67.3191 66.0385 276.71 100 -98.1093
52 68.7278 67.3396 277.233 102 -97.1604
53 70.1386 68.6422 277.757 104 -96.3528
54 71.5516 69.9462 278.281 106 -96.1461
55 72.9667 71.2517 278.805 108 -96.2738
56 74.3839 72.5587 279.33 110 -96.6944
57 75.7925 73.8574 279.851 112 -97.0183
58 77.2031 75.1574 280.372 114 -97.3255
59 78.6158 76.4589 280.894 116 -96.9879
60 80.0305 77.7618 281.416 118 -96.667
61 81.4473 79.0661 281.939 120 -96.983
62 82.866 80.3718 282.461 122 -97.5073
63 84.276 81.669 282.981 124 -98.702
64 85.688 82.9676 283.5 126 -99.1165
65 87.1019 84.2676 284.02 128 -99.5724
66 88.5177 85.5689 284.54 130 -99.3111
67 89.9355 86.8715 285.061 132 -99.5556
68 91.3551 88.1755 285.582 134 -99.9571
69 92.7767 89.4808 286.103 136 -100.738
70 94.1893 90.7775 286.62 138 -101.469
71 95.6038 92.0755 287.138 140 -101.964
72 97.0201 93.3748 287.656 142 -101.589
73 98.4382 94.6753 288.175 144 -100.617
74 99.8582 95.9771 288.693 146 -99.5611
75 101.28 97.2802 289.212 148 -98.9718
76 102.704 98.5846 289.732 150 -98.6525
77 104.118 99.8802 290.248 152 -98.6337
78 105.534 101.177 290.764 154 -98.1956
79 106.952 102.475 291.28 156 -97.5154
80 108.372 103.774 291.796 158 -96.6321
81 109.793 105.075 292.313 160 -96.3644
82 111.216 106.376 292.83 162 -96.1736
83 112.641 107.679 293.348 164 -96.6219
84 114.057 108.973 293.862 166 -96.6355
85 115.474 110.268 294.376 168 -96.7326
86 116.893 111.565 294.89 170 -96.353
87 118.313 112.862 295.405 172 -97.7131
88 119.735 114.16 295.919 174 -98.1741
89 121.159 115.46 296.435 176 -98.963
90 122.584 116.761 296.95 178 -99.6012
91 124.011 118.063 297.466 180 -99.6512
92 125.428 119.356 297.978 182 -100.136
93 126.847 120.65 298.49 184 -100.81
94 128.268 121.945 299.002 186 -101.824
95 129.69 123.241 299.515 188 -103.292
96 131.113 124.538 300.028 190 -103.918
97 132.538 125.836 300.541 192 -104.163
98 133.965 127.136 301.055 194 -103.236
99 135.393 128.436 301.568 196 -102.469
100 136.811 129.727 302.078 198 -102.128
101 138.231 131.02 302.589 200 -101.439
102 139.652 132.313 303.099 202 -100.893
103 141.075 133.607 303.61 204 -99.8432
104 142.499 134.902 304.121 206 -98.8752
105 143.925 136.199 304.632 208 -98.0758
106 145.352 137.496 305.143 210 -98.0947
107 146.78 138.794 305.655 212 -97.9037
108 148.21 140.093 306.167 214 -97.64
109 149.629 141.383 306.675 216 -97.4052
110 151.051 142.674 307.183 218 -97.2422
111 152.473 143.966 307.692 220 -97.5278
112 153.897 145.258 308.201 222 -98.0747
113 155.322 146.552 308.71 224 -98.6104
114 156.749 147.846 309.219 226 -98.2945
115 158.177 149.142 309.728 228 -98.7891
116 159.606 150.438 310.238 230 -99.584
117 161.036 151.736 310.748 232 -100.759
118 162.468 153.034 311.258 234 -101.365
119 163.889 154.322 311.764 236 -102.222
120 165.312 155.612 312.271 238 -102.765
121 166.736 156.902 312.777 240 -103.887
122 168.161 158.194 313.284 242 -104.48
123 169.588 159.486 313.791 244 -104.677
124 171.015 160.779 314.299 246 -103.506
125 172.444 162.073 314.806 248 -102.469
126 173.874 163.367 315.314 250 -101.2
127 175.306 164.663 315.822 252 -100.52
128 176.738 165.959 316.33 254 -99.658
129 178.172 167.256 316.838 256 -98.9849
130 179.595 168.544 317.342 258 -98.1275
131 181.019 169.832 317.847 260 -97.7984
132 182.445 171.121 318.352 262 -97.5788
133 183.871 172.411 318.857 264 -97.57
134 185.299 173.702 319.362 266 -97.2101
135 186.728 174.993 319.867 268 -97.1661
136 188.158 176.285 320.373 270 -97.3153
137 189.589 177.578 320.879 272 -97.9636
138 191.021 178.872 321.385 274 -98.4191
139 192.454 180.166 321.891 276 -99.1226
140 193.888 181.461 322.397 278 -99.9248
141 195.323 182.757 322.903 280 -101.406
142 196.748 184.043 323.406 282 -102.642
143 198.173 185.33 323.908 284 -103.698
144 199.6 186.618 324.411 286 -104.071
145 201.028 187.906 324.914 288 -104.346
146 202.456 189.195 325.418 290 -104.155
147 203.886 190.484 325.921 292 -103.193
148 205.316 191.774 326.424 294 -101.883
149 206.748 193.065 326.928 296 -100.641
150 208.18 194.357 327.432 298 -99.857
151 209.614 195.649 327.936 300 -99.3103
152 211.048 196.942 328.44 302 -98.6659
153 212.483 198.236 328.944 304 -97.9882
154 213.919 199.53 329.449 306 -97.6977
155 215.357 200.825 329.954 308 -97.7219
156 216.783 202.11 330.454 310 -97.7644
157 218.21 203.395 330.955 312 -97.8269
158 219.638 204.681 331.456 314 -98.1115
159 221.067 205.968 331.957 316 -98.698
160 222.496 207.255 332.458 318 -99.2905
161 223.927 208.543 332.96 320 -100.053
162 225.358 209.832 333.461 322 -101.16
163 226.791 211.121 333.963 324 -102.387
164 228.224 212.41 334.465 326 -103.62
165 229.658 213.701 334.967 328 -104.815
166 231.092 214.991 335.469 330 -105.694
167 232.528 216.283 335.971 332 -105.303
168 233.964 217.575 336.473 334 -104.306
169 235.401 218.867 336.976 336 -102.868
170 236.839 220.16 337.479 338 -101.295
171 238.278 221.454 337.981 340 -100.084
172 239.717 222.748 338.484 342 -99.1498
173 241.145 224.032 338.983 344 -98.501
174 242.574 225.316 339.482 346 -98.0737
175 244.004 226.601 339.981 348 -97.8488
176 245.434 227.886 340.48 350 -97.6112
177 246.866 229.172 340.98 352 -97.5922
178 248.297 230.459 341.479 354 -98.0058
179 249.73 231.745 341.979 356 -98.6029
180 251.163 233.033 342.479 358 -99.0043
181 252.597 234.321 342.978 360 -99.8334
182 254.032 235.609 343.478 362 -101.506
183 255.467 236.898 343.978 364 -103.106
184 256.903 238.187 344.479 366 -104.311
185 258.339 239.477 344.979 368 -105.424
186 259.776 240.767 345.479 370 -106.536
187 261.214 242.057 345.98 372 -106.046
188 262.653 243.348 346.48 374 -104.08
189 264.092 244.64 346.981 376 -102.514
190 265.531 245.932 347.482 378 -101.345
191 266.971 247.224 347.983 380 -100.282
192 268.412 248.517 348.484 382 -99.1538
193 269.842 249.799 348.981 384 -98.5393
194 271.272 251.082 349.478 386 -98.3002
195 272.702 252.365 349.975 388 -97.9045
196 274.133 253.648 350.472 390 -98.0321
197 275.565 254.932 350.969 392 -98.3682
198 276.997 256.216 351.467 394 -98.6229
199 278.429 257.501 351.964 396 -99.1678
200 279.863 258.786 352.462 398 -100.536
201 281.296 260.071 352.96 400 -101.639
202 282.73 261.357 353.457 402 -102.945
203 284.165 262.643 353.955 404 -104.964
204 285.6 263.929 354.453 406 -107.006
205 287.036 265.216 354.951 408 -107.246
206 288.472 266.503 355.449 410 -106.377
207 289.909 267.791 355.947 412 -105.128
208 291.346 269.078 356.446 414 -102.845
209 292.783 270.366 356.944 416 -101.314
210 294.221 271.654 357.442 418 -100.593
211 295.659 272.943 357.941 420 -99.3653
212 297.098 274.232 358.439 422 -98.8193
213 298.537 275.521 358.938 424 -98.6704
214 299.977 276.811 359.437 426 -98.4913
215 301.417 278.1 359.935 428 -98.524
216 302.857 279.39 360.434 430 -99.002
217 304.298 280.681 360.933 432 -99.6311
218 305.739 281.971 361.432 434 -100.335
219 307.181 283.262 361.931 436 -101.765
220 308.623 284.553 362.43 438 -103.393
221 310.065 285.845 362.929 440 -105.121
222 311.508 287.136 363.428 442 -107.608
223 312.938 288.417 363.923 444 -108.348
224 314.37 289.698 364.418 446 -107.715
225 315.801 290.98 364.914 448 -105.761
226 317.233 292.261 365.409 450 -103.713
227 318.665 293.543 365.904 452 -102.2
228 320.097 294.825 366.399 454 -100.788
229 321.53 296.107 366.895 456 -100.098
230 322.963 297.39 367.39 458 -99.2991
231 324.396 298.673 367.886 460 -99.2247
232 325.83 299.955 368.381 462 -98.9525
233 327.263 301.238 368.877 464 -99.3338
234 328.697 302.522 369.372 466 -99.653
235 330.132 303.805 369.868 468 -100.483
236 331.566 305.088 370.364 470 -101.369
237 333.001 306.372 370.859 472 -103.107
238 334.436 307.656 371.355 474 -104.521
239 335.871 308.94 371.851 476 -107.181
240 337.306 310.224 372.347 478 -109.149
241 338.742 311.508 372.842 480 -109.586
242 340.177 312.793 373.338 482 -107.934
243 341.613 314.077 373.834 484 -105.724
244 343.049 315.362 374.33 486 -103.504
245 344.486 316.647 374.826 488 -102.415
246 345.922 317.931 375.322 490 -101.066
247 347.359 319.216 375.818 492 -100.453
248 348.795 320.501 376.314 494 -100.058
249 350.232 321.787 376.81 496 -99.7907
250 351.669 323.072 377.306 498 -100.008
251 353.106 324.357 377.802 500 -100.35
252 354.544 325.643 378.299 502 -100.904
253 355.981 326.928 378.795 504 -102.157
254 357.418 328.214 379.291 506 -103.217
255 358.856 329.499 379.787 508 -105.398
256 360.293 330.785 380.283 510 -107.554
257 361.731 332.071 380.78 512 -110.028
258 363.169 333.357 381.276 514 -111.246
259 364.607 334.643 381.772 516 -109.166
260 366.045 335.928 382.268 518 -106.896
261 367.482 337.214 382.765 520 -104.994
262 368.92 338.5 383.261 522 -103.179
263 370.358 339.786 383.757 524 -102.164
264 371.796 341.072 384.253 526 -101.423
265 373.234 342.358 384.75 528 -101
266 374.672 343.644 385.246 530 -100.758
267 376.11 344.93 385.742 532 -101.034
268 377.549 346.216 386.238 534 -101.264
269 378.987 347.502 386.735 536 -102.116
270 380.425 348.788 387.231 538 -102.992
271 381.863 350.074 387.727 540 -104.592
272 383.3 351.36 388.224 542 -106.612
273 384.738 352.646 388.72 544 -108.621
274 386.176 353.932 389.216 546 -111.715
275 387.614 355.218 389.712 548 -112.338
276 389.052 356.504 390.208 550 -110.448
277 390.489 357.789 390.705 552 -107.964
278 391.927 359.075 391.201 554 -105.779
279 393.364 360.361 391.697 556 -104.41
280 394.802 361.646 392.193 558 -103.403
281 396.239 362.932 392.689 560 -102.636
282 397.676 364.217 393.185 562 -102.039
283 399.113 365.502 393.682 564 -101.982
284 400.55 366.788 394.178 566 -102.16
285 401.987 368.073 394.674 568 -102.825
286 403.423 369.358 395.17 570 -103.519
287 404.86 370.643 395.666 572 -104.585
288 406.296 371.927 396.162 574 -105.856
289 407.732 373.212 396.658 576 -108.079
290 409.168 374.497 397.154 578 -110.388
291 410.604 375.781 397.65 580 -113.65
292 412.04 377.065 398.145 582 -114.378
293 413.475 378.35 398.641 584 -112.067
294 414.911 379.634 399.137 586 -109.521
295 416.346 380.918 399.633 588 -107.373
296 417.78 382.201 400.129 590 -105.91
297 419.215 383.485 400.624 592 -104.767
298 420.649 384.768 401.12 594 -104.055
299 422.083 386.052 401.615 596 -103.744
300 423.517 387.335 402.111 598 -103.557
301 424.951 388.618 402.607 600 -103.724
302 426.384 389.9 403.102 602 -104.122
303 427.817 391.183 403.597 604 -105.011
304 429.25 392.465 404.093 606 -106.009
305 430.683 393.747 404.588 608 -107.615
306 432.115 395.029 405.083 610 -109.307
307 433.547 396.311 405.579 612 -112.044
308 434.978 397.592 406.074 614 -114.751
309 436.41 398.874 406.569 616 -117.114
310 437.841 400.155 407.064 618 -115.16
311 439.283 401.446 407.563 620 -112.629
312 440.726 402.738 408.062 622 -110.148
313 442.168 404.029 408.562 624 -108.583
314 443.609 405.32 409.061 626 -107.256
315 445.051 406.611 409.56 628 -106.56
316 446.492 407.901 410.058 630 -105.98
317 447.932 409.191 410.557 632 -105.723
318 449.372 410.481 411.056 634 -105.711
319 450.812 411.771 411.555 636 -105.927
320 452.252 413.06 412.053 638 -106.572
321 453.691 414.349 412.552 640 -107.382
322 455.129 415.638 413.05 642 -108.557
323 456.567 416.926 413.549 644 -110.014
324 458.005 418.214 414.047 646 -112.14
325 459.442 419.502 414.545 648 -115.157
326 460.879 420.79 415.044 650 -117.791
327 462.315 422.077 415.542 652 -119.69
328 463.751 423.364 416.04 654 -118.013
329 465.187 424.65 416.538 656 -115.346
330 466.621 425.936 417.036 658 -112.766
331 468.056 427.222 417.533 660 -110.806
332 469.49 428.508 418.031 662 -109.764
333 470.923 429.793 418.529 664 -108.949
334 472.356 431.078 419.026 666 -108.735
335 473.788 432.362 419.524 668 -108.543
336 475.22 433.646 420.021 670 -108.469
337 476.651 434.93 420.518 672 -108.708
338 478.082 436.213 421.015 674 -108.795
339 479.512 437.496 421.513 676 -109.425
340 480.942 438.778 422.01 678 -110.493
341 482.383 440.071 422.511 680 -111.923
342 483.824 441.364 423.012 682 -113.68
343 485.263 442.656 423.512 684 -114.944
344 486.703 443.947 424.013 686 -117.274
345 488.141 445.239 424.514 688 -120.451
346 489.579 446.529 425.014 690 -122.803
347 491.017 447.82 425.515 692 -122.616
348 492.454 449.11 426.015 694 -119.862
349 493.89 450.399 426.515 696 -117.705
350 495.325 451.688 427.015 698 -115.699
351 496.76 452.977 427.515 700 -114.359
352 498.194 454.265 428.015 702 -113.694
353 499.628 455.552 428.515 704 -112.971
354 501.061 456.839 429.015 706 -112.26
355 502.493 458.126 429.514 708 -112.158
356 503.924 459.412 430.014 710 -112.481
357 505.355 460.698 430.513 712 -112.811
358 506.785 461.983 431.012 714 -112.891
359 508.214 463.267 431.511 716 -113.159
360 509.643 464.552 432.01 718 -114.117
361 511.071 465.835 432.509 720 -115.413
362 512.51 467.129 433.012 722 -116.454
363 513.948 468.422 433.514 724 -117.599
364 515.385 469.715 434.017 726 -118.923
365 516.822 471.007 434.519 728 -121.599
366 518.258 472.299 435.022 730 -124.352
367 519.693 473.59 435.524 732 -128.369
368 521.127 474.88 436.026 734 -127.799
369 522.561 476.17 436.528 736 -127.678
370 523.993 477.459 437.029 738 -124.893
371 525.425 478.748 437.531 740 -123.834
372 526.856 480.036 438.033 742 -122.325
373 528.286 481.324 438.534 744 -121.084
374 529.715 482.611 439.035 746 -120.206
375 531.144 483.897 439.536 748 -119.378
376 532.571 485.183 440.037 750 -119.098
377 533.998 486.468 440.538 752 -119.181
378 535.435 487.763 441.042 754 -118.992
379 536.872 489.058 441.547 756 -119.052
380 538.308 490.352 442.051 758 -119.355
381 539.742 491.645 442.556 760 -119.632
382 541.176 492.937 443.06 762 -120.009
383 542.609 494.229 443.564 764 -120.426
384 544.041 495.52 444.067 766 -120.987
385 545.472 496.811 444.571 768 -122.27
386 546.902 498.101 445.074 770 -123.829
387 548.331 499.39 445.578 772 -124.958
388 549.759 500.679 446.081 774 -125.424
389 551.186 501.966 446.584 776 -126.465
390 552.612 503.253 447.086 778 -128.117
391 554.037 504.54 447.589 780 -130.643
392 555.473 505.836 448.095 782 -134.219
393 556.907 507.131 448.602 784 -138.116
394 558.341 508.426 449.108 786 -141.674
395 559.773 509.72 449.614 788 -146.134
396 561.205 511.013 450.12 790 -163.738
397 562.635 512.306 450.625 792 -145.761
398 564.064 513.598 451.131 794 -138.154
399 565.493 514.889 451.636 796 -137.15
400 566.92 516.179 452.141 798 -137.905
401 568.346 517.468 452.646 800 -134.283
402 569.77 518.757 453.151 802 -133.958
403 571.194 520.045 453.655 804 -135.624
404 572.628 521.342 454.164 806 -133.459
405 574.061 522.639 454.672 808 -136.471
406 575.493 523.935 455.18 810 -134.526
407 576.924 525.23 455.688 812 -138.28
408 578.353 526.524 456.195 814 -136.499
409 579.781 527.817 456.702 816 -139.607
410 581.208 529.11 457.21 818 -140.28
411 582.634 530.402 457.717 820 -142.297
412 584.059 531.692 458.223 822 -144.566
413 585.482 532.982 458.73 824 -148.706
414 586.904 534.271 459.236 826 -151.53
415 588.336 535.57 459.746 828 -163.36
416 589.767 536.868 460.256 830 -168.403
417 591.197 538.164 460.766 832 -151.191
418 592.625 539.46 461.276 834 -142.759
419 594.052 540.755 461.785 836 -143.195
420 595.478 542.049 462.294 838 -141.407
421 596.902 543.342 462.803 840 -143.292
422 598.326 544.634 463.312 842 -142.697
423 599.747 545.926 463.82 844 -141.558
424 601.168 547.216 464.328 846 -142.603
425 602.598 548.515 464.84 848 -139.573
426 604.027 549.814 465.352 850 -140.759
427 605.455 551.112 465.864 852 -146.937
428 606.881 552.408 466.375 854 -142.573
429 608.305 553.704 466.886 856 -138.374
430 609.729 554.999 467.397 858 -136.563
431 611.151 556.292 467.907 860 -144.025
432 612.571 557.585 468.418 862 -138.505
433 613.99 558.877 468.928 864 -136.791
434 615.419 560.177 469.442 866 -144.319
435 616.846 561.477 469.955 868 -139.616
436 618.272 562.776 470.469 870 -137.834
437 619.696 564.074 470.982 872 -150.912
438 621.118 565.37 471.494 874 -137.552
439 622.54 566.666 472.007 876 -146.784
440 623.959 567.96 472.519 878 -139.362
441 625.377 569.254 473.031 880 -142.222
442 626.794 570.546 473.543 882 -145.087
443 628.22 571.847 474.059 884 -142.14
444 629.644 573.147 474.574 886 -150.311
445 631.067 574.446 475.089 888 -146.71
446 632.488 575.744 475.604 890 -145.069
447 633.907 577.041 476.118 892 -149.126
448 635.325 578.336 476.632 894 -143.392
449 636.741 579.631 477.146 896 -151.813
450 638.167 580.934 477.664 898 -145.279
451 639.591 582.236 478.181 900 -148.171
452 641.013 583.537 478.698 902 -145.574
453 642.433 584.837 479.215 904 -146.689
454 643.852 586.136 479.731 906 -150.023
455 645.269 587.433 480.247 908 -145.271
456 646.684 588.729 480.763 910 -147.722
457 648.097 590.024 481.278 912 -147.663
458 649.52 591.328 481.798 914 -143.575
459 650.941 592.63 482.317 916 -152.109
460 652.36 593.931 482.835 918 -149.352
461 653.777 595.231 483.353 920 -146.287
462 655.192 596.529 483.871 922 -141.931
463 656.605 597.827 484.389 924 -145.143
464 658.017 599.123 484.906 926 -151.64
465 659.437 600.427 485.427 928 -147.514
466 660.856 601.73 485.948 930 -142.721
467 662.273 603.032 486.468 932 -140.657
468 663.687 604.333 486.988 934 -140.195
469 665.1 605.632 487.508 936 -139.808
470 666.511 606.93 488.027 938 -140.724
471 667.931 608.236 488.55 940 -142.612
472 669.348 609.541 489.073 942 -140.084
473 670.764 610.845 489.595 944 -140.438
474 672.177 612.147 490.117 946 -140.45
475 673.589 613.447 490.639 948 -140.975
476 674.998 614.747 491.16 950 -138.929
477 676.417 616.054 491.685 952 -137.388
478 677.833 617.36 492.209 954 -137.999
479 679.246 618.665 492.733 956 -136.859
480 680.658 619.968 493.257 958 -135.161
481 682.068 621.27 493.78 960 -133.188
482 683.475 622.57 494.303 962 -131.815
483 684.891 623.879 494.83 964 -131.223
484 686.305 625.185 495.356 966 -129.944
485 687.716 626.491 495.882 968 -129.391
486 689.125 627.795 496.408 970 -128.432
487 690.533 629.097 496.933 972 -127.946
488 691.948 630.407 497.461 974 -127.789
489 693.361 631.716 497.989 976 -126.346
490 694.771 633.023 498.517 978 -124.989
491 696.18 634.329 499.045 980 -124.152
492 697.586 635.633 499.572 982 -123.675
493 698.99 636.935 500.098 984 -123.048
494 700.401 638.245 500.629 986 -121.987
495 701.811 639.554 501.158 988 -121.356
496 703.218 640.861 501.688 990 -121.035
497 704.622 642.166 502.217 992 -120.439
498 706.024 643.47 502.745 994 -119.19
499 707.434 644.781 503.277 996 -118.513
500 708.842 646.091 503.809 998 -118.526
501 710.247 647.399 504.34 1000 -117.633
502 711.649 648.705 504.87 1002 -117.13
503 713.049 650.009 505.401 1004 -116.957
504 714.457 651.322 505.934 1006 -116.209
505 715.862 652.632 506.468 1008 -115.813
506 717.264 653.94 507 1010 -115.376
507 718.664 655.247 507.533 1012 -114.649
508 720.071 656.561 508.069 1014 -114.493
509 721.476 657.874 508.604 1016 -113.969
510 722.878 659.185 509.139 1018 -113.51
511 724.277 660.493 509.673 1020 -113.554
512 725.674 661.8 510.207 1022 -112.87
513 727.078 663.114 510.744 1024 -112.991
514 728.479 664.427 511.281 1026 -112.54
515 729.877 665.737 511.818 1028 -112.41
516 731.273 667.046 512.354 1030 -112.208
517 732.675 668.361 512.893 1032 -112.051
518 734.075 669.675 513.432 1034 -111.939
519 735.472 670.987 513.97 1036 -111.837
520 736.866 672.297 514.508 1038 -111.727
521 738.267 673.614 515.049 1040 -111.646
522 739.665 674.929 515.589 1042 -111.749
523 741.06 676.242 516.129 1044 -111.629
524 742.452 677.552 516.669 1046 -111.816
525 743.851 678.87 517.212 1048 -111.791
526 745.247 680.186 517.754 1050 -112.071
527 746.64 681.5 518.296 1052 -112.164
528 748.039 682.82 518.841 1054 -112.402
529 749.436 684.139 519.386 1056 -112.812
530 750.829 685.455 519.93 1058 -112.986
531 752.219 686.769 520.473 1060 -113.575
532 753.615 688.09 521.02 1062 -113.888
533 755.008 689.409 521.566 1064 -114.619
534 756.398 690.725 522.112 1066 -115.057
535 757.785 692.039 522.657 1068 -116.027
536 759.178 693.36 523.205 1070 -116.535
537 760.568 694.679 523.753 1072 -117.964
538 761.954 695.995 524.3 1074 -118.676
539 763.346 697.318 524.85 1076 -120.622
540 764.735 698.638 525.4 1078 -121.538
541 766.121 699.956 525.949 1080 -122.477
542 767.512 701.281 526.501 1082 -122.049
543 768.9 702.603 527.053 1084 -120.143
544 770.285 703.923 527.604 1086 -119.216
545 771.675 705.249 528.158 1088 -117.094
546 773.061 706.572 528.711 1090 -116.513
547 774.444 707.893 529.264 1092 -114.907
548 775.833 709.221 529.82 1094 -113.991
549 777.218 710.545 530.376 1096 -112.803
550 778.599 711.867 530.931 1098 -111.701
551 779.986 713.196 531.488 1100 -110.825
552 781.368 714.521 532.046 1102 -110.024
553 782.747 715.844 532.602 1104 -109.578
554 784.132 717.173 533.162 1106 -108.992
555 785.512 718.5 533.72 1108 -108.433
556 786.889 719.823 534.279 1110 -107.966
557 788.27 721.153 534.84 1112 -107.333
558 789.648 722.479 535.4 1114 -107.136
559 791.021 723.803 535.96 1116 -106.934
560 792.4 725.133 536.523 1118 -106.614
561 793.774 726.46 537.085 1120 -106.514
562 795.153 727.792 537.65 1122 -106.179
563 796.528 729.122 538.215 1124 -106.135
564 797.899 730.448 538.778 1126 -106.167
565 799.274 731.781 539.345 1128 -106.233
566 800.645 733.11 539.911 1130 -106.265
567 802.02 734.445 540.479 1132 -106.209
568 803.391 735.776 541.047 1134 -106.52
569 804.758 737.105 541.614 1136 -106.851
570 806.129 738.439 542.184 1138 -107.047
571 807.495 739.769 542.754 1140 -107.402
572 808.866 741.105 543.326 1142 -107.947
573 810.232 742.438 543.897 1144 -108.661
574 811.601 743.776 544.471 1146 -109.084
575 812.967 745.111 545.045 1148 -109.727
576 814.327 746.442 545.617 1150 -110.886
577 815.691 747.778 546.192 1152 -111.694
578 817.051 749.111 546.767 1154 -112.778
579 818.413 750.449 547.344 1156 -114.371
580 819.772 751.784 547.921 1158 -116.081
581 821.133 753.123 548.5 1160 -116.635
582 822.489 754.458 549.078 1162 -117.952
583 823.849 755.799 549.659 1164 -117.414
584 825.204 757.135 550.239 1166 -115.871
585 826.562 758.477 550.822 1168 -114.944
586 827.914 759.814 551.403 1170 -113.016
587 829.27 761.156 551.988 1172 -111.579
588 830.62 762.495 552.571 1174 -110.45
589 831.973 763.837 553.158 1176 -109.137
590 833.328 765.184 553.746 1178 -107.997
591 834.678 766.527 554.334 1180 -107.487
592 836.031 767.874 554.924 1182 -106.383
593 837.377 769.218 555.514 1184 -106.105
594 838.727 770.565 556.106 1186 -105.483
595 840.07 771.908 556.697 1188 -105.022
596 841.416 773.255 557.29 1190 -104.583
597 842.763 774.606 557.886 1192 -104.21
598 844.105 775.952 558.481 1194 -103.729
599 845.448 777.302 559.078 1196 -103.822
600 846.785 778.648 559.674 1198 -103.411
601 848.124 779.998 560.273 1200 -103.592
602 849.465 781.351 560.874 1202 -103.24
603 850.799 782.699 561.474 1204 -103.412
604 852.134 784.051 562.077 1206 -103.517
605 853.471 785.406 562.681 1208 -103.611
606 854.801 786.756 563.285 1210 -103.764
607 856.132 788.11 563.891 1212 -103.985
608 857.464 789.466 564.499 1214 -104.466
609 858.796 790.826 565.109 1216 -104.637
610 860.122 792.18 565.718 1218 -105.229
611 861.448 793.537 566.33 1220 -105.766
612 862.775 794.897 566.943 1222 -106.392
613 864.102 796.259 567.559 1224 -107.116
614 865.421 797.617 568.174 1226 -108.077
615 866.741 798.976 568.79 1228 -109.104
616 868.06 800.338 569.409 1230 -109.968
617 869.379 801.702 570.03 1232 -111.999
618 870.698 803.068 570.653 1234 -112.357
619 872.016 804.436 571.278 1236 -114.598
620 873.326 805.799 571.902 1238 -114.916
621 874.635 807.163 572.527 1240 -114.85
622 875.943 808.529 573.155 1242 -113.931
623 877.251 809.897 573.784 1244 -112.645
624 878.557 811.266 574.416 1246 -111.201
625 879.861 812.636 575.049 1248 -109.463
626 881.164 814.008 575.684 1250 -108.876
627 882.465 815.38 576.321 1252 -107.171
628 883.764 816.754 576.96 1254 -106.602
629 885.06 818.129 577.6 1256 -105.577
630 886.355 819.504 578.243 1258 -105.016
631 887.647 820.88 578.886 1260 -104.138
632 888.936 822.256 579.532 1262 -103.802
633 890.223 823.633 580.179 1264 -103.294
634 891.506 825.01 580.828 1266 -102.728
635 892.793 826.394 581.482 1268 -102.564
636 894.076 827.778 582.137 1270 -102.174
637 895.356 829.162 582.794 1272 -102.026
638 896.631 830.546 583.452 1274 -101.74
639 897.903 831.929 584.112 1276 -101.652
640 899.176 833.318 584.776 1278 -101.662
641 900.445 834.706 585.442 1280 -101.552
642 901.71 836.094 586.109 1282 -101.598
643 902.975 837.486 586.78 1284 -101.628
644 904.235 838.878 587.453 1286 -101.852
645 905.496 840.275 588.129 1288 -102.038
646 906.751 841.67 588.808 1290 -102.185
647 908.005 843.069 589.49 1292 -102.592
648 909.254 844.467 590.173 1294 -102.88
649 910.501 845.869 590.861 1296 -103.221
650 911.742 847.268 591.549 1298 -103.916
651 912.981 848.671 592.242 1300 -104.387
652 914.218 850.077 592.938 1302 -105.012
653 915.448 851.481 593.635 1304 -105.733
654 916.675 852.887 594.336 1306 -106.469
655 917.899 854.296 595.041 1308 -107.389
656 919.12 855.708 595.75 1310 -108.576
657 920.337 857.121 596.462 1312 -109.632
658 921.549 858.536 597.177 1314 -110.509
659 922.757 859.953 597.897 1316 -111.916
660 923.96 861.371 598.619 1318 -112.926
661 925.157 862.79 599.345 1320 -113.038
662 926.353 864.215 600.077 1322 -112.624
663 927.543 865.64 600.812 1324 -111.756
664 928.725 867.065 601.55 1326 -110.8
665 929.904 868.495 602.294 1328 -109.655
666 931.076 869.924 603.041 1330 -108.403
667 932.243 871.357 603.794 1332 -107.429
668 933.405 872.794 604.552 1334 -106.558
669 934.562 874.234 605.316 1336 -105.585
670 935.712 875.677 606.084 1338 -104.635
671 936.855 877.122 606.859 1340 -103.942
672 937.991 878.569 607.638 1342 -103.469
673 939.118 880.017 608.422 1344 -102.994
674 940.239 881.47 609.214 1346 -102.397
675 941.35 882.923 610.01 1348 -101.862
676 942.454 884.381 610.814 1350 -101.577
677 943.549 885.842 611.624 1352 -101.291
678 944.635 887.306 612.442 1354 -100.923
679 945.71 888.773 613.266 1356 -100.785
680 946.774 890.24 614.097 1358 -100.578
681 947.827 891.713 614.937 1360 -100.295
682 948.87 893.189 615.785 1362 -100.263
683 949.9 894.669 616.642 1364 -100.019
684 950.916 896.151 617.508 1366 -100.103
685 951.92 897.638 618.384 1368 -99.9447
686 952.908 899.129 619.27 1370 -100.087
687 953.881 900.623 620.166 1372 -100.061
688 954.837 902.122 621.075 1374 -100.101
689 955.776 903.625 621.995 1376 -100.32
690 956.696 905.135 622.929 1378 -100.336
691 957.595 906.648 623.877 1380 -100.289
692 958.47 908.164 624.838 1382 -100.307
693 959.321 909.684 625.813 1384 -100.418
694 960.145 911.21 626.806 1386 -100.562
695 960.937 912.741 627.819 1388 -100.715
696 961.684 914.275 628.862 1390 -100.974
697 962.379 915.81 629.933 1392 -101.305
698 963.02 917.346 631.037 1394 -101.502
699 963.6 918.882 632.174 1396 -101.4
700 964.115 920.417 633.347 1398 -101.726
701 964.557 921.947 634.557 1400 -102.318
702 964.919 923.467 635.802 1402 -102.253
703 965.192 924.974 637.084 1404 -102.674
704 965.371 926.464 638.403 1406 -102.929
705 965.447 927.931 639.757 1408 -103.291
706 965.411 929.367 641.145 1410 -103.807
707 965.258 930.765 642.562 1412 -104.172
708 964.981 932.12 644.006 1414 -105.005
709 964.578 933.418 645.468 1416 -105.7
710 964.047 934.657 646.944 1418 -106.762
711 963.388 935.827 648.424 1420 -107.779
712 962.607 936.922 649.902 1422 -108.681
713 961.71 937.938 651.369 1424 -109.976
714 960.705 938.874 652.819 1426 -111.186
715 959.6 939.729 654.248 1428 -112.318
716 958.405 940.505 655.65 1430 -113.205
717 957.131 941.203 657.022 1432 -114.018
718 955.787 941.827 658.363 1434 -114.651
719 954.38 942.382 659.671 1436 -115.162
720 952.92 942.87 660.945 1438 -115.549
721 951.415 943.296 662.184 1440 -115.794
722 949.868 943.665 663.393 1442 -115.996
723 948.285 943.981 664.569 1444 -116.279
724 946.67 944.248 665.717 1446 -116.52
725 945.027 944.469 666.835 1448 -116.622
726 943.361 944.647 667.925 1450 -116.729
727 941.675 944.786 668.989 1452 -117.027
728 939.971 944.888 670.026 1454 -117.354
729 938.251 944.956 671.04 1456 -117.704
730 936.518 944.992 672.03 1458 -118.422
731 934.771 944.999 672.999 1460 -119.123
732 933.014 944.977 673.946 1462 -119.63
733 931.245 944.93 674.875 1464 -120.853
734 929.466 944.858 675.786 1466 -122.065
735 927.681 944.764 676.677 1468 -123.109
736 925.886 944.647 677.553 1470 -125.08
737 924.09 944.511 678.41 1472 -125.627
738 922.284 944.355 679.253 1474 -126.021
739 920.475 944.181 680.081 1476 -124.554
740 918.659 943.989 680.895 1478 -123.657
741 916.84 943.782 681.695 1480 -121.732
742 915.017 943.559 682.482 1482 -120.972
743 913.193 943.321 683.255 1484 -119.532
744 911.363 943.069 684.017 1486 -118.64
745 909.53 942.804 684.768 1488 -117.608
746 907.693 942.525 685.508 1490 -116.794
747 905.855 942.235 686.237 1492 -115.987
748 904.015 941.933 686.955 1494 -115.38
749 902.177 941.621 687.663 1496 -114.878
750 900.333 941.297 688.361 1498 -114.507
751 898.487 940.962 689.051 1500 -114.293
752 896.643 940.619 689.73 1502 -113.917
753 894.798 940.266 690.401 1504 -113.636
754 892.951 939.904 691.063 1506 -113.49
755 891.104 939.534 691.716 1508 -113.547
756 889.252 939.154 692.364 1510 -113.689
757 887.4 938.766 693.002 1512 -113.605
758 885.551 938.371 693.633 1514 -113.631
759 883.697 937.967 694.257 1516 -113.816
760 881.84 937.556 694.875 1518 -114.379
761 879.987 937.139 695.485 1520 -114.602
762 878.131 936.714 696.089 1522 -115.006
763 876.274 936.283 696.687 1524 -115.174
764 874.415 935.844 697.278 1526 -116.147
765 872.556 935.4 697.864 1528 -116.803
766 870.696 934.949 698.443 1530 -117.624
767 868.836 934.492 699.016 1532 -118.21
768 866.977 934.03 699.584 1534 -119.219
769 865.118 933.563 700.145 1536 -120.75
770 863.261 933.091 700.701 1538 -121.854
771 861.406 932.614 701.251 1540 -123.217
772 859.546 932.13 701.796 1542 -124.109
773 857.688 931.643 702.336 1544 -125.429
774 855.826 931.149 702.872 1546 -125.971
775 853.967 930.652 703.403 1548 -124.987
776 852.105 930.149 703.929 1550 -124.14
777 850.247 929.642 704.45 1552 -122.601
778 848.385 929.131 704.967 1554 -121.609
779 846.528 928.616 705.478 1556 -120.652
780 844.669 928.097 705.985 1558 -119.433
781 842.807 927.572 706.489 1560 -118.535
782 840.951 927.046 706.987 1562 -117.576
783 839.092 926.515 707.481 1564 -117.178
784 837.233 925.98 707.972 1566 -116.573
785 835.372 925.44 708.458 1568 -116.049
786 833.51 924.897 708.942 1570 -115.659
787 831.648 924.35 709.421 1572 -115.263
788 829.792 923.801 709.895 1574 -115.091
789 827.936 923.249 710.365 1576 -114.815
790 826.079 922.694 710.832 1578 -114.677
791 824.223 922.135 711.295 1580 -114.547
792 822.367 921.573 711.755 1582 -114.407
793 820.512 921.008 712.211 1584 -114.418
794 818.657 920.441 712.663 1586 -114.348
795 816.795 919.868 713.114 1588 -114.437
796 814.934 919.292 713.561 1590 -114.54
797 813.074 918.713 714.004 1592 -114.672
798 811.216 918.133 714.444 1594 -114.938
799 809.358 917.549 714.88 1596 -115.181
800 807.503 916.964 715.313 1598 -115.493
801 805.641 916.374 715.744 1600 -115.877
802 803.782 915.781 716.172 1602 -116.236
803 801.924 915.187 716.596 1604 -116.702
804 800.069 914.591 717.017 1606 -117.276
805 798.208 913.991 717.436 1608 -117.682
806 796.35 913.388 717.851 1610 -118.446
807 794.495 912.785 718.263 1612 -119.028
808 792.642 912.179 718.672 1614 -119.711
809 790.784 911.57 719.079 1616 -120.689
810 788.929 910.959 719.482 1618 -121.436
811 787.07 910.344 719.884 1620 -122.431
812 785.214 909.729 720.283 1622 -123.69
813 783.361 909.112 720.677 1624 -124.635
814 781.504 908.491 721.071 1626 -125.683
815 779.65 907.869 721.461 1628 -127.104
816 777.792 907.244 721.849 1630 -127.307
817 775.939 906.618 722.233 1632 -127.496
818 774.081 905.988 722.617 1634 -127.423
819 772.227 905.358 722.996 1636 -126.561
820 770.369 904.725 723.374 1638 -125.363
821 768.516 904.091 723.749 1640 -124.811
822 766.659 903.453 724.122 1642 -123.695
823 764.807 902.816 724.492 1644 -122.741
824 762.951 902.175 724.86 1646 -122.113
825 761.1 901.534 725.224 1648 -121.423
826 759.246 900.889 725.587 1650 -120.558
827 757.397 900.245 725.947 1652 -120.256
828 755.544 899.598 726.305 1654 -119.632
829 753.689 898.948 726.661 1656 -119.1
830 751.839 898.298 727.014 1658 -118.832
831 749.986 897.645 727.365 1660 -118.45
832 748.13 896.99 727.715 1662 -118.036
833 746.28 896.334 728.061 1664 -117.868
834 744.427 895.676 728.405 1666 -117.74
835 742.571 895.016 728.748 1668 -117.329
836 740.722 894.356 729.088 1670 -117.342
837 738.87 893.693 729.426 1672 -117.189
838 737.015 893.028 729.762 1674 -117.019
839 735.167 892.363 730.095 1676 -117.007
840 733.317 891.697 730.426 1678 -117.072
841 731.464 891.027 730.755 1680 -116.884
842 729.61 890.356 731.083 1682 -117.019
843 727.762 889.685 731.408 1684 -117.09
844 725.912 889.012 731.73 1686 -117.07
845 724.06 888.337 732.052 1688 -117.163
846 722.207 887.66 732.371 1690 -117.377
847 720.36 886.984 732.687 1692 -117.415
848 718.512 886.306 733.001 1694 -117.514
849 716.662 885.625 733.314 1696 -117.846
850 714.811 884.943 733.625 1698 -117.923
851 712.958 884.259 733.934 1700 -118.104
852 711.113 883.576 734.24 1702 -118.39
853 709.266 882.892 734.544 1704 -118.671
854 707.419 882.205 734.846 1706 -118.859
855 705.57 881.517 735.147 1708 -119.215
856 703.72 880.827 735.446 1710 -119.495
857 701.869 880.135 735.743 1712 -119.82
858 700.017 879.442 736.038 1714 -120.169
859 698.173 878.75 736.33 1716 -120.549
860 696.328 878.057 736.621 1718 -120.946
861 694.482 877.362 736.909 1720 -121.358
862 692.636 876.665 737.196 1722 -121.801
863 690.789 875.968 737.481 1724 -122.276
864 688.942 875.268 737.764 1726 -122.762
865 687.094 874.568 738.045 1728 -123.28
866 685.246 873.865 738.325 1730 -123.843
867 683.397 873.162 738.602 1732 -124.403
868 681.549 872.457 738.878 1734 -124.993
869 679.7 871.751 739.152 1736 -125.644
870 677.851 871.044 739.424 1738 -126.278
871 676.002 870.336 739.694 1740 -126.919
872 674.153 869.626 739.963 1742 -127.633
873 672.304 868.915 740.229 1744 -128.397
874 670.455 868.204 740.494 1746 -129.216
875 668.606 867.491 740.757 1748 -129.553
876 666.758 866.777 741.017 1750 -130.104
877 664.91 866.062 741.276 1752 -130.52
878 663.063 865.346 741.533 1754 -130.833
879 661.216 864.63 741.788 1756 -130.988
880 659.369 863.912 742.041 1758 -130.952
881 657.523 863.194 742.293 1760 -130.801
882 655.678 862.475 742.542 1762 -130.526
883 653.834 861.755 742.789 1764 -130.137
884 651.99 861.034 743.035 1766 -129.711
885 650.148 860.313 743.278 1768 -129.255
886 648.306 859.591 743.519 1770 -128.765
887 646.465 858.868 743.759 1772 -128.287
888 644.626 858.145 743.996 1774 -127.828
889 642.779 857.417 744.233 1776 -127.369
890 640.933 856.69 744.468 1778 -126.932
891 639.088 855.961 744.7 1780 -126.527
892 637.245 855.233 744.931 1782 -126.136
893 635.403 854.504 745.159 1784 -125.761
894 633.563 853.774 745.386 1786 -125.417
895 631.725 853.044 745.61 1788 -125.094
896 629.879 852.311 745.834 1790 -124.785
897 628.035 851.577 746.055 1792 -124.498
898 626.193 850.843 746.274 1794 -124.236
899 624.353 850.108 746.491 1796 -123.989
900 622.515 849.374 746.706 1798 -123.757
901 620.67 848.636 746.92 1800 -123.548
902 618.827 847.898 747.132 1802 -123.358
903 616.986 847.16 747.342 1804 -123.179
904 615.148 846.422 747.549 1806 -123.017
905 613.303 845.68 747.755 1808 -122.871
906 611.461 844.938 747.96 1810 -122.736
907 609.622 844.197 748.161 1812 -122.609
908 607.784 843.456 748.361 1814 -122.493
909 605.941 842.711 748.56 1816 -122.384
910 604.101 841.967 748.756 1818 -122.276
911 602.264 841.223 748.95 1820 -122.166
912 600.42 840.475 749.142 1822 -122.059
913 598.58 839.728 749.332 1824 -121.952
914 596.743 838.982 749.52 1826 -121.841
915 594.901 838.232 749.707 1828 -121.729
916 593.061 837.483 749.891 1830 -121.639
917 591.225 836.735 750.073 1832 -121.504
918 589.384 835.983 750.253 1834 -121.43
919 587.547 835.232 750.431 1836 -121.348
920 585.704 834.478 750.608 1838 -121.282
921 583.866 833.725 750.782 1840 -121.234
922 582.022 832.969 750.954 1842 -121.196
923 580.183 832.214 751.124 1844 -121.167
924 578.347 831.46 751.291 1846 -121.142
925 576.508 830.703 751.457 1848 -121.117
926 574.672 829.947 751.62 1850 -121.085
927 572.832 829.188 751.782 1852 -121.036
928 570.997 828.431 751.941 1854 -120.974
929 569.157 827.671 752.098 1856 -120.902
930 567.322 826.912 752.252 1858 -120.83
931 565.484 826.151 752.405 1860 -120.765
932 563.642 825.388 752.555 1862 -120.713
933 561.805 824.626 752.703 1864 -120.682
934 559.965 823.861 752.849 1866 -120.672
935 558.13 823.098 752.993 1868 -120.679
936 556.292 822.334 753.134 1870 -120.688
937 554.451 821.567 753.273 1872 -120.685
938 552.616 820.801 753.409 1874 -120.66
939 550.778 820.034 753.544 1876 -120.613
940 548.938 819.265 753.676 1878 -120.549
941 547.103 818.498 753.805 1880 -120.481
942 545.266 817.729 753.931 1882 -120.428
943 543.428 816.959 754.056 1884 -120.404
944 541.588 816.187 754.178 1886 -120.409
945 539.754 815.416 754.297 1888 -120.436
946 537.918 814.645 754.414 1890 -120.461
947 536.082 813.872 754.528 1892 -120.463
948 534.244 813.098 754.639 1894 -120.45
949 532.405 812.323 754.748 1896 -120.359
950 530.566 811.547 754.855 1898 -120.3
951 528.726 810.77 754.958 1900 -120.254
952 526.893 809.995 755.059 1902 -120.248
953 525.061 809.22 755.156 1904 -120.281
954 523.228 808.443 755.251 1906 -120.329
955 521.395 807.666 755.343 1908 -120.356
956 519.563 806.889 755.432 1910 -120.336
957 517.731 806.111 755.518 1912 -120.275
958 515.892 805.329 755.602 1914 -120.211
959 514.055 804.547 755.682 1916 -120.181
960 512.219 803.765 755.759 1918 -120.207
961 510.384 802.983 755.833 1920 -120.272
962 508.551 802.201 755.903 1922 -120.334
963 506.72 801.419 755.971 1924 -120.346
964 504.884 800.634 756.035 1926 -120.302
965 503.051 799.849 756.095 1928 -120.242
966 501.22 799.065 756.152 1930 -120.223
967 499.385 798.278 756.206 1932 -120.274
968 497.553 797.492 756.256 1934 -120.373
969 495.718 796.704 756.303 1936 -120.453
970 493.886 795.916 756.345 1938 -120.465
971 492.052 795.127 756.384 1940 -120.421
972 490.222 794.339 756.419 1942 -120.389
973 488.39 793.549 756.45 1944 -120.437
974 486.556 792.758 756.477 1946 -120.561
975 484.721 791.965 756.5 1948 -120.692
976 482.892 791.174 756.518 1950 -120.75
977 481.062 790.383 756.533 1952 -120.731
978 479.232 789.59 756.542 1954 -120.721
979 477.402 788.797 756.548 1956 -120.806
980 475.573 788.003 756.548 1958 -120.984
981 473.738 787.207 756.544 1960 -121.159
982 471.906 786.41 756.535 1962 -121.238
983 470.075 785.614 756.52 1964 -121.243
984 468.247 784.818 756.501 1966 -121.294
985 466.417 784.02 756.476 1968 -121.475
986 464.59 783.223 756.446 1970 -121.736
987 462.761 782.424 756.41 1972 -121.933
988 460.932 781.624 756.368 1974 -122.007
989 459.102 780.824 756.319 1976 -122.07
990 457.272 780.022 756.265 1978 -122.269
991 455.443 779.221 756.204 1980 -122.607
992 453.617 778.419 756.137 1982 -122.924
993 451.787 777.616 756.062 1984 -123.092
994 449.961 776.813 755.98 1986 -123.205
995 448.134 776.009 755.89 1988 -123.463
996 446.307 775.204 755.793 1990 -123.91
997 444.481 774.399 755.687 1992 -124.353
998 442.657 773.593 755.573 1994 -124.619
999 440.836 772.789 755.451 1996 -124.811
1000 439.015 771.983 755.319 1998 -125.192
1001 437.194 771.177 755.177 2000 -125.81
1002 435.375 770.371 755.024 2002 -126.406
1003 433.555 769.563 754.861 2004 -126.762
1004 431.735 768.755 754.687 2006 -127.065
1005 429.918 767.947 754.5 2008 -127.633
1006 428.1 767.138 754.3 2010 -128.456
1007 426.284 766.328 754.087 2012 -129.165
1008 424.472 765.52 753.86 2014 -129.529
1009 422.663 764.712 753.618 2016 -129.764
1010 420.854 763.903 753.358 2018 -130.684
1011 419.049 763.094 753.082 2020 -131.098
1012 417.247 762.286 752.786 2022 -131.628
1013 415.448 761.479 752.469 2024 -131.915
1014 413.653 760.671 752.13 2026 -131.466
1015 411.862 759.865 751.767 2028 -131.63
1016 410.075 759.059 751.376 2030 -132.15
1017 408.296 758.255 750.956 2032 -131.795
1018 406.524 757.454 750.503 2034 -131.421
1019 404.76 756.654 750.012 2036 -131.649
1020 403.005 755.857 749.478 2038 -131.755
1021 401.266 755.066 748.897 2040 -132.278
1022 399.542 754.279 748.26 2042 -133.542
1023 397.841 753.502 747.558 2044 -135.475
1024 396.169 752.735 746.778 2046 -139.673
1025 394.536 751.983 745.904 2048 -153.064
1026 392.96 751.254 744.915 2050 -135.402
1027 391.466 750.56 743.783 2052 -126.951
1028 390.102 749.916 742.473 2054 -123.447
1029 388.926 749.311 740.975 2056 -120.437
1030 387.969 748.752 739.312 2058 -119.254
1031 387.242 748.248 737.521 2060 -119.918
1032 386.738 747.801 735.64 2062 -126.096
1033 386.44 747.412 733.703 2064 -122.187
1034 386.321 747.076 731.737 2066 -111.272
1035 386.357 746.788 729.759 2068 -107.341
1036 386.525 746.542 727.783 2070 -105.998
1037 386.804 746.334 725.815 2072 -105.541
1038 387.177 746.157 723.861 2074 -105.429
1039 387.633 746.009 721.92 2076 -105.397
1040 388.158 745.886 719.994 2078 -105.438
1041 388.744 745.784 718.087 2080 -105.463
1042 389.383 745.702 716.195 2082 -105.488
1043 390.068 745.638 714.319 2084 -105.534
1044 390.796 745.589 712.457 2086 -105.616
1045 391.56 745.554 710.611 2088 -105.759
1046 392.358 745.531 708.777 2090 -105.956
1047 393.185 745.521 706.96 2092 -106.161
1048 394.039 745.521 705.155 2094 -106.308
1049 394.917 745.53 703.362 2096 -106.315
1050 395.819 745.549 701.58 2098 -106.236
1051 396.742 745.575 699.806 2100 -106.206
1052 397.684 745.61 698.045 2102 -106.356
1053 398.644 745.651 696.292 2104 -106.555
1054 399.619 745.699 694.551 2106 -106.629
1055 400.609 745.754 692.819 2108 -106.622
1056 401.615 745.814 691.094 2110 -106.667
1057 402.635 745.88 689.376 2112 -106.945
1058 403.666 745.95 687.667 2114 -107.135
1059 404.71 746.026 685.964 2116 -107.065
1060 405.764 746.106 684.268 2118 -107.001
1061 406.829 746.191 682.58 2120 -107.339
1062 407.905 746.279 680.897 2122 -107.632
1063 408.99 746.372 679.22 2124 -107.514
1064 410.084 746.468 677.549 2126 -107.491
1065 411.185 746.568 675.885 2128 -107.918
1066 412.293 746.671 674.229 2130 -108.125
1067 413.409 746.777 672.578 2132 -107.909
1068 414.532 746.886 670.931 2134 -108.103
1069 415.662 746.998 669.29 2136 -108.516
1070 416.801 747.113 667.65 2138 -108.552
1071 417.945 747.231 666.017 2140 -108.614
1072 419.097 747.352 664.387 2142 -108.928
1073 420.252 747.474 662.764 2144 -108.923
1074 421.413 747.599 661.144 2146 -109.152
1075 422.58 747.727 659.528 2148 -109.595
1076 423.751 747.856 657.917 2150 -109.387
1077 424.927 747.988 656.31 2152 -109.621
1078 426.11 748.122 654.703 2154 -110.251
1079 427.296 748.257 653.102 2156 -109.957
1080 428.485 748.395 651.507 2158 -110.182
1081 429.68 748.534 649.913 2160 -110.832
1082 430.88 748.676 648.32 2162 -110.604
1083 432.082 748.818 646.735 2164 -111.079
1084 433.288 748.963 645.151 2166 -111.268
1085 434.498 749.109 643.57 2168 -111.24
1086 435.712 749.256 641.992 2170 -111.924
1087 436.929 749.405 640.416 2172 -111.742
1088 438.15 749.556 638.844 2174 -112.217
1089 439.373 749.708 637.275 2176 -112.531
1090 440.602 749.861 635.705 2178 -112.471
1091 441.833 750.016 634.139 2180 -113.239
1092 443.066 750.172 632.577 2182 -112.976
1093 444.301 750.329 631.019 2184 -113.687
1094 445.54 750.487 629.461 2186 -113.717
1095 446.781 750.647 627.907 2188 -114.012
1096 448.025 750.807 626.354 2190 -114.53
1097 449.271 750.969 624.805 2192 -114.394
1098 450.52 751.132 623.257 2194 -115.266
1099 451.773 751.296 621.709 2196 -114.896
1100 453.025 751.46 620.167 2198 -115.878
1101 454.281 751.626 618.625 2200 -115.483
1102 455.54 751.793 617.084 2202 -116.396
1103 456.802 751.961 615.544 2204 -116.104
1104 458.067 752.13 614.006 2206 -116.877
1105 459.335 752.3 612.468 2208 -116.669
1106 460.6 752.47 610.937 2210 -117.309
1107 461.868 752.641 609.408 2212 -117.144
1108 463.137 752.813 607.88 2214 -117.7
1109 464.409 752.985 606.354 2216 -117.49
1110 465.682 753.159 604.83 2218 -118.045
1111 466.96 753.333 603.302 2220 -117.691
1112 468.24 753.509 601.777 2222 -118.336
1113 469.521 753.684 600.254 2224 -117.756
1114 470.803 753.861 598.734 2226 -118.531
1115 472.086 754.038 597.216 2228 -117.727
1116 473.369 754.216 595.7 2230 -118.566
1117 474.658 754.394 594.182 2232 -117.64
1118 475.946 754.574 592.667 2234 -118.345
1119 477.235 754.753 591.155 2236 -117.592
1120 478.528 754.934 589.64 2238 -117.889
1121 479.821 755.115 588.129 2240 -117.613
1122 481.114 755.296 586.62 2242 -117.3
1123 482.411 755.478 585.11 2244 -117.602
1124 483.707 755.661 583.603 2246 -116.791
1125 485.003 755.844 582.1 2248 -117.328
1126 486.302 756.027 580.595 2250 -116.556
1127 487.601 756.211 579.093 2252 -116.692
1128 488.902 756.396 577.59 2254 -116.567
1129 490.203 756.58 576.091 2256 -116.009
1130 491.507 756.766 574.591 2258 -116.423
1131 492.814 756.952 573.089 2260 -115.715
1132 494.119 757.138 571.591 2262 -115.795
1133 495.428 757.325 570.092 2264 -115.786
1134 496.734 757.512 568.597 2266 -115.182
1135 498.043 757.7 567.102 2268 -115.524
1136 499.355 757.888 565.605 2270 -115.145
1137 500.665 758.076 564.113 2272 -114.836
1138 501.976 758.265 562.621 2274 -115.15
1139 503.291 758.454 561.127 2276 -114.655
1140 504.602 758.643 559.639 2278 -114.532
1141 505.916 758.833 558.149 2280 -114.779
1142 507.232 759.023 556.66 2282 -114.303
1143 508.549 759.213 555.17 2284 -114.222
1144 509.869 759.404 553.679 2286 -114.465
1145 511.185 759.595 552.194 2288 -114.072
1146 512.503 759.786 550.709 2290 -113.918
1147 513.822 759.977 549.224 2292 -114.189
1148 515.143 760.169 547.738 2294 -113.96
1149 516.465 760.361 546.253 2296 -113.672
1150 517.788 760.553 544.768 2298 -113.883
1151 519.112 760.746 543.283 2300 -113.934
1152 520.437 760.939 541.798 2302 -113.598
1153 521.763 761.132 540.314 2304 -113.559
1154 523.09 761.325 538.83 2306 -113.804
1155 524.413 761.518 537.352 2308 -113.735
1156 525.741 761.712 535.869 2310 -113.463
1157 527.069 761.906 534.387 2312 -113.493
1158 528.398 762.1 532.905 2314 -113.727
1159 529.727 762.294 531.425 2316 -113.718
1160 531.056 762.488 529.945 2318 -113.497
1161 532.386 762.682 528.466 2320 -113.451
1162 533.715 762.877 526.988 2322 -113.651
1163 535.045 763.071 525.511 2324 -113.811
1164 536.374 763.266 524.036 2326 -113.731
1165 537.702 763.46 522.562 2328 -113.583
1166 539.031 763.654 521.089 2330 -113.6
1167 540.364 763.849 519.612 2332 -113.791
1168 541.696 764.044 518.136 2334 -113.982
1169 543.027 764.239 516.662 2336 -114.024
1170 544.358 764.434 515.19 2338 -113.947
1171 545.692 764.629 513.714 2340 -113.896
1172 547.025 764.824 512.24 2342 -113.96
1173 548.358 765.019 510.768 2344 -114.135
1174 549.689 765.214 509.298 2346 -114.345
1175 551.023 765.409 507.824 2348 -114.508
1176 552.357 765.604 506.353 2350 -114.591
1177 553.693 765.8 504.878 2352 -114.618
1178 555.028 765.995 503.406 2354 -114.636
1179 556.361 766.19 501.936 2356 -114.678
1180 557.697 766.385 500.463 2358 -114.775
1181 559.031 766.58 498.993 2360 -114.929
1182 560.367 766.775 497.52 2362 -115.122
1183 561.702 766.97 496.05 2364 -115.324
1184 563.039 767.165 494.577 2366 -115.52
1185 564.373 767.359 493.107 2368 -115.72
1186 565.71 767.554 491.635 2370 -115.933
1187 567.044 767.748 490.167 2372 -116.154
1188 568.38 767.942 488.696 2374 -116.366
1189 569.717 768.137 487.223 2376 -116.555
1190 571.052 768.331 485.753 2378 -116.738
1191 572.388 768.525 484.282 2380 -116.944
1192 573.726 768.719 482.809 2382 -117.187
1193 575.06 768.912 481.34 2384 -117.454
1194 576.395 769.106 479.87 2386 -117.713
1195 577.732 769.299 478.398 2388 -117.975
1196 579.069 769.492 476.925 2390 -118.23
1197 580.407 769.685 475.451 2392 -118.397
1198 581.74 769.877 473.981 2394 -118.654
1199 583.075 770.07 472.511 2396 -118.946
1200 584.409 770.262 471.04 2398 -119.237
1201 585.743 770.453 469.568 2400 -119.505
1202 587.078 770.645 468.096 2402 -119.763
1203 588.412 770.836 466.624 2404 -120.059
1204 589.745 771.026 465.152 2406 -120.444
1205 591.078 771.217 463.68 2408 -120.936
1206 592.41 771.407 462.208 2410 -121.483
1207 593.745 771.597 460.731 2412 -121.987
1208 595.08 771.786 459.255 2414 -122.356
1209 596.413 771.975 457.78 2416 -122.591
1210 597.744 772.164 456.306 2418 -122.797
1211 599.078 772.352 454.828 2420 -123.117
1212 600.41 772.54 453.351 2422 -123.621
1213 601.739 772.727 451.875 2424 -124.224
1214 603.071 772.914 450.396 2426 -124.71
1215 604.4 773.1 448.919 2428 -124.965
1216 605.73 773.286 447.439 2430 -125.149
1217 607.057 773.471 445.961 2432 -125.461
1218 608.385 773.656 444.481 2434 -125.816
1219 609.713 773.84 442.999 2436 -125.898
1220 611.038 774.023 441.519 2438 -125.794
1221 612.362 774.205 440.038 2440 -125.962
1222 613.686 774.387 438.555 2442 -126.395
1223 615.01 774.568 437.071 2444 -126.534
1224 616.332 774.749 435.586 2446 -126.367
1225 617.654 774.928 434.101 2448 -126.424
1226 618.973 775.107 432.615 2450 -126.509
1227 620.295 775.286 431.125 2452 -126.181
1228 621.614 775.463 429.636 2454 -126.026
1229 622.93 775.639 428.146 2456 -126.227
1230 624.247 775.814 426.654 2458 -126.145
1231 625.561 775.988 425.162 2460 -126.238
1232 626.874 776.162 423.668 2462 -126.638
1233 628.186 776.334 422.172 2464 -126.667
1234 629.497 776.505 420.674 2466 -126.856
1235 630.807 776.675 419.174 2468 -127.299
1236 632.114 776.844 417.674 2470 -127.307
1237 633.419 777.011 416.173 2472 -127.615
1238 634.723 777.177 414.668 2474 -127.712
1239 636.024 777.342 413.163 2476 -128.647
1240 637.323 777.505 411.655 2478 -129.245
1241 638.62 777.666 410.145 2480 -130.008
1242 639.915 777.826 408.633 2482 -131.156
1243 641.206 777.984 407.12 2484 -132.222
1244 642.496 778.14 405.603 2486 -134.375
1245 643.784 778.295 404.082 2488 -136.618
1246 645.069 778.447 402.558 2490 -140.698
1247 646.35 778.597 401.033 2492 -143.373
1248 647.629 778.745 399.502 2494 -145.044
1249 648.902 778.891 397.972 2496 -142.051
1250 650.174 779.034 396.436 2498 -136.831
1251 651.439 779.174 394.897 2500 -134.786
1252 652.7 779.311 393.356 2502 -132.118
1253 653.958 779.445 391.808 2504 -130.984
1254 655.211 779.576 390.255 2506 -129.531
1255 656.457 779.703 388.7 2508 -127.843
1256 657.697 779.826 387.14 2510 -127.285
1257 658.93 779.946 385.574 2512 -126.25
1258 660.158 780.06 384.001 2514 -126.185
1259 661.376 780.17 382.423 2516 -125.613
1260 662.587 780.274 380.838 2518 -125.008
1261 663.789 780.372 379.244 2520 -124.923
1262 664.979 780.464 377.642 2522 -124.211
1263 666.159 780.548 376.031 2524 -124.576
1264 667.326 780.625 374.408 2526 -124.785
1265 668.478 780.692 372.775 2528 -124.976
1266 669.611 780.748 371.131 2530 -125.922
1267 670.725 780.793 369.471 2532 -125.311
1268 671.815 780.823 367.795 2534 -129.774
1269 672.875 780.837 366.102 2536 -128.999
1270 673.901 780.83 364.387 2538 -133.352
1271 674.882 780.799 362.646 2540 -132.861
1272 675.805 780.735 360.875 2542 -132.674
1273 676.65 780.63 359.068 2544 -128.693
1274 677.38 780.466 357.215 2546 -120.484
1275 677.929 780.213 355.311 2548 -109.469
1276 678.156 779.818 353.369 2550 -106.257
1277 677.762 779.191 351.531 2552 -107.711
1278 676.515 778.343 350.256 2554 -112.17
1279 674.814 777.461 349.717 2556 -116.064
1280 672.998 776.634 349.637 2558 -118.964
1281 671.165 775.859 349.819 2560 -118.738
1282 669.339 775.125 350.164 2562 -118.553
1283 667.525 774.421 350.62 2564 -117.647
1284 665.723 773.741 351.157 2566 -116.973
1285 663.934 773.081 351.755 2568 -116.516
1286 662.156 772.438 352.402 2570 -116.412
1287 660.388 771.808 353.089 2572 -116.459
1288 658.629 771.19 353.81 2574 -116.448
1289 656.879 770.583 354.558 2576 -116.727
1290 655.135 769.984 355.332 2578 -116.52
1291 653.398 769.393 356.126 2580 -116.371
1292 651.668 768.81 356.939 2582 -116.803
1293 649.944 768.233 357.768 2584 -117.227
1294 648.225 767.662 358.613 2586 -117.015
1295 646.512 767.097 359.47 2588 -117.393
1296 644.802 766.537 360.34 2590 -117.722
1297 643.096 765.981 361.222 2592 -117.815
1298 641.397 765.43 362.113 2594 -118.428
1299 639.7 764.882 363.014 2596 -118.467
1300 638.007 764.339 363.922 2598 -118.888
1301 636.319 763.799 364.839 2600 -119.019
1302 634.632 763.262 365.765 2602 -119.618
1303 632.948 762.729 366.696 2604 -119.772
1304 631.267 762.197 367.636 2606 -120.428
1305 629.588 761.669 368.581 2608 -120.456
1306 627.91 761.143 369.533 2610 -121.168
1307 626.238 760.62 370.489 2612 -121.44
1308 624.565 760.099 371.452 2614 -122.068
1309 622.896 759.581 372.418 2616 -122.433
1310 621.228 759.064 373.39 2618 -122.728
1311 619.563 758.55 374.366 2620 -123.643
1312 617.901 758.038 375.346 2622 -123.784
1313 616.239 757.527 376.331 2624 -124.419
1314 614.577 757.018 377.32 2626 -124.37
1315 612.922 756.511 378.311 2628 -125.006
1316 611.263 756.006 379.308 2630 -125.455
1317 609.608 755.502 380.307 2632 -125.319
1318 607.956 755 381.309 2634 -125.371
1319 606.304 754.5 382.314 2636 -125.067
1320 604.652 754 383.324 2638 -125.386
1321 603.006 753.503 384.334 2640 -124.895
1322 601.36 753.008 385.347 2642 -124.351
1323 599.712 752.512 386.365 2644 -124.083
1324 598.066 752.018 387.385 2646 -123.549
1325 596.423 751.526 388.407 2648 -122.973
1326 594.783 751.035 389.43 2650 -122.552
1327 593.142 750.545 390.457 2652 -121.96
1328 591.499 750.056 391.487 2654 -121.427
1329 589.862 749.569 392.517 2656 -121.195
1330 588.224 749.082 393.55 2658 -120.5
1331 586.586 748.597 394.586 2660 -120.121
1332 584.949 748.112 395.624 2662 -119.712
1333 583.313 747.628 396.664 2664 -119.247
1334 581.679 747.146 397.706 2666 -119.09
1335 580.045 746.664 398.749 2668 -118.405
1336 578.414 746.184 399.793 2670 -118.315
1337 576.785 745.705 400.838 2672 -117.839
1338 575.153 745.226 401.887 2674 -117.79
1339 573.524 744.748 402.937 2676 -117.22
1340 571.892 744.271 403.99 2678 -117.176
1341 570.264 743.794 405.043 2680 -116.709
1342 568.634 743.318 406.099 2682 -116.748
1343 567.007 742.844 407.155 2684 -116.302
1344 565.38 742.37 408.214 2686 -116.296
1345 563.756 741.897 409.272 2688 -116.03
1346 562.131 741.425 410.332 2690 -115.86
1347 560.506 740.954 411.394 2692 -115.894
1348 558.88 740.482 412.459 2694 -115.512
1349 557.259 740.013 413.522 2696 -115.623
1350 555.639 739.544 414.587 2698 -115.502
1351 554.018 739.076 415.653 2700 -115.261
1352 552.397 738.608 416.721 2702 -115.464
1353 550.777 738.141 417.79 2704 -115.332
1354 549.157 737.675 418.86 2706 -115.146
1355 547.538 737.209 419.932 2708 -115.391
1356 545.919 736.744 421.004 2710 -115.419
1357 544.302 736.28 422.077 2712 -115.205
1358 542.686 735.816 423.15 2714 -115.358
1359 541.071 735.354 424.224 2716 -115.67
1360 539.452 734.89 425.302 2718 -115.635
1361 537.835 734.428 426.381 2720 -115.524
1362 536.22 733.967 427.459 2722 -115.76
1363 534.606 733.507 428.538 2724 -116.176
1364 532.989 733.046 429.62 2726 -116.354
1365 531.375 732.586 430.701 2728 -116.295
1366 529.762 732.127 431.783 2730 -116.354
1367 528.146 731.668 432.867 2732 -116.705
1368 526.533 731.21 433.952 2734 -117.207
1369 524.923 730.753 435.035 2736 -117.584
1370 523.309 730.296 436.121 2738 -117.702
1371 521.699 729.84 437.207 2740 -117.674
1372 520.086 729.384 438.295 2742 -117.678
1373 518.476 728.929 439.382 2744 -117.808
1374 516.864 728.474 440.472 2746 -118.038
1375 515.255 728.02 441.561 2748 -118.266
1376 513.644 727.566 442.652 2750 -118.383
1377 512.037 727.114 443.741 2752 -118.304
1378 510.428 726.661 444.833 2754 -118.02
1379 508.817 726.208 445.927 2756 -117.566
1380 507.21 725.757 447.019 2758 -117.008
1381 505.601 725.306 448.113 2760 -116.389
1382 503.991 724.854 449.209 2762 -115.741
1383 502.385 724.404 450.303 2764 -115.094
1384 500.778 723.955 451.399 2766 -114.418
1385 499.169 723.505 452.496 2768 -113.817
1386 497.565 723.057 453.591 2770 -113.234
1387 495.96 722.609 454.688 2772 -112.576
1388 494.355 722.161 455.786 2774 -112.092
1389 492.748 721.714 456.885 2776 -111.489
1390 491.14 721.266 457.986 2778 -110.993
1391 489.532 720.819 459.088 2780 -110.477
1392 487.929 720.373 460.187 2782 -110.032
1393 486.326 719.928 461.287 2784 -109.454
1394 484.722 719.483 462.388 2786 -108.978
1395 483.118 719.039 463.49 2788 -108.429
1396 481.514 718.595 464.592 2790 -107.94
1397 479.91 718.151 465.696 2792 -107.301
1398 478.306 717.707 466.8 2794 -107.038
1399 476.701 717.264 467.904 2796 -106.786
1400 475.098 716.821 469.009 2798 -106.378
1401 473.494 716.379 470.115 2800 -106.218
1402 471.891 715.937 471.22 2802 -105.937
1403 470.288 715.496 472.326 2804 -105.492
1404 468.686 715.056 473.433 2806 -104.998
1405 467.084 714.616 474.539 2808 -104.882
1406 465.483 714.176 475.645 2810 -104.68
1407 463.884 713.737 476.752 2812 -104.458
1408 462.285 713.299 477.858 2814 -104.467
1409 460.681 712.86 478.968 2816 -103.955
1410 459.079 712.421 480.078 2818 -103.784
1411 457.477 711.984 481.187 2820 -103.749
1412 455.878 711.547 482.296 2822 -103.683
1413 454.279 711.11 483.404 2824 -103.438
1414 452.677 710.673 484.516 2826 -103.374
1415 451.076 710.237 485.627 2828 -103.106
1416 449.476 709.802 486.737 2830 -103.371
1417 447.873 709.366 487.85 2832 -103.188
1418 446.272 708.931 488.963 2834 -103.008
1419 444.673 708.497 490.074 2836 -103.109
1420 443.071 708.063 491.188 2838 -103.197
1421 441.47 707.629 492.302 2840 -103.051
1422 439.873 707.196 493.413 2842 -103.122
1423 438.271 706.763 494.528 2844 -103.176
1424 436.673 706.331 495.641 2846 -103.519
1425 435.071 705.899 496.756 2848 -103.234
1426 433.473 705.468 497.87 2850 -103.622
1427 431.871 705.037 498.986 2852 -103.777
1428 430.273 704.606 500.101 2854 -103.696
1429 428.672 704.176 501.217 2856 -104.106
1430 427.074 703.747 502.331 2858 -104.266
1431 425.474 703.317 503.447 2860 -104.526
1432 423.878 702.889 504.561 2862 -104.685
1433 422.28 702.461 505.677 2864 -105.309
1434 420.679 702.033 506.794 2866 -105.227
1435 419.083 701.606 507.909 2868 -105.945
1436 417.485 701.179 509.025 2870 -106.361
1437 415.886 700.753 510.143 2872 -106.491
1438 414.285 700.326 511.261 2874 -107.585
1439 412.689 699.901 512.377 2876 -107.481
1440 411.092 699.477 513.493 2878 -108.654
1441 409.494 699.052 514.61 2880 -109.147
1442 407.895 698.628 515.728 2882 -109.742
1443 406.296 698.204 516.847 2884 -110.757
1444 404.696 697.781 517.965 2886 -111.206
1445 403.097 697.358 519.084 2888 -111.904
1446 401.497 696.935 520.203 2890 -113.438
1447 399.898 696.513 521.323 2892 -112.907
1448 398.298 696.092 522.441 2894 -114.907
1449 396.7 695.671 523.56 2896 -113.492
1450 395.102 695.251 524.678 2898 -114.044
1451 393.505 694.831 525.796 2900 -113.431
1452 391.904 694.411 526.917 2902 -112.437
1453 390.304 693.992 528.037 2904 -112.003
1454 388.705 693.574 529.155 2906 -110.747
1455 387.103 693.156 530.276 2908 -110.462
1456 385.503 692.739 531.396 2910 -108.921
1457 383.905 692.322 532.515 2912 -108.816
1458 382.305 691.906 533.635 2914 -107.463
1459 380.707 691.491 534.753 2916 -107.234
1460 379.106 691.076 535.873 2918 -106.303
1461 377.504 690.66 536.994 2920 -106.041
1462 375.905 690.247 538.113 2922 -105.139
1463 374.305 689.834 539.232 2924 -105.053
1464 372.703 689.421 540.352 2926 -104.219
1465 371.101 689.008 541.473 2928 -104.081
1466 369.498 688.596 542.593 2930 -103.515
1467 367.895 688.185 543.714 2932 -103.263
1468 366.293 687.775 544.834 2934 -102.872
1469 364.69 687.365 545.953 2936 -102.682
1470 363.089 686.956 547.072 2938 -102.31
1471 361.484 686.547 548.192 2940 -102.152
1472 359.881 686.14 549.312 2942 -101.936
1473 358.28 685.733 550.429 2944 -101.805
1474 356.676 685.327 551.548 2946 -101.477
1475 355.071 684.922 552.667 2948 -101.553
1476 353.465 684.517 553.787 2950 -101.264
1477 351.858 684.112 554.906 2952 -101.269
1478 350.251 683.709 556.026 2954 -101.155
1479 348.644 683.306 557.144 2956 -101.081
1480 347.038 682.905 558.261 2958 -101.133
1481 345.433 682.505 559.377 2960 -100.897
1482 343.826 682.105 560.493 2962 -101.28
1483 342.218 681.706 561.61 2964 -100.957
1484 340.609 681.309 562.727 2966 -101.238
1485 338.999 680.912 563.842 2968 -101.267
1486 337.391 680.516 564.957 2970 -101.256
1487 335.779 680.122 566.072 2972 -101.622
1488 334.167 679.728 567.187 2974 -101.397
1489 332.553 679.335 568.301 2976 -101.971
1490 330.94 678.944 569.414 2978 -101.96
1491 329.328 678.554 570.525 2980 -102.078
1492 327.715 678.166 571.635 2982 -102.7
1493 326.099 677.779 572.746 2984 -102.574
1494 324.483 677.394 573.855 2986 -103.186
1495 322.867 677.01 574.963 2988 -103.413
1496 321.248 676.627 576.07 2990 -103.647
1497 319.628 676.247 577.177 2992 -104.483
1498 318.009 675.868 578.28 2994 -104.446
1499 316.385 675.491 579.384 2996 -105.188
1500 314.76 675.116 580.487 2998 -105.873
1501 313.133 674.744 581.588 3000 -106.064
1502 311.506 674.374 582.686 3002 -107.245
1503 309.877 674.007 583.782 3004 -107.46
1504 308.246 673.642 584.876 3006 -108.283
1505 306.611 673.281 585.968 3008 -109.773
1506 304.973 672.923 587.056 3010 -109.547
1507 303.334 672.569 588.142 3012 -110.937
1508 301.69 672.219 589.223 3014 -112.114
1509 300.042 671.874 590.301 3016 -112.03
1510 298.39 671.535 591.373 3018 -113.182
1511 296.732 671.202 592.44 3020 -112.665
1512 295.069 670.877 593.499 3022 -112.563
1513 293.398 670.561 594.55 3024 -112.063
1514 291.717 670.257 595.589 3026 -111.161
1515 290.024 669.969 596.613 3028 -110.631
1516 288.317 669.701 597.615 3030 -109.236
1517 286.584 669.466 598.585 3032 -108.926
1518 284.812 669.288 599.493 3034 -108.616
1519 282.954 669.273 600.216 3036 -123.584
1520 282.323 670.379 599.378 3038 -108.094
1521 283.192 671.621 598.079 3040 -107.459
1522 284.24 672.771 596.825 3042 -107.237
1523 285.361 673.877 595.595 3044 -107.306
1524 286.524 674.955 594.379 3046 -107.234
1525 287.717 676.015 593.173 3048 -107.485
1526 288.931 677.059 591.975 3050 -107.733
1527 290.16 678.09 590.785 3052 -108.242
1528 291.403 679.112 589.598 3054 -108.547
1529 292.656 680.124 588.416 3056 -108.567
1530 293.92 681.13 587.237 3058 -108.724
1531 295.191 682.129 586.062 3060 -109.397
1532 296.468 683.121 584.89 3062 -110.195
1533 297.751 684.108 583.72 3064 -110.282
1534 299.041 685.09 582.552 3066 -110.149
1535 300.335 686.068 581.386 3068 -110.82
1536 301.634 687.042 580.221 3070 -112.068
1537 302.938 688.011 579.057 3072 -112.427
1538 304.244 688.977 577.896 3074 -111.952
1539 305.556 689.94 576.735 3076 -112.301
1540 306.871 690.899 575.575 3078 -113.658
1541 308.188 691.855 574.417 3080 -114.002
1542 309.509 692.808 573.259 3082 -113.1
1543 310.832 693.757 572.104 3084 -113.23
1544 312.157 694.704 570.949 3086 -114.466
1545 313.486 695.648 569.794 3088 -114.272
1546 314.818 696.59 568.639 3090 -113.076
1547 316.15 697.529 567.486 3092 -113.235
1548 317.486 698.466 566.334 3094 -113.932
1549 318.823 699.4 565.182 3096 -113.032
1550 320.164 700.332 564.029 3098 -112.166
1551 321.504 701.261 562.879 3100 -112.535
1552 322.846 702.188 561.73 3102 -112.167
1553 324.192 703.114 560.579 3104 -110.857
1554 325.539 704.037 559.43 3106 -110.704
1555 326.888 704.958 558.28 3108 -110.901
1556 328.239 705.877 557.131 3110 -109.851
1557 329.592 706.795 555.982 3112 -109.264
1558 330.945 707.709 554.834 3114 -109.577
1559 332.301 708.623 553.686 3116 -108.961
1560 333.657 709.534 552.539 3118 -108.045
1561 335.015 710.443 551.391 3120 -108.098
1562 336.375 711.35 550.244 3122 -107.919
1563 337.737 712.256 549.097 3124 -107.235
1564 339.099 713.16 547.95 3126 -107.08
1565 340.462 714.061 546.805 3128 -107.001
1566 341.829 714.962 545.657 3130 -106.551
1567 343.195 715.86 544.512 3132 -106.183
1568 344.564 716.758 543.364 3134 -106.085
1569 345.932 717.652 542.22 3136 -105.979
1570 347.303 718.545 541.074 3138 -105.462
1571 348.675 719.437 539.928 3140 -105.29
1572 350.049 720.327 538.782 3142 -105.415
1573 351.425 721.216 537.636 3144 -104.795
1574 352.801 722.103 536.49 3146 -104.671
1575 354.178 722.988 535.344 3148 -104.921
1576 355.556 723.87 534.199 3150 -104.242
1577 356.933 724.751 533.055 3152 -104.258
1578 358.315 725.631 531.909 3154 -104.383
1579 359.696 726.509 530.764 3156 -103.754
1580 361.077 727.384 529.621 3158 -103.952
1581 362.461 728.259 528.476 3160 -103.869
1582 363.843 729.131 527.332 3162 -103.447
1583 365.229 730.002 526.188 3164 -103.614
1584 366.617 730.872 525.042 3166 -103.443
1585 368.004 731.739 523.898 3168 -103.261
1586 369.392 732.605 522.754 3170 -103.211
1587 370.783 733.47 521.609 3172 -103.236
1588 372.176 734.334 520.463 3174 -102.933
1589 373.566 735.194 519.32 3176 -103.102
1590 374.957 736.052 518.177 3178 -102.883
1591 376.35 736.909 517.033 3180 -102.787
1592 377.744 737.764 515.89 3182 -102.92
1593 379.139 738.618 514.746 3184 -102.633
1594 380.535 739.469 513.603 3186 -102.738
1595 381.931 740.319 512.459 3188 -102.701
1596 383.328 741.167 511.317 3190 -102.515
1597 384.73 742.015 510.171 3192 -102.714
1598 386.132 742.862 509.025 3194 -102.488
1599 387.534 743.706 507.881 3196 -102.568
1600 388.935 744.547 506.737 3198 -102.594
1601 390.337 745.386 505.594 3200 -102.428
1602 391.743 746.225 504.449 3202 -102.638
1603 393.148 747.062 503.304 3204 -102.421
1604 394.553 747.896 502.161 3206 -102.556
1605 395.962 748.729 501.016 3208 -102.508
1606 397.369 749.56 499.872 3210 -102.441
1607 398.78 750.39 498.726 3212 -102.588
1608 400.19 751.218 497.581 3214 -102.394
1609 401.604 752.045 496.435 3216 -102.617
1610 403.016 752.868 495.29 3218 -102.444
1611 404.431 753.692 494.144 3220 -102.612
1612 405.844 754.511 492.999 3222 -102.554
1613 407.261 755.33 491.853 3224 -102.598
1614 408.675 756.146 490.71 3226 -102.66
1615 410.092 756.96 489.565 3228 -102.584
1616 411.512 757.773 488.418 3230 -102.735
1617 412.93 758.583 487.274 3232 -102.597
1618 414.35 759.392 486.128 3234 -102.807
1619 415.772 760.199 484.982 3236 -102.659
1620 417.196 761.005 483.834 3238 -102.891
1621 418.618 761.807 482.69 3240 -102.741
1622 420.042 762.607 481.544 3242 -102.956
1623 421.467 763.406 480.398 3244 -102.801
1624 422.895 764.203 479.25 3246 -103.006
1625 424.324 764.999 478.103 3248 -102.872
1626 425.755 765.792 476.954 3250 -103.091
1627 427.187 766.584 475.805 3252 -102.97
1628 428.616 767.372 474.66 3254 -103.176
1629 430.046 768.157 473.514 3256 -103.04
1630 431.477 768.94 472.368 3258 -103.228
1631 432.909 769.721 471.221 3260 -103.119
1632 434.343 770.5 470.075 3262 -103.304
1633 435.777 771.276 468.929 3264 -103.229
1634 437.217 772.053 467.778 3266 -103.354
1635 438.658 772.827 466.628 3268 -103.344
1636 440.099 773.598 465.478 3270 -103.371
1637 441.541 774.367 464.329 3272 -103.461
1638 442.983 775.133 463.179 3274 -103.415
1639 444.426 775.896 462.031 3276 -103.571
1640 445.868 776.657 460.882 3278 -103.483
1641 447.316 777.417 459.731 3280 -103.608
1642 448.764 778.174 458.58 3282 -103.584
1643 450.212 778.927 457.43 3284 -103.619
1644 451.66 779.678 456.28 3286 -103.703
1645 453.112 780.427 455.128 3288 -103.645
1646 454.564 781.173 453.977 3290 -103.754
1647 456.015 781.916 452.827 3292 -103.742
1648 457.471 782.658 451.674 3294 -103.742
1649 458.926 783.395 450.523 3296 -103.835
1650 460.38 784.129 449.373 3298 -103.786
1651 461.838 784.862 448.22 3300 -103.83
1652 463.296 785.591 447.069 3302 -103.885
1653 464.757 786.318 445.916 3304 -103.838
1654 466.217 787.04 444.765 3306 -103.888
1655 467.68 787.761 443.611 3308 -103.927
1656 469.142 788.478 442.46 3310 -103.882
1657 470.608 789.192 441.306 3312 -103.917
1658 472.076 789.905 440.151 3314 -103.962
1659 473.543 790.612 438.998 3316 -103.92
1660 475.013 791.317 437.844 3318 -103.922
1661 476.485 792.019 436.688 3320 -103.987
1662 477.956 792.717 435.534 3322 -103.968
1663 479.429 793.411 434.38 3324 -103.917
1664 480.905 794.103 433.224 3326 -103.957
1665 482.383 794.791 432.067 3328 -103.993
1666 483.858 795.474 430.913 3330 -103.942
1667 485.335 796.154 429.759 3332 -103.908
1668 486.815 796.83 428.603 3334 -103.959
1669 488.296 797.502 427.448 3336 -103.99
1670 489.779 798.171 426.291 3338 -103.933
1671 491.263 798.836 425.135 3340 -103.883
1672 492.749 799.496 423.978 3342 -103.95
1673 494.236 800.152 422.822 3344 -103.989
1674 495.724 800.804 421.666 3346 -103.936
1675 497.218 801.453 420.506 3348 -103.865
1676 498.712 802.097 419.346 3350 -103.917
1677 500.207 802.736 418.188 3352 -103.913
1678 501.702 803.371 417.03 3354 -103.911
1679 503.203 804.001 415.869 3356 -103.91
1680 504.703 804.627 414.709 3358 -103.91
1681 506.203 805.246 413.55 3360 -103.911
1682 507.707 805.862 412.389 3362 -103.915
1683 509.211 806.471 411.23 3364 -103.915
1684 510.719 807.076 410.069 3366 -103.923
1685 512.23 807.676 408.906 3368 -103.934
1686 513.74 808.27 407.745 3370 -103.932
1687 515.254 808.858 406.583 3372 -103.965
1688 516.77 809.441 405.42 3374 -104.039
1689 518.289 810.017 404.256 3376 -103.978
1690 519.81 810.588 403.092 3378 -104.084
1691 521.334 811.153 401.927 3380 -104.046
1692 522.859 811.711 400.762 3382 -104.088
1693 524.386 812.262 399.598 3384 -104.199
1694 525.914 812.805 398.433 3386 -104.179
1695 527.443 813.341 397.27 3388 -104.216
1696 528.978 813.871 396.104 3390 -104.38
1697 530.512 814.392 394.939 3392 -104.398
1698 532.051 814.907 393.772 3394 -104.401
1699 533.59 815.412 392.607 3396 -104.513
1700 535.132 815.909 391.442 3398 -104.662
1701 536.678 816.398 390.275 3400 -104.77
1702 538.226 816.878 389.108 3402 -104.853
1703 539.777 817.348 387.941 3404 -104.949
1704 541.329 817.809 386.774 3406 -105.069
1705 542.887 818.26 385.606 3408 -105.207
1706 544.446 818.701 384.438 3410 -105.354
1707 546.009 819.131 383.269 3412 -105.509
1708 547.576 819.55 382.099 3414 -105.675
1709 549.142 819.957 380.932 3416 -105.852
1710 550.715 820.352 379.763 3418 -106.044
1711 552.29 820.734 378.594 3420 -106.329
1712 553.866 821.102 377.427 3422 -106.585
1713 555.447 821.457 376.258 3424 -106.742
1714 557.031 821.798 375.09 3426 -107.038
1715 558.618 822.122 373.922 3428 -107.365
1716 560.211 822.432 372.753 3430 -107.702
1717 561.804 822.724 371.587 3432 -107.995
1718 563.402 822.998 370.42 3434 -108.218
1719 565.005 823.253 369.253 3436 -108.415
1720 566.61 823.489 368.087 3438 -108.716
1721 568.219 823.704 366.923 3440 -109.192
1722 569.833 823.896 365.759 3442 -109.601
1723 571.448 824.064 364.597 3444 -109.882
1724 573.069 824.208 363.436 3446 -110.296
1725 574.692 824.324 362.278 3448 -110.442
1726 576.32 824.411 361.121 3450 -110.869
1727 577.951 824.468 359.967 3452 -111.143
1728 579.584 824.491 358.817 3454 -111.123
1729 581.219 824.478 357.672 3456 -111.3
1730 582.857 824.427 356.531 3458 -111.729
1731 584.497 824.334 355.395 3460 -111.973
1732 586.139 824.195 354.265 3462 -111.656
1733 587.782 824.006 353.143 3464 -111.061
1734 589.426 823.762 352.029 3466 -111.591
1735 591.064 823.46 350.928 3468 -111.128
1736 592.699 823.092 349.841 3470 -111.216
1737 594.326 822.653 348.77 3472 -110.474
1738 595.945 822.134 347.718 3474 -110.715
1739 597.548 821.528 346.691 3476 -110.137
1740 599.131 820.828 345.693 3478 -109.233
1741 600.688 820.022 344.731 3480 -108.647
1742 602.207 819.104 343.813 3482 -108.128
1743 603.678 818.066 342.948 3484 -107.186
1744 605.088 816.902 342.146 3486 -105.96
1745 606.424 815.607 341.416 3488 -105.113
1746 607.67 814.185 340.77 3490 -104.051
1747 608.81 812.64 340.218 3492 -103.395
1748 609.835 810.984 339.764 3494 -102.694
1749 610.733 809.234 339.414 3496 -102.526
1750 611.503 807.407 339.166 3498 -102.606
1751 612.148 805.522 339.014 3500 -102.752
1752 612.702 803.602 338.937 3502 -103.057
1753 613.184 801.663 338.919 3504 -103.46
1754 613.604 799.711 338.951 3506 -104.204
1755 613.969 797.749 339.026 3508 -105.197
1756 614.287 795.779 339.139 3510 -106.585
1757 614.563 793.804 339.285 3512 -107.885
1758 614.8 791.827 339.46 3514 -109.824
1759 615.004 789.849 339.662 3516 -112.194
1760 615.178 787.871 339.886 3518 -115.096
1761 615.324 785.895 340.132 3520 -118.498
1762 615.444 783.919 340.397 3522 -120.824
1763 615.542 781.943 340.679 3524 -119.602
1764 615.618 779.968 340.978 3526 -117.711
1765 615.674 777.994 341.291 3528 -115.472
1766 615.712 776.024 341.617 3530 -114.312
1767 615.733 774.057 341.956 3532 -113.765
1768 615.738 772.092 342.307 3534 -113.145
1769 615.728 770.126 342.669 3536 -113.103
1770 615.704 768.162 343.041 3538 -113.265
1771 615.667 766.203 343.422 3540 -113.523
1772 615.618 764.245 343.813 3542 -114.402
1773 615.557 762.291 344.211 3544 -114.739
1774 615.485 760.337 344.618 3546 -116.366
1775 615.402 758.385 345.033 3548 -117.164
1776 615.309 756.437 345.454 3550 -118.912
1777 615.207 754.489 345.883 3552 -120.507
1778 615.096 752.541 346.318 3554 -122.721
1779 614.975 750.596 346.76 3556 -125.772
1780 614.847 748.655 347.207 3558 -126.7
1781 614.71 746.712 347.66 3560 -132.398
1782 614.566 744.775 348.118 3562 -131.247
1783 614.415 742.84 348.581 3564 -133.179
1784 614.256 740.906 349.049 3566 -136.804
1785 614.091 738.976 349.521 3568 -130.812
1786 613.919 737.043 349.999 3570 -133.54
1787 613.741 735.115 350.481 3572 -133.398
1788 613.556 733.187 350.968 3574 -131.476
1789 613.366 731.259 351.459 3576 -138.014
1790 613.17 729.331 351.954 3578 -137.255
1791 612.968 727.405 352.453 3580 -136.741
1792 612.76 725.481 352.955 3582 -145.281
1793 612.548 723.56 353.461 3584 -140.089
1794 612.331 721.642 353.97 3586 -147.382
1795 612.109 719.728 354.481 3588 -138.574
1796 611.882 717.811 354.997 3590 -132.412
1797 611.651 715.9 355.515 3592 -131.835
1798 611.415 713.988 356.037 3594 -132.789
1799 611.174 712.075 356.562 3596 -133.152
1800 610.929 710.162 357.09 3598 -129.595
1801 610.68 708.255 357.62 3600 -128.693
1802 610.427 706.349 358.153 3602 -128.384
1803 610.171 704.445 358.688 3604 -130.084
1804 609.91 702.541 359.226 3606 -131.235
1805 609.646 700.64 359.767 3608 -132.04
1806 609.378 698.74 360.309 3610 -131.845
1807 609.105 696.836 360.856 3612 -129.974
1808 608.83 694.935 361.404 3614 -128.444
1809 608.551 693.037 361.955 3616 -131.053
1810 608.269 691.143 362.507 3618 -130.511
1811 607.983 689.245 363.062 3620 -131.241
1812 607.694 687.351 363.619 3622 -131.109
1813 607.402 685.455 364.178 3624 -137.012
1814 607.107 683.563 364.739 3626 -132.669
1815 606.808 681.668 365.303 3628 -132.981
1816 606.507 679.779 365.868 3630 -133.822
1817 606.203 677.888 366.435 3632 -134.094
1818 605.896 676.003 367.003 3634 -134.558
1819 605.586 674.116 367.574 3636 -132.501
1820 605.273 672.229 368.147 3638 -132.205
1821 604.957 670.34 368.722 3640 -134.174
1822 604.639 668.458 369.298 3642 -135.228
1823 604.318 666.575 369.875 3644 -132.121
1824 603.994 664.692 370.455 3646 -135.319
1825 603.668 662.809 371.037 3648 -132.194
1826 603.338 660.926 371.621 3650 -135.549
1827 603.007 659.043 372.206 3652 -134.058
1828 602.673 657.168 372.791 3654 -134.121
1829 602.338 655.294 373.378 3656 -136.479
1830 602 653.42 373.966 3658 -137.796
1831 601.659 651.547 374.556 3660 -140.126
1832 601.316 649.675 375.147 3662 -141.604
1833 600.971 647.804 375.739 3664 -143.397
1834 600.623 645.928 376.335 3666 -147.417
1835 600.272 644.052 376.932 3668 -149.343
1836 599.919 642.179 377.531 3670 -150.409
1837 599.565 640.307 378.13 3672 -141.02
1838 599.208 638.437 378.731 3674 -145.92
1839 598.849 636.569 379.332 3676 -138.518
1840 598.488 634.703 379.935 3678 -139.038
1841 598.125 632.833 380.54 3680 -136.95
1842 597.759 630.964 381.147 3682 -135.282
1843 597.392 629.098 381.754 3684 -138.901
1844 597.023 627.235 382.362 3686 -135.867
1845 596.652 625.374 382.97 3688 -133.089
1846 596.279 623.509 383.581 3690 -131.444
1847 595.904 621.647 384.193 3692 -130.824
1848 595.527 619.788 384.805 3694 -131.878
1849 595.147 617.924 385.42 3696 -132.654
1850 594.766 616.064 386.035 3698 -131.471
1851 594.384 614.208 386.651 3700 -128.668
1852 593.999 612.347 387.269 3702 -128.931
1853 593.613 610.49 387.888 3704 -131.946
1854 593.225 608.637 388.506 3706 -129.386
1855 592.835 606.78 389.127 3708 -131.866
1856 592.443 604.927 389.748 3710 -130.825
1857 592.049 603.07 390.372 3712 -132.606
1858 591.654 601.217 390.996 3714 -132.551
1859 591.256 599.361 391.622 3716 -130.779
1860 590.857 597.509 392.248 3718 -128.839
1861 590.456 595.654 392.876 3720 -129.393
1862 590.053 593.803 393.504 3722 -129.467
1863 589.648 591.949 394.134 3724 -127.285
1864 589.243 590.1 394.764 3726 -126.861
1865 588.834 588.248 395.396 3728 -124.112
1866 588.425 586.401 396.028 3730 -123.695
1867 588.014 584.55 396.662 3732 -121.326
1868 587.602 582.705 397.296 3734 -121.607
1869 587.187 580.857 397.931 3736 -119.092
1870 586.772 579.014 398.566 3738 -118.328
1871 586.355 577.169 399.203 3740 -117.688
1872 585.935 575.321 399.842 3742 -115.869
1873 585.514 573.478 400.481 3744 -115.937
1874 585.092 571.633 401.121 3746 -114.588
1875 584.669 569.794 401.761 3748 -113.796
1876 584.243 567.952 402.402 3750 -113.39
1877 583.816 566.108 403.045 3752 -112.49
1878 583.388 564.27 403.688 3754 -111.492
1879 582.958 562.43 404.332 3756 -111.369
1880 582.526 560.588 404.978 3758 -110.897
1881 582.093 558.752 405.623 3760 -110.271
1882 581.658 556.914 406.27 3762 -109.636
1883 581.222 555.074 406.918 3764 -109.235
1884 580.785 553.24 407.566 3766 -109.086
1885 580.346 551.404 408.215 3768 -108.881
1886 579.905 549.567 408.866 3770 -108.86
1887 579.463 547.737 409.515 3772 -108.559
1888 579.02 545.904 410.166 3774 -108.429
1889 578.575 544.071 410.819 3776 -108.323
1890 578.128 542.236 411.473 3778 -108.286
1891 577.681 540.407 412.126 3780 -108.361
1892 577.232 538.577 412.781 3782 -108.388
1893 576.781 536.746 413.436 3784 -108.736
1894 576.328 534.914 414.094 3786 -108.928
1895 575.875 533.088 414.75 3788 -109.268
1896 575.421 531.262 415.407 3790 -109.839
1897 574.964 529.434 416.065 3792 -110.095
1898 574.506 527.606 416.725 3794 -110.833
1899 574.046 525.777 417.387 3796 -111.751
1900 573.586 523.954 418.046 3798 -112.754
1901 573.124 522.131 418.707 3800 -114.135
1902 572.66 520.308 419.37 3802 -115.314
1903 572.195 518.483 420.033 3804 -116.943
1904 571.728 516.658 420.698 3806 -118.25
1905 571.26 514.832 421.364 3808 -118.725
1906 570.791 513.014 422.028 3810 -117.766
1907 570.321 511.195 422.693 3812 -116.444
1908 569.849 509.376 423.36 3814 -114.646
1909 569.376 507.556 424.027 3816 -112.659
1910 568.901 505.736 424.696 3818 -111.073
1911 568.424 503.916 425.365 3820 -109.457
1912 567.946 502.096 426.036 3822 -108.583
1913 567.466 500.275 426.708 3824 -107.58
1914 566.985 498.454 427.381 3826 -106.637
1915 566.504 496.641 428.051 3828 -105.921
1916 566.021 494.828 428.723 3830 -105.32
1917 565.537 493.016 429.396 3832 -104.667
1918 565.052 491.203 430.069 3834 -104.411
1919 564.564 489.39 430.744 3836 -103.886
1920 564.076 487.578 431.419 3838 -103.719
1921 563.586 485.765 432.095 3840 -103.523
1922 563.094 483.953 432.772 3842 -103.226
1923 562.601 482.142 433.45 3844 -103.457
1924 562.106 480.33 434.129 3846 -103.4
1925 561.61 478.519 434.809 3848 -103.455
1926 561.113 476.709 435.489 3850 -103.724
1927 560.614 474.899 436.17 3852 -104.104
1928 560.114 473.089 436.851 3854 -104.507
1929 559.612 471.281 437.534 3856 -104.949
1930 559.109 469.473 438.217 3858 -105.903
1931 558.604 467.665 438.901 3860 -106.692
1932 558.099 465.859 439.585 3862 -107.704
1933 557.591 464.053 440.27 3864 -108.902
1934 557.083 462.248 440.956 3866 -110.102
1935 556.573 460.444 441.642 3868 -112.062
1936 556.062 458.641 442.329 3870 -113.526
1937 555.549 456.839 443.016 3872 -114.82
1938 555.036 455.038 443.704 3874 -115.115
1939 554.521 453.238 444.392 3876 -113.209
1940 554.004 451.439 445.081 3878 -111.619
1941 553.487 449.642 445.77 3880 -109.528
1942 552.968 447.846 446.46 3882 -107.93
1943 552.448 446.051 447.15 3884 -106.791
1944 551.927 444.257 447.841 3886 -105.266
1945 551.402 442.457 448.535 3888 -104.61
1946 550.876 440.659 449.229 3890 -103.672
1947 550.349 438.862 449.924 3892 -103.044
1948 549.82 437.066 450.619 3894 -102.475
1949 549.291 435.273 451.315 3896 -101.872
1950 548.76 433.481 452.01 3898 -101.59
1951 548.228 431.69 452.706 3900 -101.126
1952 547.695 429.902 453.402 3902 -101.103
1953 547.159 428.107 454.102 3904 -100.875
1954 546.622 426.314 454.802 3906 -100.961
1955 546.083 424.524 455.502 3908 -100.931
1956 545.543 422.735 456.202 3910 -101.083
1957 545.002 420.948 456.902 3912 -101.301
1958 544.461 419.164 457.602 3914 -101.662
1959 543.915 417.373 458.306 3916 -102.144
1960 543.369 415.585 459.01 3918 -102.558
1961 542.822 413.8 459.713 3920 -103.388
1962 542.273 412.016 460.417 3922 -104.023
1963 541.724 410.235 461.121 3924 -105.204
1964 541.171 408.449 461.828 3926 -106.283
1965 540.617 406.665 462.535 3928 -107.795
1966 540.063 404.884 463.242 3930 -109.396
1967 539.507 403.106 463.949 3932 -111.182
1968 538.948 401.322 464.658 3934 -112.793
1969 538.388 399.541 465.368 3936 -113.195
1970 537.827 397.763 466.078 3938 -112.183
1971 537.265 395.988 466.787 3940 -110.331
1972 536.699 394.208 467.5 3942 -108.533
1973 536.133 392.431 468.212 3944 -106.737
1974 535.566 390.657 468.924 3946 -105.472
1975 534.996 388.878 469.639 3948 -104.178
1976 534.425 387.103 470.354 3950 -103.356
1977 533.853 385.331 471.068 3952 -102.383
1978 533.28 383.563 471.782 3954 -101.709
1979 532.703 381.79 472.499 3956 -101.082
1980 532.126 380.02 473.215 3958 -100.556
1981 531.546 378.246 473.935 3960 -100.271
1982 530.965 376.476 474.653 3962 -99.8517
1983 530.383 374.71 475.372 3964 -99.6463
1984 529.798 372.94 476.093 3966 -99.6378
1985 529.212 371.174 476.814 3968 -99.4548
1986 528.625 369.411 477.534 3970 -99.4545
1987 528.035 367.645 478.256 3972 -99.6461
1988 527.444 365.883 478.979 3974 -99.8211
1989 526.85 364.117 479.703 3976 -100.016
1990 526.256 362.356 480.427 3978 -100.285
1991 525.658 360.592 481.154 3980 -100.848
1992 525.059 358.831 481.88 3982 -101.331
1993 524.46 357.075 482.605 3984 -101.92
1994 523.858 355.317 483.333 3986 -102.494
1995 523.255 353.562 484.06 3988 -103.383
1996 522.649 351.805 484.789 3990 -104.557
1997 522.042 350.053 485.517 3992 -105.849
1998 521.432 348.298 486.248 3994 -107.407
1999 520.822 346.548 486.978 3996 -108.771
2000 520.208 344.796 487.71 3998 -110.008
2001 519.591 343.041 488.444 4000 -111.163
2002 518.974 341.292 489.178 4002 -111.38
2003 518.354 339.541 489.913 4004 -110.253
2004 517.733 337.794 490.648 4006 -108.641
2005 517.109 336.047 491.384 4008 -107.189
2006 516.482 334.297 492.123 4010 -105.874
2007 515.854 332.553 492.86 4012 -104.585
2008 515.224 330.808 493.599 4014 -103.411
2009 514.593 329.068 494.337 4016 -102.495
2010 513.959 327.327 495.078 4018 -101.748
2011 513.322 325.585 495.819 4020 -101.059
2012 512.682 323.843 496.563 4022 -100.5
2013 512.041 322.106 497.305 4024 -100.064
2014 511.398 320.369 498.049 4026 -99.6792
2015 510.752 318.631 498.795 4028 -99.3491
2016 510.105 316.9 499.539 4030 -99.0975
2017 509.456 315.168 500.285 4032 -98.8379
2018 508.803 313.437 501.033 4034 -98.6949
2019 508.148 311.705 501.782 4036 -98.6252
2020 507.49 309.973 502.532 4038 -98.6151
2021 506.829 308.242 503.284 4040 -98.7211
2022 506.167 306.518 504.034 4042 -98.828
2023 505.503 304.795 504.785 4044 -99.0684
2024 504.836 303.072 505.538 4046 -99.2338
2025 504.166 301.351 506.292 4048 -99.57
2026 503.494 299.63 507.047 4050 -99.8924
2027 502.819 297.911 507.803 4052 -100.435
2028 502.141 296.193 508.56 4054 -100.925
2029 501.46 294.477 509.318 4056 -101.601
2030 500.776 292.762 510.077 4058 -102.351
2031 500.09 291.05 510.837 4060 -103.226
2032 499.402 289.339 511.598 4062 -104.152
2033 498.71 287.631 512.359 4064 -105.078
2034 498.016 285.926 513.121 4066 -106.589
2035 497.317 284.216 513.887 4068 -107.867
2036 496.615 282.51 514.653 4070 -108.909
2037 495.911 280.807 515.42 4072 -110.475
2038 495.204 279.108 516.187 4074 -110.601
2039 494.492 277.405 516.958 4076 -109.96
2040 493.777 275.707 517.729 4078 -109.303
2041 493.06 274.012 518.5 4080 -107.877
2042 492.338 272.316 519.273 4082 -106.558
2043 491.614 270.624 520.048 4084 -105.183
2044 490.887 268.937 520.822 4086 -104.211
2045 490.155 267.249 521.598 4088 -103.289
2046 489.421 265.566 522.375 4090 -102.383
2047 488.682 263.883 523.154 4092 -101.64
2048 487.938 262.2 523.936 4094 -101.025
2049 487.192 260.523 524.717 4096 -100.469
2050 486.442 258.846 525.5 4098 -99.9276
2051 485.686 257.171 526.286 4100 -99.4519
2052 484.928 255.502 527.071 4102 -99.1494
2053 484.166 253.835 527.857 4104 -98.888
2054 483.399 252.17 528.646 4106 -98.6775
2055 482.627 250.507 529.436 4108 -98.4346
2056 481.851 248.848 530.228 4110 -98.218
2057 481.07 247.191 531.021 4112 -98.1218
2058 480.285 245.538 531.815 4114 -98.0339
2059 479.496 243.889 532.611 4116 -98.0432
2060 478.699 242.239 533.41 4118 -98.1162
2061 477.898 240.594 534.21 4120 -98.1506
2062 477.093 238.954 535.011 4122 -98.269
2063 476.281 237.316 535.815 4124 -98.4882
2064 475.465 235.683 536.619 4126 -98.7039
2065 474.642 234.053 537.426 4128 -98.9013
2066 473.813 232.425 538.236 4130 -99.2076
2067 472.977 230.8 539.048 4132 -99.6162
2068 472.138 229.184 539.86 4134 -100.022
2069 471.291 227.572 540.674 4136 -100.425
2070 470.436 225.96 541.492 4138 -100.887
2071 469.575 224.354 542.311 4140 -101.435
2072 468.708 222.755 543.132 4142 -102.078
2073 467.832 221.159 543.957 4144 -102.789
2074 466.95 219.571 544.782 4146 -103.586
2075 466.06 217.987 545.61 4148 -104.418
2076 465.161 216.409 546.44 4150 -105.316
2077 464.254 214.838 547.273 4152 -106.235
2078 463.339 213.274 548.108 4154 -107.233
2079 462.414 211.714 548.947 4156 -108.236
2080 461.479 210.16 549.789 4158 -109.105
2081 460.536 208.618 550.632 4160 -109.562
2082 459.58 207.079 551.48 4162 -109.587
2083 458.615 205.55 552.33 4164 -109.264
2084 457.637 204.029 553.184 4166 -108.744
2085 456.65 202.521 554.04 4168 -107.856
2086 455.649 201.019 554.9 4170 -106.749
2087 454.636 199.53 555.763 4172 -105.91
2088 453.61 198.053 556.629 4174 -105.262
2089 452.568 196.585 557.5 4176 -104.377
2090 451.513 195.133 558.374 4178 -103.724
2091 450.44 193.692 559.253 4180 -102.949
2092 449.352 192.269 560.135 4182 -102.292
2093 448.245 190.86 561.022 4184 -101.843
2094 447.118 189.47 561.914 4186 -101.436
2095 445.974 188.1 562.808 4188 -101.009
2096 444.806 186.751 563.709 4190 -100.61
2097 443.617 185.426 564.614 4192 -100.275
2098 442.403 184.127 565.523 4194 -99.9846
2099 441.162 182.856 566.437 4196 -99.7423
2100 439.891 181.612 567.353 4198 -99.4372
2101 438.594 180.4 568.267 4200 -99.3017
2102 437.269 179.216 569.181 4202 -99.2336
2103 435.919 178.062 570.093 4204 -99.0661
2104 434.541 176.937 571.006 4206 -99.0494
2105 433.14 175.841 571.917 4208 -98.9666
2106 431.716 174.776 572.826 4210 -98.752
2107 430.269 173.74 573.733 4212 -98.8918
2108 428.799 172.733 574.639 4214 -98.7574
2109 427.307 171.755 575.542 4216 -98.7999
2110 425.798 170.808 576.442 4218 -98.7679
2111 424.267 169.889 577.34 4220 -98.808
2112 422.72 169 578.234 4222 -98.798
2113 421.153 168.138 579.127 4224 -98.7933
2114 419.57 167.306 580.015 4226 -98.9536
2115 417.968 166.5 580.901 4228 -98.9842
2116 416.352 165.724 581.783 4230 -99.011
2117 414.722 164.975 582.661 4232 -99.0932
2118 413.078 164.253 583.535 4234 -99.0953
2119 411.418 163.558 584.407 4236 -99.2256
2120 409.746 162.889 585.274 4238 -99.2348
2121 408.061 162.247 586.138 4240 -99.4054
2122 406.366 161.631 586.997 4242 -99.4137
2123 404.659 161.041 587.852 4244 -99.6141
2124 402.943 160.477 588.703 4246 -99.668
2125 401.217 159.937 589.549 4248 -99.7507
2126 399.481 159.422 590.391 4250 -99.8466
2127 397.737 158.931 591.229 4252 -99.9293
2128 395.982 158.463 592.064 4254 -100.138
2129 394.219 158.019 592.894 4256 -100.171
2130 392.448 157.598 593.72 4258 -100.217
2131 390.671 157.2 594.542 4260 -100.409
2132 388.888 156.825 595.359 4262 -100.541
2133 387.099 156.472 596.171 4264 -100.592
2134 385.301 156.14 596.981 4266 -100.707
2135 383.499 155.83 597.785 4268 -100.835
2136 381.692 155.541 598.586 4270 -100.961
2137 379.881 155.273 599.381 4272 -100.983
2138 378.062 155.026 600.174 4274 -101.234
2139 376.241 154.799 600.961 4276 -101.203
2140 374.417 154.591 601.744 4278 -101.43
2141 372.587 154.404 602.524 4280 -101.439
2142 370.754 154.236 603.3 4282 -101.617
2143 368.917 154.086 604.072 4284 -101.728
2144 367.078 153.956 604.839 4286 -101.683
2145 365.234 153.844 605.603 4288 -101.957
2146 363.39 153.751 606.362 4290 -101.945
2147 361.542 153.676 607.118 4292 -102.074
2148 359.69 153.618 607.87 4294 -102.306
2149 357.839 153.578 608.618 4296 -102.155
2150 355.985 153.556 609.362 4298 -102.406
2151 354.128 153.55 610.103 4300 -102.546
2152 352.272 153.562 610.839 4302 -102.57
2153 350.415 153.59 611.572 4304 -102.582
2154 348.555 153.635 612.301 4306 -102.787
2155 346.694 153.696 613.027 4308 -102.854
2156 344.832 153.773 613.749 4310 -102.972
2157 342.968 153.867 614.468 4312 -103.006
2158 341.104 153.976 615.184 4314 -103.013
2159 339.239 154.101 615.895 4316 -103.257
2160 337.374 154.241 616.604 4318 -103.265
2161 335.51 154.397 617.309 4320 -103.322
2162 333.645 154.568 618.01 4322 -103.52
2163 331.781 154.754 618.708 4324 -103.384
2164 329.918 154.954 619.402 4326 -103.659
2165 328.056 155.169 620.092 4328 -103.705
2166 326.196 155.399 620.779 4330 -103.719
2167 324.333 155.644 621.464 4332 -103.841
2168 322.471 155.902 622.145 4334 -103.878
2169 320.612 156.175 622.822 4336 -103.856
2170 318.755 156.462 623.496 4338 -104.042
2171 316.897 156.763 624.167 4340 -104.017
2172 315.041 157.078 624.835 4342 -104.032
2173 313.184 157.407 625.5 4344 -104.21
2174 311.331 157.749 626.162 4346 -104.214
2175 309.48 158.104 626.819 4348 -104.215
2176 307.63 158.474 627.475 4350 -104.414
2177 305.779 158.857 628.128 4352 -104.405
2178 303.932 159.253 628.777 4354 -104.361
2179 302.085 159.663 629.424 4356 -104.645
2180 300.243 160.085 630.067 4358 -104.494
2181 298.401 160.521 630.707 4360 -104.557
2182 296.561 160.971 631.346 4362 -104.771
2183 294.725 161.432 631.98 4364 -104.644
2184 292.891 161.907 632.611 4366 -104.695
2185 291.058 162.395 633.24 4368 -104.853
2186 289.226 162.896 633.866 4370 -104.729
2187 287.401 163.409 634.489 4372 -104.837
2188 285.578 163.935 635.108 4374 -104.995
2189 283.757 164.473 635.725 4376 -104.718
2190 281.939 165.025 636.34 4378 -104.937
2191 280.123 165.589 636.951 4380 -104.839
2192 278.311 166.166 637.56 4382 -104.826
2193 276.501 166.756 638.166 4384 -104.938
2194 274.695 167.358 638.77 4386 -104.964
2195 272.892 167.973 639.37 4388 -104.878
2196 271.093 168.6 639.968 4390 -105.098
2197 269.299 169.239 640.563 4392 -105.046
2198 267.508 169.891 641.154 4394 -105.044
2199 265.718 170.557 641.745 4396 -105.209
2200 263.932 171.235 642.332 4398 -105.15
2201 262.151 171.925 642.916 4400 -105.157
2202 260.375 172.627 643.497 4402 -105.3
2203 258.601 173.343 644.077 4404 -105.136
2204 256.832 174.071 644.653 4406 -105.038
2205 255.069 174.812 645.226 4408 -105.172
2206 253.308 175.565 645.797 4410 -104.959
2207 251.553 176.331 646.365 4412 -105.104
2208 249.8 177.111 646.931 4414 -105.234
2209 248.054 177.902 647.494 4416 -105.072
2210 246.316 178.706 648.053 4418 -105.245
2211 244.58 179.522 648.611 4420 -105.162
2212 242.848 180.353 649.166 4422 -104.956
2213 241.123 181.195 649.718 4424 -105.131
2214 239.403 182.051 650.267 4426 -104.904
2215 237.69 182.919 650.813 4428 -105.104
2216 235.982 183.8 651.357 4430 -105.164
2217 234.279 184.695 651.898 4432 -104.987
2218 232.581 185.604 652.437 4434 -105.126
2219 230.892 186.524 652.972 4436 -104.705
2220 229.209 187.458 653.504 4438 -104.762
2221 227.532 188.405 654.034 4440 -105.208
2222 225.861 189.367 654.562 4442 -104.95
2223 224.196 190.341 655.086 4444 -104.882
2224 222.538 191.33 655.608 4446 -104.759
2225 220.888 192.332 656.127 4448 -104.718
2226 219.245 193.348 656.643 4450 -105.045
2227 217.609 194.378 657.156 4452 -104.835
2228 215.982 195.421 657.666 4454 -104.632
2229 214.363 196.478 658.173 4456 -104.705
2230 212.753 197.549 658.677 4458 -104.667
2231 211.152 198.634 659.178 4460 -104.836
2232 209.56 199.732 659.676 4462 -104.567
2233 207.979 200.845 660.17 4464 -104.424
2234 206.403 201.973 660.662 4466 -104.599
2235 204.839 203.115 661.15 4468 -104.528
2236 203.285 204.272 661.635 4470 -104.475
2237 201.739 205.444 662.117 4472 -104.406
2238 200.204 206.63 662.596 4474 -104.408
2239 198.682 207.831 663.071 4476 -104.433
2240 197.169 209.047 663.543 4478 -104.129
2241 195.668 210.278 664.011 4480 -104.277
2242 194.178 211.525 664.476 4482 -104.269
2243 192.701 212.787 664.937 4484 -104.065
2244 191.235 214.065 665.395 4486 -104.13
2245 189.781 215.359 665.85 4488 -104.148
2246 188.341 216.668 666.3 4490 -104.058
2247 186.914 217.994 666.747 4492 -103.947
2248 185.5 219.336 667.19 4494 -104.089
2249 184.102 220.693 667.629 4496 -103.802
2250 182.718 222.066 668.064 4498 -103.897
2251 181.348 223.457 668.495 4500 -103.866
2252 179.994 224.864 668.922 4502 -103.718
2253 178.658 226.286 669.344 4504 -103.818
2254 177.337 227.725 669.762 4506 -103.668
2255 176.034 229.181 670.175 4508 -103.635
2256 174.747 230.655 670.584 4510 -103.658
2257 173.479 232.146 670.989 4512 -103.577
2258 172.229 233.654 671.389 4514 -103.553
2259 170.998 235.179 671.784 4516 -103.53
2260 169.789 236.719 672.173 4518 -103.476
2261 168.6 238.276 672.558 4520 -103.559
2262 167.432 239.851 672.937 4522 -103.426
2263 166.286 241.443 673.311 4524 -103.546
2264 165.161 243.052 673.68 4526 -103.422
2265 164.06 244.68 674.043 4528 -103.555
2266 162.982 246.325 674.4 4530 -103.514
2267 161.928 247.987 674.752 4532 -103.468
2268 160.901 249.664 675.097 4534 -103.478
2269 159.9 251.358 675.436 4536 -103.542
2270 158.925 253.071 675.769 4538 -103.567
2271 157.977 254.801 676.095 4540 -103.708
2272 157.058 256.545 676.415 4542 -103.73
2273 156.167 258.307 676.728 4544 -103.896
2274 155.307 260.083 677.034 4546 -103.744
2275 154.477 261.877 677.332 4548 -103.888
2276 153.679 263.685 677.624 4550 -103.717
2277 152.913 265.508 677.908 4552 -103.964
2278 152.181 267.344 678.184 4554 -103.953
2279 151.482 269.195 678.452 4556 -104.098
2280 150.817 271.06 678.712 4558 -104.356
2281 150.188 272.939 678.965 4560 -104.34
2282 149.594 274.832 679.209 4562 -104.727
2283 149.037 276.735 679.445 4564 -104.938
2284 148.516 278.652 679.672 4566 -105.039
2285 148.034 280.579 679.89 4568 -105.61
2286 147.591 282.516 680.1 4570 -105.676
2287 147.186 284.463 680.301 4572 -105.948
2288 146.821 286.419 680.493 4574 -106.601
2289 146.496 288.382 680.675 4576 -106.889
2290 146.211 290.35 680.848 4578 -107.047
2291 145.967 292.328 681.012 4580 -107.855
2292 145.764 294.312 681.167 4582 -108.56
2293 145.602 296.296 681.312 4584 -108.708
2294 145.482 298.287 681.448 4586 -109.084
2295 145.403 300.278 681.574 4588 -109.777
2296 145.365 302.274 681.69 4590 -110.582
2297 145.369 304.271 681.798 4592 -111.387
2298 145.414 306.264 681.895 4594 -112.144
2299 145.501 308.258 681.983 4596 -113.48
2300 145.628 310.252 682.062 4598 -113.816
2301 145.796 312.242 682.131 4600 -114.509
2302 146.004 314.228 682.191 4602 -115.242
2303 146.252 316.21 682.242 4604 -115.732
2304 146.539 318.187 682.284 4606 -115.598
2305 146.865 320.159 682.317 4608 -114.358
2306 147.229 322.123 682.341 4610 -112.84
2307 147.632 324.08 682.356 4612 -111.615
2308 148.071 326.029 682.362 4614 -110.665
2309 148.549 327.967 682.358 4616 -109.742
2310 149.07 329.896 682.338 4618 -108.861
2311 149.63 331.816 682.304 4620 -108.255
2312 150.223 333.721 682.258 4622 -107.735
2313 150.848 335.616 682.201 4624 -106.976
2314 151.5 337.502 682.133 4626 -106.166
2315 152.179 339.38 682.055 4628 -105.509
2316 152.881 341.246 681.969 4630 -104.898
2317 153.603 343.103 681.874 4632 -104.592
2318 154.347 344.952 681.772 4634 -104.337
2319 155.108 346.793 681.663 4636 -104.195
2320 155.887 348.627 681.548 4638 -103.803
2321 156.682 350.453 681.427 4640 -103.541
2322 157.493 352.273 681.299 4642 -103.37
2323 158.317 354.088 681.167 4644 -103.102
2324 159.155 355.894 681.029 4646 -103.317
2325 160.005 357.696 680.887 4648 -103.226
2326 160.868 359.493 680.74 4650 -103.291
2327 161.742 361.284 680.589 4652 -103.432
2328 162.625 363.067 680.433 4654 -103.21
2329 163.519 364.847 680.274 4656 -103.52
2330 164.424 366.624 680.111 4658 -104.024
2331 165.334 368.389 679.946 4660 -104.076
2332 166.256 370.155 679.776 4662 -104.413
2333 167.185 371.915 679.603 4664 -105.063
2334 168.12 373.667 679.428 4666 -105.204
2335 169.063 375.417 679.249 4668 -105.598
2336 170.015 377.164 679.068 4670 -106.648
2337 170.974 378.908 678.884 4672 -107.368
2338 171.94 380.648 678.697 4674 -107.72
2339 172.911 382.384 678.507 4676 -108.737
2340 173.888 384.115 678.316 4678 -110.186
2341 174.869 385.84 678.122 4680 -110.84
2342 175.858 387.565 677.926 4682 -111.663
2343 176.851 389.284 677.728 4684 -113.228
2344 177.851 391.002 677.528 4686 -114.34
2345 178.853 392.713 677.326 4688 -114.725
2346 179.86 394.422 677.122 4690 -115.147
2347 180.874 396.129 676.916 4692 -115.279
2348 181.892 397.834 676.709 4694 -114.275
2349 182.915 399.537 676.499 4696 -112.793
2350 183.942 401.237 676.288 4698 -111.627
2351 184.973 402.933 676.075 4700 -110.543
2352 186.007 404.626 675.86 4702 -109.576
2353 187.044 406.315 675.645 4704 -108.559
2354 188.085 408 675.427 4706 -107.824
2355 189.132 409.687 675.208 4708 -107.491
2356 190.181 411.37 674.988 4710 -106.742
2357 191.231 413.047 674.767 4712 -106.024
2358 192.288 414.727 674.543 4714 -105.71
2359 193.346 416.4 674.319 4716 -105.309
2360 194.409 418.075 674.093 4718 -104.883
2361 195.473 419.744 673.867 4720 -104.584
2362 196.542 421.414 673.638 4722 -104.341
2363 197.616 423.084 673.409 4724 -103.927
2364 198.689 424.748 673.178 4726 -103.983
2365 199.767 426.412 672.946 4728 -104.147
2366 200.849 428.076 672.713 4730 -103.841
2367 201.93 429.732 672.48 4732 -103.73
2368 203.014 431.389 672.245 4734 -104.133
2369 204.103 433.045 672.009 4736 -104.026
2370 205.194 434.7 671.772 4738 -103.815
2371 206.288 436.354 671.533 4740 -104.216
2372 207.386 438.008 671.294 4742 -104.503
2373 208.486 439.661 671.053 4744 -104.69
2374 209.584 441.305 670.813 4746 -105.366
2375 210.684 442.947 670.571 4748 -105.552
2376 211.786 444.588 670.329 4750 -105.803
2377 212.891 446.227 670.086 4752 -106.815
2378 213.997 447.864 669.842 4754 -106.912
2379 215.106 449.5 669.597 4756 -107.296
2380 216.221 451.141 669.35 4758 -108.929
2381 217.337 452.78 669.103 4760 -109.49
2382 218.455 454.416 668.855 4762 -110.318
2383 219.574 456.051 668.606 4764 -111.612
2384 220.695 457.682 668.357 4766 -112.148
2385 221.816 459.311 668.107 4768 -113.869
2386 222.938 460.937 667.857 4770 -114.535
2387 224.066 462.568 667.605 4772 -115.317
2388 225.195 464.196 667.352 4774 -117.782
2389 226.324 465.821 667.099 4776 -116.459
2390 227.454 467.443 666.846 4778 -115.587
2391 228.589 469.07 666.591 4780 -115.213
2392 229.724 470.692 666.335 4782 -113.221
2393 230.859 472.312 666.08 4784 -112.02
2394 231.995 473.928 665.824 4786 -111.065
2395 233.135 475.548 665.566 4788 -110.562
2396 234.275 477.164 665.309 4790 -109.323
2397 235.415 478.776 665.051 4792 -108.955
2398 236.56 480.393 664.792 4794 -108.176
2399 237.704 482.005 664.532 4796 -107.521
2400 238.848 483.613 664.273 4798 -106.709
2401 239.996 485.225 664.012 4800 -106.832
2402 241.143 486.832 663.751 4802 -106.296
2403 242.295 488.444 663.489 4804 -105.928
2404 243.446 490.05 663.227 4806 -105.493
2405 244.602 491.661 662.963 4808 -105.675
2406 245.756 493.267 662.699 4810 -105.194
2407 246.909 494.867 662.436 4812 -105.246
2408 248.066 496.472 662.171 4814 -105.172
2409 249.222 498.071 661.907 4816 -105.126
2410 250.382 499.674 661.641 4818 -104.963
2411 251.54 501.272 661.375 4820 -105.24
2412 252.702 502.873 661.109 4822 -105.452
2413 253.863 504.468 660.842 4824 -105.356
2414 255.027 506.067 660.574 4826 -105.555
2415 256.19 507.66 660.307 4828 -105.934
2416 257.356 509.257 660.038 4830 -106.074
2417 258.526 510.856 659.769 4832 -106.451
2418 259.694 512.45 659.499 4834 -107.034
2419 260.865 514.046 659.229 4836 -107.198
2420 262.035 515.637 658.959 4838 -107.57
2421 263.207 517.231 658.688 4840 -108.516
2422 264.377 518.818 658.417 4842 -108.961
2423 265.551 520.409 658.145 4844 -109.27
2424 266.728 522.002 657.872 4846 -110.268
2425 267.903 523.589 657.6 4848 -111.139
2426 269.08 525.178 657.327 4850 -111.898
2427 270.255 526.761 657.054 4852 -113.209
2428 271.433 528.347 656.78 4854 -113.894
2429 272.615 529.935 656.506 4856 -114.986
2430 273.793 531.517 656.231 4858 -117.361
2431 274.974 533.101 655.956 4860 -117.74
2432 276.159 534.687 655.68 4862 -117.944
2433 277.34 536.267 655.405 4864 -118.585
2434 278.524 537.849 655.129 4866 -117.591
2435 279.711 539.433 654.852 4868 -117.324
2436 280.894 541.011 654.575 4870 -115.814
2437 282.081 542.59 654.298 4872 -113.995
2438 283.27 544.172 654.02 4874 -113.773
2439 284.455 545.747 653.742 4876 -112.744
2440 285.644 547.323 653.464 4878 -111.514
2441 286.835 548.902 653.185 4880 -111.22
2442 288.022 550.473 652.906 4882 -110.538
2443 289.212 552.047 652.627 4884 -109.976
2444 290.404 553.622 652.347 4886 -109.568
2445 291.599 555.198 652.067 4888 -108.816
2446 292.789 556.768 651.787 4890 -108.579
2447 293.983 558.339 651.506 4892 -108.306
2448 295.178 559.912 651.225 4894 -107.769
2449 296.376 561.487 650.943 4896 -107.843
2450 297.57 563.054 650.662 4898 -107.674
2451 298.766 564.623 650.38 4900 -107.238
2452 299.965 566.193 650.097 4902 -107.252
2453 301.165 567.764 649.814 4904 -107.116
2454 302.361 569.328 649.532 4906 -107.035
2455 303.559 570.894 649.249 4908 -107.081
2456 304.76 572.461 648.965 4910 -107.037
2457 305.962 574.029 648.681 4912 -107.25
2458 307.167 575.598 648.396 4914 -107.119
2459 308.367 577.16 648.112 4916 -107.163
2460 309.568 578.722 647.828 4918 -107.64
2461 310.772 580.286 647.542 4920 -107.526
2462 311.978 581.852 647.257 4922 -107.834
2463 313.185 583.418 646.97 4924 -108.209
2464 314.388 584.976 646.685 4926 -108.077
2465 315.592 586.535 646.399 4928 -108.643
2466 316.798 588.096 646.113 4930 -108.96
2467 318.006 589.657 645.826 4932 -109.262
2468 319.216 591.219 645.538 4934 -109.853
2469 320.427 592.783 645.25 4936 -110.107
2470 321.633 594.338 644.963 4938 -110.733
2471 322.841 595.894 644.676 4940 -111.144
2472 324.05 597.45 644.388 4942 -111.841
2473 325.261 599.008 644.099 4944 -112.562
2474 326.473 600.566 643.81 4946 -112.839
2475 327.687 602.125 643.521 4948 -114.145
2476 328.903 603.685 643.231 4950 -114.675
2477 330.12 605.245 642.941 4952 -115.617
2478 331.331 606.797 642.652 4954 -116.612
2479 332.543 608.349 642.362 4956 -117.009
2480 333.757 609.902 642.072 4958 -118.821
2481 334.973 611.456 641.781 4960 -119.433
2482 336.189 613.01 641.49 4962 -120.322
2483 337.407 614.565 641.199 4964 -120.342
2484 338.626 616.12 640.907 4966 -121.306
2485 339.846 617.676 640.615 4968 -120.647
2486 341.068 619.232 640.322 4970 -120.407
2487 342.283 620.779 640.031 4972 -120.024
2488 343.5 622.326 639.739 4974 -118.086
2489 344.717 623.874 639.447 4976 -118.421
2490 345.936 625.423 639.155 4978 -117.161
2491 347.156 626.971 638.862 4980 -116.497
2492 348.376 628.52 638.569 4982 -115.683
2493 349.598 630.069 638.276 4984 -115.323
2494 350.821 631.618 637.982 4986 -114.588
2495 352.044 633.167 637.688 4988 -114.093
2496 353.269 634.716 637.393 4990 -113.551
2497 354.494 636.265 637.098 4992 -113.262
2498 355.72 637.815 636.803 4994 -112.902
2499 356.947 639.364 636.508 4996 -112.304
2500 358.174 640.914 636.212 4998 -112.416
2501 359.403 642.463 635.916 5000 -111.72
2502 360.632 644.013 635.62 5002 -111.775
2503 361.854 645.553 635.325 5004 -111.453
2504 363.077 647.093 635.03 5006 -111.224
2505 364.301 648.633 634.735 5008 -111.167
2506 365.526 650.173 634.439 5010 -110.84
2507 366.75 651.713 634.143 5012 -111.064
2508 367.976 653.252 633.847 5014 -110.548
2509 369.202 654.791 633.551 5016 -110.803
2510 370.428 656.33 633.254 5018 -110.465
2511 371.655 657.869 632.957 5020 -110.648
2512 372.883 659.407 632.66 5022 -110.476
2513 374.11 660.945 632.363 5024 -110.593
2514 375.338 662.483 632.066 5026 -110.513
2515 376.567 664.02 631.768 5028 -110.502
2516 377.796 665.557 631.471 5030 -110.615
2517 379.025 667.093 631.173 5032 -110.488
2518 380.254 668.629 630.875 5034 -110.68
2519 381.483 670.164 630.577 5036 -110.631
2520 382.713 671.698 630.278 5038 -110.736
2521 383.943 673.233 629.98 5040 -110.826
2522 385.173 674.766 629.681 5042 -110.914
2523 386.41 676.308 629.381 5044 -110.999
2524 387.648 677.849 629.08 5046 -111.175
2525 388.885 679.39 628.779 5048 -111.248
2526 390.123 680.929 628.478 5050 -111.446
2527 391.36 682.468 628.177 5052 -111.561
2528 392.598 684.007 627.876 5054 -111.738
2529 393.835 685.544 627.575 5056 -111.87
2530 395.072 687.081 627.274 5058 -111.955
2531 396.31 688.616 626.972 5060 -112.188
2532 397.547 690.151 626.671 5062 -112.314
2533 398.784 691.685 626.37 5064 -112.447
2534 400.02 693.218 626.068 5066 -112.811
2535 401.257 694.75 625.767 5068 -112.84
2536 402.493 696.281 625.465 5070 -113.135
2537 403.729 697.811 625.163 5072 -113.19
2538 404.965 699.34 624.862 5074 -113.505
2539 406.207 700.877 624.558 5076 -113.69
2540 407.45 702.412 624.255 5078 -113.928
2541 408.691 703.947 623.952 5080 -114.12
2542 409.933 705.48 623.648 5082 -114.249
2543 411.174 707.012 623.345 5084 -114.631
2544 412.414 708.543 623.041 5086 -114.599
2545 413.654 710.072 622.738 5088 -115.096
2546 414.893 711.6 622.435 5090 -115.085
2547 416.132 713.127 622.131 5092 -115.518
2548 417.378 714.662 621.826 5094 -115.535
2549 418.622 716.195 621.521 5096 -116.005
2550 419.866 717.726 621.217 5098 -115.938
2551 421.11 719.256 620.912 5100 -116.472
2552 422.352 720.785 620.607 5102 -116.387
2553 423.594 722.312 620.302 5104 -116.893
2554 424.835 723.837 619.998 5106 -116.846
2555 426.083 725.37 619.692 5108 -117.27
2556 427.329 726.901 619.386 5110 -117.284
2557 428.575 728.431 619.08 5112 -117.587
2558 429.82 729.958 618.774 5114 -117.709
2559 431.064 731.484 618.468 5116 -117.935
2560 432.307 733.009 618.162 5118 -118.148
2561 433.556 734.54 617.855 5120 -118.325
2562 434.804 736.069 617.548 5122 -118.474
2563 436.05 737.597 617.241 5124 -118.668
2564 437.296 739.123 616.935 5126 -118.818
2565 438.541 740.646 616.628 5128 -118.951
2566 439.784 742.168 616.322 5130 -119.106
2567 441.034 743.697 616.014 5132 -119.065
2568 442.282 745.223 615.706 5134 -119.54
2569 443.529 746.748 615.399 5136 -119.296
2570 444.774 748.27 615.092 5138 -119.73
2571 446.026 749.799 614.783 5140 -119.558
2572 447.275 751.326 614.475 5142 -119.811
2573 448.524 752.85 614.166 5144 -119.833
2574 449.771 754.372 613.858 5146 -119.826
2575 451.017 755.892 613.551 5148 -120.068
2576 452.268 757.418 613.242 5150 -119.83
2577 453.517 758.942 612.933 5152 -120.205
2578 454.765 760.464 612.624 5154 -119.871
2579 456.011 761.983 612.316 5156 -120.2
2580 457.263 763.508 612.006 5158 -119.976
2581 458.513 765.031 611.697 5160 -120.085
2582 459.761 766.551 611.388 5162 -120.057
2583 461.015 768.077 611.077 5164 -119.869
2584 462.266 769.6 610.767 5166 -120.089
2585 463.516 771.12 610.457 5168 -119.748
2586 464.764 772.638 610.148 5170 -119.998
2587 466.017 774.162 609.837 5172 -119.637
2588 467.267 775.683 609.527 5174 -119.72
2589 468.516 777.201 609.217 5176 -119.606
2590 469.77 778.724 608.906 5178 -119.43
2591 471.022 780.245 608.595 5180 -119.492
2592 472.271 781.762 608.285 5182 -119.12
2593 473.525 783.285 607.973 5184 -119.27
2594 474.777 784.805 607.662 5186 -118.924
2595 476.027 786.321 607.351 5188 -118.912
2596 477.281 787.843 607.039 5190 -118.757
2597 478.533 789.362 606.728 5192 -118.51
2598 479.789 790.885 606.415 5194 -118.534
2599 481.043 792.406 606.103 5196 -118.165
2600 482.294 793.922 605.791 5198 -118.191
2601 483.549 795.444 605.478 5200 -117.877
2602 484.802 796.962 605.166 5202 -117.759
2603 486.059 798.485 604.852 5204 -117.651
2604 487.313 800.004 604.54 5206 -117.341
2605 488.565 801.52 604.227 5208 -117.326
2606 489.82 803.04 603.914 5210 -117.006
2607 491.073 804.557 603.601 5212 -116.911
2608 492.329 806.077 603.287 5214 -116.725
2609 493.583 807.594 602.974 5216 -116.48
2610 494.84 809.115 602.66 5218 -116.414
2611 496.094 810.632 602.346 5220 -116.118
2612 497.351 812.153 602.032 5222 -116.03
2613 498.606 813.67 601.718 5224 -115.826
2614 499.863 815.191 601.403 5226 -115.625
2615 501.118 816.707 601.089 5228 -115.549
2616 502.375 818.227 600.774 5230 -115.28
2617 503.63 819.743 600.46 5232 -115.192
2618 504.887 821.262 600.144 5234 -115.008
2619 506.141 822.777 599.83 5236 -114.839
2620 507.397 824.295 599.515 5238 -114.75
2621 508.65 825.809 599.2 5240 -114.547
2622 509.906 827.326 598.885 5242 -114.465
2623 511.164 828.845 598.569 5244 -114.326
2624 512.419 830.36 598.253 5246 -114.186
2625 513.676 831.878 597.937 5248 -114.125
2626 514.935 833.398 597.621 5250 -113.976
2627 516.191 834.913 597.305 5252 -113.913
2628 517.448 836.431 596.988 5254 -113.838
2629 518.708 837.951 596.671 5256 -113.732
2630 519.963 839.466 596.355 5258 -113.721
2631 521.22 840.983 596.038 5260 -113.638
2632 522.479 842.503 595.721 5262 -113.609
2633 523.734 844.016 595.404 5264 -113.619
2634 524.99 845.532 595.087 5266 -113.561
2635 526.248 847.049 594.77 5268 -113.71
2636 527.507 848.568 594.452 5270 -113.624
2637 528.761 850.081 594.135 5272 -113.646
2638 530.016 851.595 593.818 5274 -113.765
2639 531.273 853.111 593.5 5276 -113.807
2640 532.53 854.628 593.182 5278 -113.934
2641 533.788 856.145 592.863 5280 -114.021
2642 535.047 857.664 592.544 5282 -114.216
2643 536.307 859.183 592.225 5284 -114.376
2644 537.566 860.703 591.906 5286 -114.561
2645 538.821 862.216 591.588 5288 -114.84
2646 540.075 863.729 591.269 5290 -115.08
2647 541.33 865.243 590.951 5292 -115.441
2648 542.584 866.756 590.632 5294 -115.706
2649 543.838 868.269 590.314 5296 -116.227
2650 545.098 869.789 589.993 5298 -116.557
2651 546.357 871.309 589.673 5300 -117.149
2652 547.616 872.827 589.353 5302 -117.703
2653 548.873 874.345 589.032 5304 -118.337
2654 550.13 875.862 588.712 5306 -118.999
2655 551.385 877.377 588.392 5308 -119.839
2656 552.64 878.891 588.072 5310 -120.586
2657 553.898 880.411 587.751 5312 -121.62
2658 555.154 881.928 587.43 5314 -122.318
2659 556.409 883.444 587.109 5316 -123.34
2660 557.667 884.963 586.788 5318 -123.619
2661 558.923 886.481 586.466 5320 -123.929
2662 560.176 887.996 586.146 5322 -123.44
2663 561.433 889.514 585.824 5324 -122.639
2664 562.686 891.03 585.502 5326 -121.756
2665 563.942 892.548 585.18 5328 -120.431
2666 565.199 894.069 584.857 5330 -119.576
2667 566.453 895.587 584.535 5332 -118.266
2668 567.709 897.106 584.213 5334 -117.506
2669 568.965 898.628 583.889 5336 -116.436
2670 570.218 900.145 583.567 5338 -115.715
2671 571.471 901.663 583.244 5340 -114.928
2672 572.724 903.182 582.921 5342 -114.238
2673 573.977 904.701 582.597 5344 -113.661
2674 575.23 906.221 582.274 5346 -113.069
2675 576.482 907.74 581.95 5348 -112.593
2676 577.733 909.259 581.627 5350 -112.163
2677 578.987 910.782 581.302 5352 -111.741
2678 580.239 912.304 580.977 5354 -111.438
2679 581.489 913.825 580.653 5356 -111.142
2680 582.741 915.348 580.328 5358 -110.87
2681 583.99 916.869 580.003 5360 -110.751
2682 585.241 918.392 579.678 5362 -110.533
2683 586.491 919.916 579.352 5364 -110.483
2684 587.742 921.442 579.026 5366 -110.463
2685 588.992 922.968 578.7 5368 -110.396
2686 590.241 924.494 578.373 5370 -110.549
2687 591.488 926.02 578.047 5372 -110.627
2688 592.732 927.543 577.721 5374 -110.783
2689 593.978 929.07 577.394 5376 -111.106
2690 595.224 930.598 577.067 5378 -111.396
2691 596.47 932.128 576.739 5380 -111.663
2692 597.715 933.658 576.411 5382 -112.391
2693 598.957 935.188 576.083 5384 -112.727
2694 600.197 936.715 575.756 5386 -113.551
2695 601.436 938.245 575.427 5388 -114.339
2696 602.674 939.776 575.099 5390 -115.201
2697 603.914 941.31 574.77 5392 -116.458
2698 605.149 942.843 574.441 5394 -117.387
2699 606.384 944.377 574.111 5396 -119.077
2700 607.619 945.915 573.781 5398 -119.883
2701 608.85 947.45 573.451 5400 -120.742
2702 610.081 948.99 573.12 5402 -121.048
2703 611.307 950.528 572.79 5404 -119.764
2704 612.534 952.07 572.458 5406 -118.473
2705 613.757 953.613 572.127 5408 -116.827
2706 614.979 955.159 571.795 5410 -115.506
2707 616.197 956.707 571.462 5412 -114.106
2708 617.414 958.257 571.129 5414 -113.053
2709 618.626 959.81 570.795 5416 -112.121
2710 619.835 961.367 570.46 5418 -111.173
2711 621.039 962.926 570.125 5420 -110.578
2712 622.239 964.49 569.789 5422 -109.857
2713 623.433 966.058 569.453 5424 -109.42
2714 624.619 967.629 569.116 5426 -108.954
2715 625.797 969.206 568.778 5428 -108.585
2716 626.966 970.791 568.438 5430 -108.471
2717 628.122 972.384 568.098 5432 -108.217
2718 629.264 973.989 567.755 5434 -108.08
2719 630.384 975.609 567.411 5436 -108.251
2720 631.474 977.248 567.064 5438 -108.473
2721 632.514 978.919 566.713 5440 -108.876
2722 633.45 980.648 566.355 5442 -109.477
2723 633.74 982.482 566.005 5444 -107.124
2724 631.904 981.888 566.195 5446 -107.684
2725 630.251 980.8 566.47 5448 -107.526
2726 628.659 979.627 566.759 5450 -107.471
2727 627.099 978.411 567.053 5452 -107.185
2728 625.562 977.169 567.352 5454 -107.232
2729 624.04 975.908 567.653 5456 -107.323
2730 622.53 974.634 567.956 5458 -107.328
2731 621.03 973.35 568.261 5460 -107.332
2732 619.54 972.058 568.566 5462 -107.408
2733 618.055 970.758 568.873 5464 -107.569
2734 616.577 969.452 569.18 5466 -107.81
2735 615.103 968.141 569.487 5468 -108.118
2736 613.633 966.823 569.796 5470 -108.491
2737 612.168 965.503 570.104 5472 -108.904
2738 610.704 964.177 570.414 5474 -109.388
2739 609.246 962.849 570.723 5476 -109.938
2740 607.789 961.517 571.033 5478 -110.554
2741 606.334 960.181 571.344 5480 -111.248
2742 604.885 958.845 571.654 5482 -112.052
2743 603.435 957.504 571.965 5484 -112.981
2744 601.987 956.161 572.276 5486 -114.052
2745 600.543 954.818 572.587 5488 -115.181
2746 599.102 953.473 572.898 5490 -116.507
2747 597.661 952.125 573.209 5492 -117.753
2748 596.222 950.775 573.521 5494 -118.914
2749 594.785 949.424 573.832 5496 -119.683
2750 593.348 948.071 574.144 5498 -120.138
2751 591.913 946.715 574.456 5500 -119.911
2752 590.48 945.359 574.768 5502 -119.533
2753 589.051 944.005 575.079 5504 -118.375
2754 587.622 942.647 575.39 5506 -117.172
2755 586.194 941.288 575.702 5508 -116.071
2756 584.768 939.929 576.014 5510 -115.263
2757 583.344 938.569 576.325 5512 -114.451
2758 581.919 937.206 576.637 5514 -113.517
2759 580.492 935.841 576.95 5516 -112.801
2760 579.071 934.478 577.261 5518 -112.411
2761 577.651 933.113 577.573 5520 -111.941
2762 576.231 931.748 577.884 5522 -111.34
2763 574.814 930.383 578.196 5524 -110.997
2764 573.393 929.012 578.508 5526 -110.71
2765 571.975 927.643 578.82 5528 -110.464
2766 570.555 926.27 579.133 5530 -110.276
2767 569.139 924.9 579.445 5532 -110.035
2768 567.721 923.526 579.757 5534 -109.874
2769 566.309 922.156 580.068 5536 -109.841
2770 564.896 920.784 580.38 5538 -109.809
2771 563.483 919.41 580.692 5540 -109.73
2772 562.07 918.036 581.004 5542 -109.726
2773 560.659 916.66 581.315 5544 -109.814
2774 559.248 915.285 581.627 5546 -109.891
2775 557.839 913.909 581.939 5548 -109.963
2776 556.432 912.534 582.25 5550 -110.099
2777 555.02 911.154 582.562 5552 -110.276
2778 553.612 909.775 582.874 5554 -110.476
2779 552.205 908.397 583.185 5556 -110.68
2780 550.796 907.015 583.497 5558 -110.907
2781 549.39 905.635 583.809 5560 -111.23
2782 547.982 904.251 584.121 5562 -111.536
2783 546.577 902.87 584.432 5564 -111.802
2784 545.17 901.486 584.744 5566 -112.243
2785 543.767 900.104 585.055 5568 -112.647
2786 542.362 898.72 585.367 5570 -112.969
2787 540.956 897.333 585.679 5572 -113.555
2788 539.555 895.951 585.99 5574 -114.011
2789 538.153 894.565 586.301 5576 -114.449
2790 536.75 893.178 586.613 5578 -115.186
2791 535.346 891.789 586.925 5580 -115.646
2792 533.947 890.405 587.235 5582 -116.314
2793 532.549 889.019 587.546 5584 -117.086
2794 531.15 887.632 587.857 5586 -117.623
2795 529.751 886.244 588.168 5588 -118.54
2796 528.352 884.855 588.479 5590 -119.205
2797 526.953 883.465 588.79 5592 -119.982
2798 525.554 882.075 589.101 5594 -120.826
2799 524.156 880.684 589.412 5596 -121.444
2800 522.758 879.293 589.723 5598 -122.117
2801 521.361 877.901 590.034 5600 -122.637
2802 519.965 876.51 590.345 5602 -122.588
2803 518.57 875.119 590.655 5604 -123.296
2804 517.176 873.728 590.965 5606 -122.677
2805 515.784 872.337 591.275 5608 -122.513
2806 514.393 870.947 591.585 5610 -121.925
2807 512.996 869.551 591.896 5612 -121.512
2808 511.601 868.155 592.207 5614 -120.818
2809 510.208 866.761 592.517 5616 -120.321
2810 508.817 865.367 592.827 5618 -119.691
2811 507.427 863.975 593.137 5620 -119.109
2812 506.033 862.576 593.447 5622 -118.613
2813 504.64 861.179 593.757 5624 -118.324
2814 503.251 859.784 594.067 5626 -117.57
2815 501.863 858.39 594.376 5628 -117.43
2816 500.471 856.991 594.687 5630 -116.856
2817 499.081 855.594 594.996 5632 -116.483
2818 497.695 854.198 595.305 5634 -116.266
2819 496.303 852.798 595.616 5636 -115.893
2820 494.915 851.399 595.925 5638 -115.724
2821 493.529 850.003 596.234 5640 -115.384
2822 492.14 848.601 596.544 5642 -115.065
2823 490.753 847.203 596.853 5644 -114.825
2824 489.37 845.806 597.161 5646 -114.675
2825 487.983 844.405 597.47 5648 -114.405
2826 486.599 843.007 597.779 5650 -114.235
2827 485.211 841.604 598.089 5652 -114.103
2828 483.827 840.203 598.397 5654 -113.876
2829 482.439 838.799 598.707 5656 -113.759
2830 481.054 837.397 599.015 5658 -113.639
2831 479.674 835.998 599.323 5660 -113.449
2832 478.29 834.595 599.632 5662 -113.381
2833 476.91 833.196 599.94 5664 -113.257
2834 475.526 831.792 600.248 5666 -113.109
2835 474.147 830.392 600.556 5668 -113.079
2836 472.764 828.987 600.864 5670 -112.939
2837 471.386 827.587 601.172 5672 -112.846
2838 470.004 826.182 601.48 5674 -112.822
2839 468.618 824.773 601.789 5676 -112.669
2840 467.238 823.368 602.097 5678 -112.646
2841 465.854 821.958 602.405 5680 -112.587
2842 464.475 820.554 602.713 5682 -112.458
2843 463.092 819.145 603.021 5684 -112.491
2844 461.715 817.74 603.328 5686 -112.365
2845 460.334 816.332 603.636 5688 -112.321
2846 458.959 814.928 603.943 5690 -112.333
2847 457.58 813.52 604.25 5692 -112.188
2848 456.198 812.109 604.558 5694 -112.24
2849 454.822 810.702 604.865 5696 -112.147
2850 453.443 809.292 605.173 5698 -112.087
2851 452.069 807.887 605.479 5700 -112.134
2852 450.693 806.478 605.786 5702 -111.979
2853 449.313 805.066 606.094 5704 -112.051
2854 447.94 803.658 606.4 5706 -111.963
2855 446.563 802.248 606.707 5708 -111.911
2856 445.184 800.834 607.014 5710 -111.972
2857 443.811 799.425 607.32 5712 -111.813
2858 442.435 798.013 607.627 5714 -111.912
2859 441.057 796.597 607.934 5716 -111.797
2860 439.684 795.187 608.24 5718 -111.786
2861 438.309 793.774 608.547 5720 -111.823
2862 436.932 792.358 608.854 5722 -111.674
2863 435.561 790.947 609.159 5724 -111.805
2864 434.187 789.534 609.465 5726 -111.639
2865 432.811 788.117 609.772 5728 -111.713
2866 431.441 786.706 610.077 5730 -111.668
2867 430.07 785.292 610.383 5732 -111.597
2868 428.696 783.876 610.689 5734 -111.698
2869 427.328 782.465 610.994 5736 -111.519
2870 425.958 781.051 611.299 5738 -111.678
2871 424.586 779.635 611.604 5740 -111.511
2872 423.212 778.216 611.91 5742 -111.601
2873 421.845 776.803 612.215 5744 -111.554
2874 420.476 775.388 612.52 5746 -111.508
2875 419.104 773.969 612.825 5748 -111.606
2876 417.731 772.549 613.131 5750 -111.443
2877 416.365 771.134 613.435 5752 -111.63
2878 414.997 769.717 613.74 5754 -111.434
2879 413.627 768.297 614.045 5756 -111.613
2880 412.255 766.875 614.35 5758 -111.48
2881 410.89 765.46 614.654 5760 -111.569
2882 409.523 764.042 614.958 5762 -111.555
2883 408.155 762.622 615.262 5764 -111.545
2884 406.785 761.199 615.567 5766 -111.648
2885 405.422 759.783 615.87 5768 -111.529
2886 404.058 758.365 616.174 5770 -111.749
2887 402.692 756.945 616.478 5772 -111.555
2888 401.324 755.522 616.782 5774 -111.834
2889 399.955 754.097 617.086 5776 -111.64
2890 398.593 752.679 617.389 5778 -111.905
2891 397.23 751.259 617.692 5780 -111.772
2892 395.866 749.837 617.996 5782 -111.984
2893 394.5 748.413 618.299 5784 -111.943
2894 393.132 746.987 618.603 5786 -112.096
2895 391.772 745.568 618.906 5788 -112.193
2896 390.411 744.146 619.208 5790 -112.208
2897 389.049 742.723 619.511 5792 -112.321
2898 387.685 741.298 619.814 5794 -112.505
2899 386.32 739.871 620.117 5796 -112.542
2900 384.954 738.443 620.421 5798 -112.769
2901 383.595 737.021 620.722 5800 -112.867
2902 382.236 735.598 621.024 5802 -112.997
2903 380.875 734.173 621.326 5804 -113.287
2904 379.513 732.746 621.629 5806 -113.246
2905 378.15 731.317 621.931 5808 -113.773
2906 376.787 729.887 622.234 5810 -113.578
2907 375.43 728.464 622.535 5812 -114.291
2908 374.073 727.04 622.836 5814 -114.017
2909 372.715 725.614 623.137 5816 -114.869
2910 371.357 724.186 623.439 5818 -114.581
2911 369.997 722.757 623.74 5820 -115.522
2912 368.636 721.326 624.042 5822 -115.259
2913 367.275 719.894 624.344 5824 -116.211
2914 365.921 718.469 624.644 5826 -116.084
2915 364.567 717.043 624.944 5828 -117.06
2916 363.212 715.616 625.245 5830 -116.915
2917 361.856 714.187 625.545 5832 -117.942
2918 360.499 712.756 625.846 5834 -118.151
2919 359.142 711.325 626.147 5836 -118.729
2920 357.784 709.891 626.447 5838 -119.342
2921 356.426 708.457 626.748 5840 -119.76
2922 355.067 707.021 627.049 5842 -120.234
2923 353.716 705.593 627.348 5844 -120.627
2924 352.364 704.164 627.648 5846 -120.761
2925 351.012 702.734 627.947 5848 -121.315
2926 349.66 701.303 628.246 5850 -120.726
2927 348.307 699.87 628.546 5852 -120.909
2928 346.953 698.436 628.845 5854 -120.177
2929 345.599 697.001 629.145 5856 -119.529
2930 344.244 695.565 629.444 5858 -119.058
2931 342.889 694.128 629.744 5860 -118.235
2932 341.534 692.689 630.043 5862 -117.498
2933 340.178 691.25 630.343 5864 -116.959
2934 338.831 689.819 630.641 5866 -116.142
2935 337.484 688.387 630.939 5868 -115.471
2936 336.136 686.953 631.236 5870 -114.957
2937 334.788 685.519 631.534 5872 -114.088
2938 333.44 684.084 631.832 5874 -113.726
2939 332.091 682.648 632.13 5876 -112.988
2940 330.743 681.211 632.427 5878 -112.501
2941 329.394 679.774 632.725 5880 -112.072
2942 328.044 678.335 633.023 5882 -111.424
2943 326.695 676.895 633.321 5884 -111.214
2944 325.346 675.455 633.618 5886 -110.563
2945 323.996 674.014 633.916 5888 -110.386
2946 322.647 672.572 634.214 5890 -109.838
2947 321.297 671.129 634.511 5892 -109.634
2948 319.947 669.685 634.809 5894 -109.189
2949 318.598 668.241 635.106 5896 -108.889
2950 317.248 666.796 635.403 5898 -108.732
2951 315.907 665.36 635.699 5900 -108.2
2952 314.566 663.923 635.994 5902 -108.352
2953 313.226 662.486 636.289 5904 -107.88
2954 311.885 661.047 636.584 5906 -107.828
2955 310.545 659.609 636.879 5908 -107.649
2956 309.204 658.17 637.174 5910 -107.368
2957 307.864 656.73 637.469 5912 -107.46
2958 306.524 655.289 637.764 5914 -107.114
2959 305.184 653.848 638.059 5916 -107.344
2960 303.845 652.407 638.353 5918 -107.067
2961 302.506 650.965 638.647 5920 -107.003
2962 301.166 649.523 638.942 5922 -107.237
2963 299.828 648.08 639.236 5924 -106.918
2964 298.489 646.637 639.53 5926 -107.258
2965 297.151 645.193 639.824 5928 -107.068
2966 295.813 643.749 640.117 5930 -107.309
2967 294.476 642.305 640.411 5932 -107.566
2968 293.139 640.86 640.704 5934 -107.315
2969 291.802 639.415 640.998 5936 -107.874
2970 290.466 637.97 641.291 5938 -107.882
2971 289.13 636.524 641.584 5940 -108.088
2972 287.795 635.078 641.876 5942 -108.55
2973 286.46 633.632 642.169 5944 -108.563
2974 285.126 632.186 642.461 5946 -109.282
2975 283.792 630.74 642.753 5948 -109.53
2976 282.459 629.293 643.045 5950 -109.752
2977 281.127 627.846 643.337 5952 -110.836
2978 279.795 626.399 643.629 5954 -110.887
2979 278.463 624.952 643.92 5956 -111.614
2980 277.133 623.505 644.211 5958 -112.648
2981 275.803 622.057 644.502 5960 -112.851
2982 274.464 620.6 644.795 5962 -114.326
2983 273.127 619.143 645.087 5964 -115.062
2984 271.79 617.686 645.379 5966 -115.158
2985 270.454 616.229 645.671 5968 -117.487
2986 269.119 614.772 645.962 5970 -117.579
2987 267.785 613.315 646.254 5972 -117.905
2988 266.451 611.858 646.545 5974 -118.713
2989 265.119 610.402 646.836 5976 -117.036
2990 263.787 608.945 647.126 5978 -116.784
2991 262.456 607.488 647.416 5980 -115.892
2992 261.126 606.032 647.706 5982 -114.699
2993 259.797 604.576 647.996 5984 -114.098
2994 258.469 603.12 648.285 5986 -112.651
2995 257.142 601.664 648.574 5988 -111.626
2996 255.816 600.208 648.863 5990 -111.038
2997 254.491 598.753 649.151 5992 -110.209
2998 253.167 597.298 649.439 5994 -109.545
2999 251.844 595.843 649.727 5996 -108.971
3000 250.514 594.379 650.017 5998 -108.268
3001 249.185 592.915 650.306 6000 -107.889
3002 247.856 591.451 650.594 6002 -107.372
3003 246.529 589.988 650.882 6004 -106.815
3004 245.204 588.526 651.17 6006 -106.606
3005 243.879 587.064 651.458 6008 -106.297
3006 242.556 585.602 651.745 6010 -105.834
3007 241.233 584.141 652.032 6012 -105.756
3008 239.913 582.68 652.318 6014 -105.636
3009 238.593 581.219 652.604 6016 -105.217
3010 237.275 579.76 652.89 6018 -105.115
3011 235.95 578.291 653.177 6020 -105.135
3012 234.626 576.823 653.464 6022 -104.967
3013 233.303 575.355 653.75 6024 -104.837
3014 231.982 573.888 654.036 6026 -105.006
3015 230.662 572.421 654.322 6028 -105.166
3016 229.344 570.956 654.607 6030 -104.914
3017 228.027 569.491 654.891 6032 -105.203
3018 226.712 568.026 655.175 6034 -105.561
3019 225.39 566.553 655.461 6036 -105.478
3020 224.069 565.081 655.746 6038 -105.645
3021 222.751 563.609 656.031 6040 -106.252
3022 221.433 562.138 656.315 6042 -106.532
3023 220.118 560.668 656.598 6044 -106.668
3024 218.804 559.199 656.882 6046 -107.243
3025 217.492 557.731 657.164 6048 -107.829
3026 216.181 556.264 657.447 6050 -108.262
3027 214.864 554.788 657.73 6052 -108.915
3028 213.549 553.313 658.013 6054 -109.783
3029 212.235 551.839 658.296 6056 -110.671
3030 210.924 550.366 658.578 6058 -111.596
3031 209.614 548.894 658.859 6060 -112.45
3032 208.306 547.423 659.14 6062 -113.254
3033 206.992 545.943 659.422 6064 -114.929
3034 205.679 544.465 659.704 6066 -116.68
3035 204.369 542.988 659.985 6068 -115.086
3036 203.061 541.512 660.265 6070 -114.905
3037 201.754 540.037 660.545 6072 -117.177
3038 200.45 538.563 660.825 6074 -115.046
3039 199.14 537.081 661.105 6076 -111.913
3040 197.832 535.6 661.385 6078 -112.472
3041 196.526 534.121 661.664 6080 -112.676
3042 195.222 532.643 661.943 6082 -110.06
3043 193.92 531.166 662.221 6084 -108.639
3044 192.613 529.681 662.5 6086 -108.945
3045 191.307 528.198 662.779 6088 -108.524
3046 190.004 526.716 663.057 6090 -106.741
3047 188.704 525.235 663.334 6092 -105.995
3048 187.397 523.747 663.613 6094 -106.484
3049 186.093 522.26 663.89 6096 -106.185
3050 184.792 520.774 664.167 6098 -104.631
3051 183.493 519.29 664.444 6100 -103.902
3052 182.196 517.808 664.72 6102 -104.504
3053 180.894 516.318 664.996 6104 -105.629
3054 179.595 514.83 665.272 6106 -104.404
3055 178.298 513.343 665.548 6108 -102.419
3056 177.003 511.858 665.822 6110 -102.054
3057 175.704 510.365 666.098 6112 -103.714
3058 174.407 508.874 666.372 6114 -106.954
3059 173.113 507.385 666.646 6116 -104.97
3060 171.822 505.898 666.92 6118 -101.76
3061 170.525 504.403 667.194 6120 -100.384
3062 169.232 502.91 667.467 6122 -101.35
3063 167.941 501.419 667.74 6124 -105.075
3064 166.645 499.921 668.013 6126 -111.427
3065 165.353 498.425 668.286 6128 -107.496
3066 164.063 496.931 668.558 6130 -103.423
3067 162.776 495.439 668.829 6132 -101.802
3068 161.485 493.94 669.101 6134 -101.541
3069 160.197 492.443 669.372 6136 -102.012
3070 158.912 490.948 669.642 6138 -103.076
3071 157.622 489.446 669.913 6140 -105.773
3072 156.336 487.946 670.183 6142 -110.787
3073 155.053 486.449 670.452 6144 -119.8
3074 153.765 484.945 670.722 6146 -123.477
3075 152.481 483.443 670.991 6148 -114.362
3076 151.201 481.944 671.259 6150 -112.394
3077 149.916 480.438 671.528 6152 -112.122
3078 148.635 478.934 671.796 6154 -111.858
3079 147.357 477.433 672.063 6156 -110.992
3080 146.075 475.925 672.33 6158 -110.518
3081 144.797 474.42 672.596 6160 -111.206
3082 143.515 472.909 672.864 6162 -111.249
3083 142.237 471.4 673.13 6164 -110.621
3084 140.963 469.894 673.395 6166 -110.313
3085 139.684 468.381 673.66 6168 -109.72
3086 138.41 466.872 673.925 6170 -108.401
3087 137.133 465.356 674.19 6172 -106.78
3088 135.859 463.844 674.454 6174 -105.909
3089 134.589 462.334 674.717 6176 -105.627
3090 133.317 460.818 674.98 6178 -105.228
3091 132.048 459.305 675.242 6180 -104.485
3092 130.776 457.787 675.505 6182 -103.632
3093 129.508 456.271 675.766 6184 -103.085
3094 128.238 454.75 676.028 6186 -102.872
3095 126.972 453.232 676.289 6188 -102.891
3096 125.703 451.709 676.55 6190 -102.867
3097 124.438 450.189 676.809 6192 -102.912
3098 123.178 448.672 677.068 6194 -103.304
3099 121.916 447.15 677.327 6196 -104.021
3100 120.651 445.623 677.586 6198 -104.765
3101 119.391 444.099 677.844 6200 -105.121
3102 118.128 442.57 678.102 6202 -104.84
3103 116.871 441.045 678.358 6204 -103.99
3104 115.611 439.515 678.615 6206 -102.926
3105 114.356 437.988 678.87 6208 -101.812
3106 113.1 436.457 679.126 6210 -101.062
3107 111.848 434.93 679.38 6212 -100.866
3108 110.595 433.398 679.634 6214 -101.487
3109 109.34 431.861 679.889 6216 -102.983
3110 108.091 430.329 680.142 6218 -105.415
3111 106.84 428.792 680.394 6220 -107.666
3112 105.595 427.259 680.646 6222 -107.226
3113 104.348 425.722 680.897 6224 -105.174
3114 103.101 424.181 681.148 6226 -104.025
3115 101.859 422.645 681.397 6228 -104.195
3116 100.616 421.104 681.647 6230 -105.838
3117 99.3729 419.56 681.896 6232 -109.056
3118 98.1354 418.02 682.144 6234 -113.079
3119 96.8975 416.477 682.391 6236 -111.9
3120 95.6592 414.93 682.638 6238 -109.412
3121 94.4206 413.379 682.885 6240 -109.146
3122 93.1885 411.834 683.13 6242 -111.484
3123 91.9563 410.285 683.374 6244 -117.079
3124 90.7242 408.734 683.618 6246 -116.559
3125 89.4924 407.179 683.862 6248 -111.955
3126 88.2674 405.629 684.104 6250 -110.459
3127 87.0428 404.077 684.345 6252 -111.022
3128 85.819 402.522 684.586 6254 -111.52
3129 84.5959 400.965 684.826 6256 -109.898
3130 83.3739 399.405 685.065 6258 -107.743
3131 82.1529 397.843 685.304 6260 -106.452
3132 80.9333 396.279 685.542 6262 -106.011
3133 79.7151 394.712 685.779 6264 -106.056
3134 78.4986 393.144 686.016 6266 -105.971
3135 77.2838 391.575 686.251 6268 -105.258
3136 76.071 390.003 686.486 6270 -104.117
3137 74.8604 388.43 686.72 6272 -103.322
3138 73.652 386.856 686.952 6274 -103.405
3139 72.4462 385.281 687.184 6276 -103.718
3140 71.243 383.705 687.415 6278 -102.932
3141 70.0426 382.128 687.644 6280 -101.85
3142 68.8453 380.55 687.872 6282 -101.804
3143 67.6512 378.972 688.099 6284 -102.685
3144 66.4549 377.386 688.326 6286 -102.923
3145 65.2622 375.8 688.551 6288 -101.949
3146 64.0735 374.214 688.775 6290 -101.536
3147 62.8888 372.628 688.998 6292 -102.486
3148 61.7029 371.035 689.22 6294 -103.113
3149 60.5216 369.442 689.44 6296 -102.047
3150 59.3451 367.851 689.659 6298 -101.548
3151 58.1682 366.253 689.877 6300 -102.62
3152 56.9966 364.656 690.094 6302 -103.822
3153 55.8253 363.053 690.309 6304 -103.102
3154 54.6598 361.453 690.523 6306 -102.625
3155 53.4953 359.846 690.735 6308 -103.953
3156 52.332 358.235 690.947 6310 -105.126
3157 51.1754 356.627 691.156 6312 -104.252
3158 50.0208 355.014 691.364 6314 -104.297
3159 48.8686 353.397 691.571 6316 -106.22
3160 47.7191 351.776 691.776 6318 -108.189
3161 46.5728 350.151 691.979 6320 -107.425
3162 45.43 348.524 692.181 6322 -107.481
3163 44.2913 346.894 692.381 6324 -110.229
3164 43.157 345.262 692.579 6326 -111.234
3165 42.0276 343.628 692.775 6328 -110.098
3166 40.9034 341.992 692.969 6330 -110.953
3167 39.7806 340.348 693.162 6332 -114.283
3168 38.6642 338.704 693.352 6334 -114.742
3169 37.5545 337.059 693.539 6336 -112.282
3170 36.4479 335.408 693.725 6338 -112.371
3171 35.3449 333.751 693.908 6340 -112.198
3172 34.2505 332.096 694.089 6342 -110.48
3173 33.1611 330.435 694.267 6344 -108.804
3174 32.0774 328.771 694.442 6346 -108.518
3175 31 327.103 694.614 6348 -108.271
3176 29.926 325.426 694.785 6350 -107.305
3177 28.86 323.747 694.952 6352 -106.305
3178 27.7992 322.06 695.116 6354 -105.386
3179 26.7482 320.373 695.276 6356 -104.805
3180 25.7042 318.68 695.433 6358 -104.254
3181 24.6683 316.983 695.586 6360 -104.038
3182 23.6382 315.275 695.736 6362 -103.703
3183 22.6186 313.565 695.882 6364 -103.151
3184 21.6074 311.847 696.024 6366 -102.881
3185 20.606 310.123 696.161 6368 -102.833
3186 19.6159 308.393 696.294 6370 -102.736
3187 18.6356 306.655 696.421 6372 -102.603
3188 17.6699 304.914 696.543 6374 -102.446
3189 16.7146 303.162 696.66 6376 -102.069
3190 15.7749 301.406 696.77 6378 -101.95
3191 14.8499 299.641 696.874 6380 -101.912
3192 13.9396 297.867 696.971 6382 -101.849
3193 13.0467 296.083 697.061 6384 -102.122
3194 12.1718 294.289 697.142 6386 -102.299
3195 11.3182 292.487 697.215 6388 -102.449
3196 10.485 290.671 697.278 6390 -102.638
3197 9.67663 288.844 697.331 6392 -102.764
3198 8.89558 287.005 697.372 6394 -103.002
3199 8.14517 285.156 697.4 6396 -103.244
3200 7.4279 283.291 697.414 6398 -104.012
3201 6.74908 281.413 697.413 6400 -104.614
3202 6.11367 279.52 697.393 6402 -104.596
3203 5.52695 277.612 697.354 6404 -104.702
3204 4.98918 275.688 697.301 6406 -105.787
3205 4.50324 273.75 697.233 6408 -106.707
3206 4.073 271.8 697.15 6410 -106.812
3207 3.70236 269.84 697.052 6412 -108.617
3208 3.39473 267.868 696.937 6414 -108.362
3209 3.15475 265.89 696.804 6416 -110.192
3210 2.98612 263.905 696.653 6418 -109.596
3211 2.89324 261.918 696.482 6420 -111.031
3212 2.88007 259.928 696.291 6422 -111.82
3213 2.95053 257.943 696.08 6424 -111.553
3214 3.10809 255.966 695.847 6426 -111.804
3215 3.35575 254 695.592 6428 -113.257
3216 3.69589 252.052 695.315 6430 -113.184
3217 4.13032 250.124 695.016 6432 -113.032
3218 4.65941 248.224 694.695 6434 -112.484
3219 5.28337 246.356 694.352 6436 -112.575
3220 5.99956 244.527 693.99 6438 -111.823
3221 6.80752 242.739 693.608 6440 -111.924
3222 7.70258 240.998 693.207 6442 -111.708
3223 8.68154 239.306 692.789 6444 -111.823
3224 9.73907 237.667 692.356 6446 -111.88
3225 10.8707 236.083 691.908 6448 -112.065
3226 12.0714 234.555 691.446 6450 -111.384
3227 13.3358 233.082 690.973 6452 -111.454
3228 14.6584 231.666 690.49 6454 -110.733
3229 16.0351 230.304 689.998 6456 -110.667
3230 17.4601 228.998 689.497 6458 -110.11
3231 18.9294 227.744 688.989 6460 -109.833
3232 20.4391 226.542 688.475 6462 -109.334
3233 21.9857 225.389 687.954 6464 -109.466
3234 23.5657 224.283 687.429 6466 -109.724
3235 25.1755 223.224 686.9 6468 -110.137
3236 26.8119 222.209 686.367 6470 -110.355
3237 28.4718 221.237 685.832 6472 -110.244
3238 30.1551 220.304 685.293 6474 -110.031
3239 31.8591 219.409 684.751 6476 -109.96
3240 33.5812 218.552 684.208 6478 -109.843
3241 35.3188 217.729 683.662 6480 -110.352
3242 37.0729 216.94 683.115 6482 -110.589
3243 38.8379 216.184 682.567 6484 -110.56
3244 40.6149 215.458 682.018 6486 -110.915
3245 42.4055 214.761 681.467 6488 -111.197
3246 44.2044 214.092 680.915 6490 -110.717
3247 46.0134 213.449 680.363 6492 -111.255
3248 47.8308 212.832 679.81 6494 -111.273
3249 49.655 212.24 679.256 6496 -111.539
3250 51.4885 211.67 678.702 6498 -111.334
3251 53.3298 211.122 678.146 6500 -111.116
3252 55.1736 210.597 677.591 6502 -111.241
3253 57.0267 210.091 677.034 6504 -110.861
3254 58.884 209.605 676.477 6506 -111.118
3255 60.7441 209.139 675.921 6508 -110.815
3256 62.6103 208.69 675.363 6510 -110.593
3257 64.4815 208.259 674.805 6512 -110.127
3258 66.3524 207.845 674.247 6514 -110.097
3259 68.2308 207.447 673.689 6516 -109.39
3260 70.1115 207.065 673.13 6518 -109.218
3261 71.9936 206.698 672.571 6520 -108.681
3262 73.8808 206.345 672.011 6522 -108.292
3263 75.7678 206.007 671.452 6524 -107.996
3264 77.6584 205.682 670.892 6526 -107.326
3265 79.552 205.37 670.331 6528 -107.166
3266 81.4479 205.071 669.77 6530 -106.644
3267 83.3454 204.784 669.209 6532 -106.444
3268 85.244 204.509 668.648 6534 -105.886
3269 87.143 204.246 668.086 6536 -105.691
3270 89.0418 203.994 667.525 6538 -105.353
3271 90.9448 203.753 666.963 6540 -104.805
3272 92.8466 203.522 666.401 6542 -104.761
3273 94.7515 203.302 665.838 6544 -104.256
3274 96.6542 203.091 665.276 6546 -104.081
3275 98.5591 202.891 664.713 6548 -103.558
3276 100.466 202.699 664.149 6550 -103.398
3277 102.374 202.517 663.585 6552 -102.974
3278 104.283 202.343 663.02 6554 -102.825
3279 106.193 202.178 662.455 6556 -102.624
3280 108.103 202.021 661.89 6558 -102.509
3281 110.012 201.873 661.324 6560 -102.269
3282 111.922 201.732 660.758 6562 -102.028
3283 113.83 201.6 660.193 6564 -101.843
3284 115.742 201.474 659.625 6566 -101.548
3285 117.653 201.356 659.058 6568 -101.396
3286 119.567 201.245 658.49 6570 -101.2
3287 121.478 201.142 657.921 6572 -101.226
3288 123.393 201.045 657.352 6574 -100.911
3289 125.305 200.954 656.782 6576 -100.991
3290 127.219 200.871 656.212 6578 -100.74
3291 129.129 200.793 655.642 6580 -100.779
3292 131.041 200.722 655.071 6582 -100.519
3293 132.955 200.657 654.499 6584 -100.458
3294 134.87 200.598 653.926 6586 -100.34
3295 136.78 200.544 653.354 6588 -100.408
3296 138.691 200.497 652.781 6590 -100.406
3297 140.603 200.455 652.207 6592 -100.317
3298 142.515 200.418 651.632 6594 -100.257
3299 144.426 200.387 651.057 6596 -100.2
3300 146.338 200.36 650.481 6598 -100.232
3301 148.249 200.339 649.905 6600 -100.127
3302 150.16 200.323 649.328 6602 -100.33
3303 152.07 200.312 648.75 6604 -100.165
3304 153.978 200.305 648.172 6606 -100.368
3305 155.891 200.303 647.592 6608 -100.357
3306 157.803 200.306 647.011 6610 -100.493
3307 159.713 200.313 646.43 6612 -100.338
3308 161.621 200.325 645.849 6614 -100.595
3309 163.533 200.341 645.266 6616 -100.453
3310 165.443 200.361 644.682 6618 -100.749
3311 167.35 200.386 644.099 6620 -100.806
3312 169.261 200.414 643.513 6622 -101.156
3313 171.168 200.447 642.927 6624 -101.136
3314 173.079 200.483 642.34 6626 -101.331
3315 174.986 200.523 641.752 6628 -101.398
3316 176.896 200.567 641.162 6630 -101.749
3317 178.803 200.615 640.573 6632 -101.746
3318 180.711 200.666 639.982 6634 -102.106
3319 182.616 200.721 639.391 6636 -102.285
3320 184.523 200.78 638.798 6638 -102.591
3321 186.432 200.842 638.203 6640 -102.732
3322 188.336 200.907 637.609 6642 -103.092
3323 190.242 200.975 637.013 6644 -103.45
3324 192.149 201.047 636.415 6646 -103.868
3325 194.051 201.122 635.818 6648 -104.049
3326 195.954 201.2 635.219 6650 -104.595
3327 197.858 201.282 634.619 6652 -104.891
3328 199.762 201.366 634.017 6654 -105.255
3329 201.662 201.453 633.415 6656 -105.593
3330 203.561 201.543 632.812 6658 -106.02
3331 205.461 201.636 632.208 6660 -106.533
3332 207.361 201.732 631.602 6662 -107.091
3333 209.26 201.83 630.995 6664 -107.439
3334 211.16 201.932 630.386 6666 -108.141
3335 213.059 202.035 629.776 6668 -108.518
3336 214.957 202.142 629.165 6670 -109.02
3337 216.855 202.251 628.553 6672 -109.523
3338 218.752 202.363 627.939 6674 -109.967
3339 220.648 202.477 627.324 6676 -110.618
3340 222.542 202.593 626.708 6678 -110.754
3341 224.436 202.712 626.09 6680 -110.92
3342 226.328 202.833 625.472 6682 -111.05
3343 228.224 202.957 624.85 6684 -110.782
3344 230.118 203.083 624.227 6686 -110.497
3345 232.011 203.211 623.603 6688 -110.125
3346 233.901 203.341 622.978 6690 -109.739
3347 235.795 203.473 622.35 6692 -109.481
3348 237.687 203.608 621.721 6694 -108.907
3349 239.576 203.744 621.091 6696 -108.509
3350 241.463 203.883 620.46 6698 -108.119
3351 243.352 204.023 619.826 6700 -107.42
3352 245.238 204.166 619.191 6702 -107.33
3353 247.127 204.31 618.553 6704 -106.331
3354 249.013 204.456 617.914 6706 -106.192
3355 250.901 204.604 617.272 6708 -105.388
3356 252.785 204.754 616.63 6710 -105.194
3357 254.671 204.906 615.984 6712 -104.535
3358 256.553 205.059 615.338 6714 -104.369
3359 258.436 205.214 614.689 6716 -103.888
3360 260.315 205.37 614.039 6718 -103.711
3361 262.196 205.528 613.386 6720 -103.267
3362 264.077 205.688 612.731 6722 -103.152
3363 265.953 205.849 612.074 6724 -102.767
3364 267.83 206.011 611.416 6726 -102.517
3365 269.708 206.175 610.754 6728 -102.133
3366 271.585 206.341 610.09 6730 -101.908
3367 273.462 206.508 609.423 6732 -101.749
3368 275.339 206.676 608.754 6734 -101.505
3369 277.211 206.846 608.083 6736 -101.473
3370 279.081 207.016 607.411 6738 -101.135
3371 280.95 207.188 606.735 6740 -101.115
3372 282.819 207.361 606.058 6742 -100.758
3373 284.685 207.535 605.377 6744 -100.812
3374 286.556 207.71 604.693 6746 -100.611
3375 288.425 207.887 604.005 6748 -100.538
3376 290.291 208.064 603.316 6750 -100.361
3377 292.155 208.243 602.623 6752 -100.246
3378 294.017 208.422 601.929 6754 -100.288
3379 295.881 208.602 601.23 6756 -100.074
3380 297.742 208.783 600.529 6758 -100.076
3381 299.604 208.965 599.823 6760 -99.9265
3382 301.463 209.148 599.115 6762 -100.006
3383 303.323 209.331 598.403 6764 -99.8247
3384 305.178 209.515 597.688 6766 -99.7874
3385 307.034 209.7 596.97 6768 -99.8526
3386 308.885 209.885 596.249 6770 -99.7107
3387 310.736 210.071 595.523 6772 -99.7936
3388 312.586 210.257 594.794 6774 -99.7627
3389 314.435 210.444 594.061 6776 -99.7781
3390 316.283 210.631 593.323 6778 -99.8308
3391 318.129 210.818 592.582 6780 -99.7976
3392 319.973 211.006 591.836 6782 -99.909
3393 321.814 211.193 591.086 6784 -99.8451
3394 323.652 211.381 590.333 6786 -99.9737
3395 325.492 211.569 589.573 6788 -99.9254
3396 327.327 211.757 588.81 6790 -100.029
3397 329.163 211.945 588.041 6792 -100.049
3398 330.994 212.133 587.268 6794 -100.081
3399 332.824 212.32 586.489 6796 -100.199
3400 334.653 212.508 585.704 6798 -100.145
3401 336.479 212.695 584.914 6800 -100.311
3402 338.304 212.881 584.118 6802 -100.3
3403 340.124 213.067 583.317 6804 -100.382
3404 341.941 213.253 582.51 6806 -100.551
3405 343.758 213.437 581.695 6808 -100.529
3406 345.569 213.621 580.876 6810 -100.734
3407 347.378 213.804 580.048 6812 -100.711
3408 349.185 213.985 579.214 6814 -100.792
3409 350.988 214.166 578.372 6816 -100.934
3410 352.787 214.345 577.523 6818 -100.976
3411 354.584 214.523 576.665 6820 -101.125
3412 356.375 214.699 575.8 6822 -101.094
3413 358.162 214.873 574.926 6824 -101.281
3414 359.945 215.046 574.043 6826 -101.339
3415 361.726 215.216 573.15 6828 -101.322
3416 363.499 215.384 572.248 6830 -101.637
3417 365.268 215.549 571.336 6832 -101.472
3418 367.03 215.711 570.413 6834 -101.67
3419 368.788 215.871 569.478 6836 -101.658
3420 370.54 216.027 568.531 6838 -101.773
3421 372.285 216.18 567.572 6840 -101.903
3422 374.022 216.328 566.599 6842 -101.852
3423 375.755 216.473 565.611 6844 -101.951
3424 377.476 216.612 564.609 6846 -101.968
3425 379.19 216.746 563.591 6848 -101.903
3426 380.894 216.875 562.555 6850 -102.038
3427 382.589 216.997 561.501 6852 -101.909
3428 384.269 217.113 560.429 6854 -101.961
3429 385.939 217.221 559.336 6856 -101.923
3430 387.593 217.32 558.221 6858 -101.875
3431 389.232 217.41 557.081 6860 -101.981
3432 390.853 217.49 555.914 6862 -101.807
3433 392.454 217.558 554.721 6864 -101.929
3434 394.033 217.612 553.496 6866 -101.66
3435 395.586 217.652 552.237 6868 -101.657
3436 397.108 217.675 550.943 6870 -101.642
3437 398.596 217.68 549.607 6872 -101.507
3438 400.049 217.686 548.233 6874 -101.348
3439 401.464 217.698 546.823 6876 -101.077
3440 402.843 217.716 545.376 6878 -101.111
3441 404.183 217.741 543.892 6880 -100.806
3442 405.483 217.774 542.374 6882 -100.601
3443 406.741 217.813 540.822 6884 -100.542
3444 407.959 217.859 539.237 6886 -100.392
3445 409.133 217.913 537.621 6888 -100.321
3446 410.263 217.974 535.974 6890 -100.095
3447 411.35 218.042 534.298 6892 -99.976
3448 412.393 218.118 532.595 6894 -100.054
3449 413.391 218.201 530.865 6896 -99.8605
3450 414.344 218.291 529.111 6898 -100
3451 415.253 218.389 527.333 6900 -99.9506
3452 416.117 218.494 525.534 6902 -99.9112
3453 416.937 218.606 523.714 6904 -99.9819
3454 417.713 218.725 521.878 6906 -100.133
3455 418.446 218.852 520.022 6908 -100.352
3456 419.136 218.986 518.152 6910 -100.375
3457 419.785 219.126 516.267 6912 -100.477
3458 420.392 219.274 514.369 6914 -100.869
3459 420.958 219.428 512.459 6916 -101.241
3460 421.485 219.589 510.539 6918 -101.605
3461 421.974 219.756 508.608 6920 -102.074
3462 422.426 219.93 506.67 6922 -102.632
3463 422.841 220.111 504.723 6924 -103.165
3464 423.22 220.298 502.77 6926 -103.937
3465 423.565 220.491 500.812 6928 -104.865
3466 423.876 220.69 498.847 6930 -105.871
3467 424.155 220.896 496.879 6932 -106.895
3468 424.403 221.107 494.907 6934 -108.299
3469 424.62 221.324 492.932 6936 -109.312
3470 424.808 221.547 490.956 6938 -109.076
3471 424.968 221.776 488.978 6940 -108.065
3472 425.1 222.011 486.997 6942 -106.721
3473 425.206 222.251 485.015 6944 -105.331
3474 425.286 222.497 483.035 6946 -104.068
3475 425.341 222.749 481.052 6948 -103.066
3476 425.373 223.006 479.071 6950 -102.189
3477 425.382 223.269 477.089 6952 -101.483
3478 425.369 223.537 475.11 6954 -100.918
3479 425.335 223.811 473.131 6956 -100.457
3480 425.28 224.09 471.153 6958 -100.117
3481 425.205 224.375 469.176 6960 -100.017
3482 425.112 224.665 467.202 6962 -99.9157
3483 425 224.96 465.229 6964 -100.008
3484 424.871 225.262 463.256 6966 -100.017
3485 424.724 225.568 461.287 6968 -100.166
3486 424.562 225.88 459.318 6970 -100.427
3487 424.384 226.198 457.354 6972 -100.836
3488 424.191 226.521 455.391 6974 -101.252
3489 423.984 226.849 453.43 6976 -101.804
3490 423.763 227.184 451.472 6978 -102.387
3491 423.528 227.524 449.516 6980 -103.272
3492 423.282 227.869 447.564 6982 -104.137
3493 423.022 228.22 445.614 6984 -105.352
3494 422.752 228.577 443.667 6986 -106.603
3495 422.47 228.94 441.722 6988 -108.197
3496 422.178 229.309 439.779 6990 -110.452
3497 421.876 229.684 437.839 6992 -111.652
3498 421.564 230.065 435.902 6994 -113.039
3499 421.243 230.452 433.969 6996 -112.426
3500 420.914 230.846 432.037 6998 -110.759
3501 420.576 231.246 430.109 7000 -108.539
3502 420.231 231.652 428.183 7002 -106.834
3503 419.878 232.065 426.259 7004 -105.454
3504 419.519 232.485 424.339 7006 -104.169
3505 419.153 232.911 422.421 7008 -103.113
3506 418.781 233.345 420.505 7010 -102.295
3507 418.404 233.786 418.593 7012 -101.399
3508 418.021 234.234 416.683 7014 -100.904
3509 417.635 234.69 414.775 7016 -100.53
3510 417.244 235.153 412.871 7018 -100.234
3511 416.849 235.624 410.97 7020 -100.088
3512 416.451 236.103 409.07 7022 -99.9872
3513 416.05 236.591 407.172 7024 -100.144
3514 415.648 237.087 405.28 7026 -100.321
3515 415.243 237.592 403.388 7028 -100.624
3516 414.837 238.105 401.499 7030 -101.171
3517 414.43 238.628 399.613 7032 -101.724
3518 414.022 239.161 397.729 7034 -102.654
3519 413.615 239.704 395.848 7036 -103.615
3520 413.209 240.256 393.971 7038 -105.049
3521 412.805 240.819 392.096 7040 -106.737
3522 412.402 241.393 390.224 7042 -108.216
3523 412.002 241.978 388.356 7044 -109.21
3524 411.605 242.575 386.49 7046 -108.855
3525 411.212 243.185 384.627 7048 -107.507
3526 410.825 243.806 382.769 7050 -105.657
3527 410.442 244.441 380.913 7052 -103.413
3528 410.066 245.089 379.061 7054 -102.177
3529 409.697 245.752 377.212 7056 -100.63
3530 409.336 246.43 375.367 7058 -99.5564
3531 408.984 247.123 373.525 7060 -98.4661
3532 408.643 247.833 371.687 7062 -97.8604
3533 408.313 248.56 369.854 7064 -97.0423
3534 407.996 249.305 368.026 7066 -96.6268
3535 407.692 250.069 366.203 7068 -96.1611
3536 407.405 250.851 364.388 7070 -95.8884
3537 407.135 251.656 362.577 7072 -95.6881
3538 406.884 252.482 360.774 7074 -95.6595
3539 406.654 253.332 358.978 7076 -95.6062
3540 406.448 254.205 357.193 7078 -95.7963
3541 406.267 255.105 355.417 7080 -95.9652
3542 406.115 256.031 353.653 7082 -96.2086
3543 405.995 256.987 351.901 7084 -96.6823
3544 405.909 257.973 350.166 7086 -97.0278
3545 405.862 258.992 348.446 7088 -97.8744
3546 405.857 260.044 346.747 7090 -98.1508
3547 405.9 261.132 345.07 7092 -99.1037
3548 405.994 262.258 343.42 7094 -99.5489
3549 406.146 263.422 341.802 7096 -100.149
3550 406.361 264.627 340.222 7098 -101
3551 406.645 265.872 338.684 7100 -101.099
3552 407.004 267.159 337.197 7102 -101.584
3553 407.444 268.487 335.769 7104 -101.564
3554 407.971 269.853 334.408 7106 -101.958
3555 408.59 271.256 333.126 7108 -101.976
3556 409.304 272.69 331.93 7110 -101.568
3557 410.114 274.15 330.831 7112 -101.232
3558 411.02 275.628 329.837 7114 -101.2
3559 412.02 277.117 328.954 7116 -100.908
3560 413.109 278.609 328.187 7118 -100.118
3561 414.26 280.112 327.548 7120 -99.5782
3562 415.449 281.636 327.037 7122 -99.099
3563 416.663 283.173 326.64 7124 -98.0702
3564 417.898 284.716 326.343 7126 -97.3607
3565 419.149 286.263 326.135 7128 -96.6231
3566 420.409 287.808 326.006 7130 -96.1143
3567 421.679 289.351 325.947 7132 -95.8237
3568 422.954 290.891 325.95 7134 -95.6074
3569 424.233 292.425 326.008 7136 -95.5561
3570 425.515 293.955 326.118 7138 -95.8881
3571 426.8 295.479 326.272 7140 -96.3432
3572 428.086 296.997 326.468 7142 -97.0392
3573 429.372 298.509 326.702 7144 -98.1326
3574 430.658 300.015 326.971 7146 -99.6426
3575 431.944 301.515 327.271 7148 -101.22
3576 433.23 303.009 327.601 7150 -103.429
3577 434.516 304.498 327.958 7152 -106.478
3578 435.8 305.982 328.34 7154 -107.963
3579 437.083 307.459 328.745 7156 -106.725
3580 438.366 308.931 329.173 7158 -104.707
3581 439.646 310.398 329.621 7160 -102.541
3582 440.926 311.86 330.089 7162 -100.925
3583 442.206 313.318 330.575 7164 -99.8701
3584 443.484 314.771 331.078 7166 -99.354
3585 444.76 316.219 331.597 7168 -98.9299
3586 446.034 317.662 332.131 7170 -99.1095
3587 447.308 319.101 332.681 7172 -99.7095
3588 448.58 320.537 333.244 7174 -100.348
3589 449.851 321.968 333.82 7176 -101.696
3590 451.121 323.396 334.409 7178 -103.538
3591 452.39 324.819 335.009 7180 -105.697
3592 453.657 326.239 335.621 7182 -108.703
3593 454.923 327.655 336.245 7184 -111.393
3594 456.187 329.066 336.877 7186 -109.522
3595 457.45 330.476 337.521 7188 -107.135
3596 458.712 331.881 338.174 7190 -104.695
3597 459.974 333.284 338.837 7192 -103.398
3598 461.232 334.681 339.508 7194 -102.3
3599 462.491 336.078 340.188 7196 -101.772
3600 463.749 337.471 340.877 7198 -101.672
3601 465.004 338.86 341.572 7200 -101.769
3602 466.259 340.247 342.276 7202 -102.535
3603 467.513 341.632 342.988 7204 -103.606
3604 468.767 343.014 343.707 7206 -105.126
3605 470.019 344.392 344.433 7208 -107.269
3606 471.269 345.768 345.165 7210 -110.225
3607 472.52 347.142 345.905 7212 -113.784
3608 473.768 348.512 346.65 7214 -113.947
3609 475.016 349.881 347.402 7216 -110.868
3610 476.263 351.247 348.16 7218 -108.313
3611 477.509 352.611 348.924 7220 -106.29
3612 478.755 353.972 349.694 7222 -105.113
3613 479.999 355.331 350.469 7224 -104.387
3614 481.241 356.686 351.249 7226 -104.271
3615 482.483 358.041 352.035 7228 -104.533
3616 483.724 359.392 352.825 7230 -104.979
3617 484.964 360.741 353.621 7232 -105.807
3618 486.204 362.089 354.422 7234 -107.232
3619 487.443 363.435 355.228 7236 -109.456
3620 488.682 364.779 356.039 7238 -111.961
3621 489.919 366.121 356.854 7240 -115.463
3622 491.156 367.46 357.674 7242 -117.456
3623 492.391 368.797 358.497 7244 -115.657
3624 493.627 370.133 359.326 7246 -112.377
3625 494.86 371.466 360.158 7248 -110.227
3626 496.094 372.799 360.995 7250 -109.096
3627 497.326 374.127 361.836 7252 -107.926
3628 498.558 375.455 362.68 7254 -107.692
3629 499.789 376.781 363.529 7256 -107.49
3630 501.02 378.105 364.381 7258 -107.987
3631 502.25 379.427 365.238 7260 -108.578
3632 503.479 380.748 366.098 7262 -109.771
3633 504.707 382.065 366.961 7264 -111.18
3634 505.935 383.383 367.829 7266 -113.58
3635 507.163 384.698 368.7 7268 -116.374
3636 508.388 386.01 369.573 7270 -120.353
3637 509.614 387.321 370.451 7272 -121.728
3638 510.839 388.632 371.332 7274 -119.85
3639 512.065 389.94 372.217 7276 -116.686
3640 513.288 391.246 373.104 7278 -114.522
3641 514.512 392.551 373.996 7280 -113.713
3642 515.736 393.855 374.891 7282 -112.257
3643 516.958 395.157 375.789 7284 -112.107
3644 518.18 396.456 376.69 7286 -112.304
3645 519.402 397.754 377.594 7288 -112.312
3646 520.622 399.05 378.501 7290 -112.773
3647 521.842 400.345 379.411 7292 -114.018
3648 523.062 401.639 380.325 7294 -115.08
3649 524.282 402.931 381.241 7296 -116.978
3650 525.502 404.221 382.161 7298 -119.055
3651 526.72 405.51 383.083 7300 -122.439
3652 527.937 406.795 384.008 7302 -126.888
3653 529.155 408.081 384.937 7304 -128.656
3654 530.371 409.363 385.867 7306 -126.474
3655 531.587 410.644 386.801 7308 -123.764
3656 532.802 411.924 387.737 7310 -122.929
3657 534.017 413.201 388.677 7312 -121.38
3658 535.231 414.476 389.618 7314 -120.198
3659 536.445 415.751 390.564 7316 -119.777
3660 537.66 417.024 391.512 7318 -119.449
3661 538.874 418.296 392.464 7320 -119.428
3662 540.088 419.566 393.419 7322 -120.333
3663 541.301 420.834 394.375 7324 -121.723
3664 542.514 422.1 395.335 7326 -123.926
3665 543.727 423.365 396.299 7328 -125.86
3666 544.939 424.627 397.264 7330 -127.689
3667 546.15 425.887 398.233 7332 -130.004
3668 547.36 427.145 399.204 7334 -133.28
3669 548.571 428.401 400.178 7336 -139.664
3670 549.782 429.656 401.155 7338 -146.495
3671 550.992 430.909 402.136 7340 -150.146
3672 552.202 432.159 403.12 7342 -145.924
3673 553.412 433.408 404.106 7344 -144.182
3674 554.62 434.653 405.095 7346 -148.261
3675 555.829 435.897 406.088 7348 -146.25
3676 557.038 437.138 407.084 7350 -140.344
3677 558.246 438.377 408.083 7352 -138.801
3678 559.454 439.614 409.086 7354 -133.045
3679 560.662 440.848 410.092 7356 -132.104
3680 561.871 442.079 411.102 7358 -130.489
3681 563.079 443.308 412.116 7360 -127.839
3682 564.287 444.533 413.134 7362 -127.561
3683 565.494 445.754 414.155 7364 -126.888
3684 566.702 446.974 415.181 7366 -126.267
3685 567.91 448.189 416.211 7368 -127.118
3686 569.118 449.401 417.246 7370 -125.92
3687 570.326 450.607 418.285 7372 -127.964
3688 571.533 451.809 419.33 7374 -127.291
3689 572.741 453.006 420.38 7376 -127.985
3690 573.949 454.196 421.436 7378 -129.196
3691 575.157 455.381 422.5 7380 -129.747
3692 576.366 456.558 423.571 7382 -131.321
3693 577.576 457.726 424.651 7384 -131.316
3694 578.787 458.884 425.741 7386 -129.515
3695 580 460.029 426.844 7388 -128.373
3696 581.214 461.157 427.963 7390 -125.297
3697 582.431 462.262 429.102 7392 -123.533
3698 583.651 463.329 430.271 7394 -120.985
3699 584.878 464.327 431.495 7396 -118.875
3700 586.118 465.006 432.876 7398 -109.669
3701 586.493 463.22 433.03 7400 -121.526
3702 586.303 461.295 432.528 7402 -127.011
3703 586 459.416 431.918 7404 -132.229
3704 585.641 457.564 431.258 7406 -136.925
3705 585.244 455.729 430.569 7408 -138.947
3706 584.82 453.909 429.862 7410 -142.642
3707 584.374 452.099 429.14 7412 -136.766
3708 583.911 450.298 428.408 7414 -139.078
3709 583.432 448.504 427.668 7416 -134.057
3710 582.939 446.717 426.923 7418 -131.51
3711 582.434 444.935 426.172 7420 -130.955
3712 581.918 443.158 425.418 7422 -129.625
3713 581.391 441.386 424.66 7424 -126.362
3714 580.854 439.616 423.899 7426 -124.744
3715 580.308 437.851 423.137 7428 -124.029
3716 579.753 436.089 422.373 7430 -123.372
3717 579.19 434.331 421.608 7432 -122.809
3718 578.618 432.575 420.841 7434 -122.276
3719 578.039 430.822 420.075 7436 -121.975
3720 577.452 429.072 419.308 7438 -122.012
3721 576.857 427.325 418.541 7440 -122.35
3722 576.255 425.581 417.774 7442 -123.442
3723 575.646 423.838 417.007 7444 -125.568
3724 575.029 422.097 416.24 7446 -126.921
3725 574.405 420.359 415.474 7448 -128.64
3726 573.775 418.625 414.71 7450 -130.51
3727 573.138 416.892 413.945 7452 -129.095
3728 572.493 415.16 413.182 7454 -125.182
3729 571.841 413.43 412.419 7456 -122.49
3730 571.183 411.704 411.658 7458 -119.801
3731 570.518 409.979 410.898 7460 -118.303
3732 569.847 408.258 410.141 7462 -116.491
3733 569.169 406.538 409.384 7464 -115.568
3734 568.483 404.821 408.629 7466 -114.564
3735 567.791 403.104 407.876 7468 -114.144
3736 567.091 401.389 407.123 7470 -113.849
3737 566.384 399.677 406.373 7472 -113.539
3738 565.671 397.968 405.626 7474 -113.867
3739 564.951 396.26 404.88 7476 -114.883
3740 564.223 394.554 404.137 7478 -116.013
3741 563.488 392.851 403.395 7480 -117.208
3742 562.745 391.148 402.656 7482 -118.934
3743 561.996 389.45 401.92 7484 -121.574
3744 561.239 387.754 401.187 7486 -123.188
3745 560.473 386.057 400.455 7488 -121.028
3746 559.701 384.364 399.726 7490 -117.945
3747 558.921 382.675 399.001 7492 -115.296
3748 558.132 380.987 398.278 7494 -112.947
3749 557.336 379.302 397.559 7496 -111.245
3750 556.532 377.619 396.843 7498 -110.176
3751 555.719 375.94 396.13 7500 -109.37
3752 554.898 374.262 395.421 7502 -108.76
3753 554.067 372.586 394.714 7504 -108.308
3754 553.229 370.915 394.013 7506 -108.58
3755 552.382 369.247 393.315 7508 -108.572
3756 551.524 367.579 392.62 7510 -109.798
3757 550.658 365.916 391.93 7512 -110.851
3758 549.783 364.257 391.245 7514 -112.691
3759 548.898 362.6 390.564 7516 -115.114
3760 548.002 360.947 389.887 7518 -117.613
3761 547.097 359.297 389.216 7520 -117.481
3762 546.181 357.652 388.55 7522 -114.911
3763 545.254 356.009 387.888 7524 -111.836
3764 544.317 354.371 387.232 7526 -109.617
3765 543.368 352.737 386.582 7528 -107.897
3766 542.407 351.107 385.938 7530 -106.522
3767 541.435 349.482 385.3 7532 -105.466
3768 540.451 347.863 384.669 7534 -104.777
3769 539.454 346.248 384.044 7536 -104.54
3770 538.444 344.637 383.426 7538 -104.481
3771 537.42 343.031 382.815 7540 -104.884
3772 536.383 341.432 382.212 7542 -105.478
3773 535.332 339.839 381.617 7544 -106.437
3774 534.267 338.253 381.03 7546 -108.135
3775 533.187 336.675 380.453 7548 -110.311
3776 532.091 335.102 379.884 7550 -112.735
3777 530.979 333.538 379.325 7552 -114.453
3778 529.852 331.983 378.777 7554 -112.607
3779 528.708 330.437 378.24 7556 -109.504
3780 527.546 328.9 377.713 7558 -106.824
3781 526.364 327.371 377.198 7560 -104.892
3782 525.164 325.853 376.696 7562 -103.471
3783 523.944 324.346 376.207 7564 -102.221
3784 522.704 322.852 375.732 7566 -101.386
3785 521.442 321.37 375.272 7568 -100.986
3786 520.158 319.902 374.827 7570 -100.776
3787 518.853 318.451 374.4 7572 -100.851
3788 517.523 317.014 373.99 7574 -101.132
3789 516.169 315.596 373.599 7576 -101.925
3790 514.791 314.198 373.228 7578 -102.84
3791 513.386 312.82 372.879 7580 -104.267
3792 511.955 311.465 372.552 7582 -105.833
3793 510.494 310.133 372.25 7584 -107.829
3794 509.005 308.828 371.974 7586 -109.791
3795 507.486 307.553 371.726 7588 -109.547
3796 505.937 306.31 371.508 7590 -107.556
3797 504.357 305.101 371.322 7592 -105.389
3798 502.744 303.93 371.17 7594 -102.978
3799 501.099 302.8 371.054 7596 -101.365
3800 499.421 301.716 370.978 7598 -100.008
3801 497.711 300.681 370.943 7600 -99.0789
3802 495.97 299.701 370.952 7602 -98.1685
3803 494.197 298.779 371.008 7604 -97.4534
3804 492.395 297.921 371.113 7606 -97.0676
3805 490.566 297.131 371.27 7608 -96.6951
3806 488.712 296.415 371.481 7610 -96.4416
3807 486.836 295.777 371.748 7612 -96.2879
3808 484.944 295.222 372.071 7614 -96.1588
3809 483.039 294.754 372.452 7616 -96.146
3810 481.126 294.375 372.891 7618 -96.1879
3811 479.212 294.087 373.388 7620 -96.218
3812 477.301 293.893 373.94 7622 -96.443
3813 475.399 293.792 374.547 7624 -96.438
3814 473.512 293.783 375.206 7626 -96.6432
3815 471.645 293.864 375.914 7628 -96.7913
3816 469.801 294.032 376.668 7630 -96.9151
3817 467.985 294.284 377.463 7632 -97.0569
3818 466.2 294.616 378.298 7634 -97.2178
3819 464.449 295.023 379.167 7636 -97.3197
3820 462.731 295.501 380.069 7638 -97.6114
3821 461.048 296.045 380.999 7640 -97.8483
3822 459.401 296.651 381.956 7642 -98.0425
3823 457.789 297.315 382.936 7644 -98.2661
3824 456.208 298.029 383.927 7646 -98.5447
3825 454.645 298.784 384.916 7648 -99.0021
3826 453.097 299.574 385.904 7650 -99.2509
3827 451.564 300.395 386.89 7652 -99.5352
3828 450.043 301.24 387.875 7654 -100.124
3829 448.536 302.108 388.856 7656 -100.556
3830 447.04 302.995 389.836 7658 -101.063
3831 445.552 303.901 390.816 7660 -101.72
3832 444.074 304.823 391.793 7662 -102.247
3833 442.604 305.76 392.77 7664 -103.237
3834 441.14 306.711 393.747 7666 -103.961
3835 439.686 307.673 394.721 7668 -105.178
3836 438.238 308.646 395.694 7670 -106.128
3837 436.797 309.63 396.667 7672 -107.432
3838 435.362 310.623 397.638 7674 -108.615
3839 433.932 311.626 398.609 7676 -109.489
3840 432.507 312.636 399.579 7678 -110.239
3841 431.087 313.656 400.55 7680 -109.934
3842 429.672 314.683 401.519 7682 -109.513
3843 428.264 315.715 402.487 7684 -108.572
3844 426.859 316.754 403.454 7686 -107.595
3845 425.46 317.799 404.421 7688 -106.511
3846 424.063 318.851 405.388 7690 -105.741
3847 422.669 319.909 406.355 7692 -104.749
3848 421.279 320.972 407.322 7694 -104.251
3849 419.894 322.04 408.288 7696 -103.366
3850 418.514 323.111 409.252 7698 -102.854
3851 417.137 324.187 410.216 7700 -102.155
3852 415.763 325.268 411.181 7702 -101.793
3853 414.392 326.353 412.144 7704 -101.259
3854 413.025 327.441 413.107 7706 -100.994
3855 411.66 328.535 414.072 7708 -100.749
3856 410.299 329.63 415.035 7710 -100.693
3857 408.94 330.731 415.998 7712 -100.484
3858 407.583 331.835 416.962 7714 -100.478
3859 406.228 332.943 417.926 7716 -100.242
3860 404.876 334.054 418.889 7718 -100.239
3861 403.528 335.168 419.852 7720 -100.202
3862 402.183 336.283 420.814 7722 -100.425
3863 400.838 337.404 421.778 7724 -100.583
3864 399.497 338.526 422.74 7726 -100.845
3865 398.156 339.652 423.704 7728 -100.934
3866 396.821 340.779 424.666 7730 -101.166
3867 395.486 341.909 425.629 7732 -101.408
3868 394.153 343.043 426.592 7734 -101.911
3869 392.821 344.179 427.556 7736 -102.304
3870 391.491 345.318 428.521 7738 -102.674
3871 390.163 346.46 429.485 7740 -102.96
3872 388.838 347.604 430.449 7742 -103.53
3873 387.514 348.749 431.414 7744 -104.357
3874 386.194 349.896 432.377 7746 -104.998
3875 384.876 351.044 433.34 7748 -105.671
3876 383.561 352.193 434.302 7750 -106.287
3877 382.246 353.347 435.267 7752 -107.134
3878 380.933 354.501 436.23 7754 -108.212
3879 379.62 355.659 437.196 7756 -109.212
3880 378.311 356.817 438.16 7758 -109.907
3881 377.002 357.98 439.125 7760 -110.29
3882 375.696 359.141 440.09 7762 -111.97
3883 374.39 360.306 441.055 7764 -111.616
3884 373.089 361.47 442.019 7766 -111.659
3885 371.788 362.637 442.984 7768 -110.945
3886 370.488 363.807 443.95 7770 -111.108
3887 369.192 364.976 444.914 7772 -110.363
3888 367.897 366.147 445.879 7774 -109.084
3889 366.602 367.32 446.845 7776 -108.441
3890 365.309 368.496 447.812 7778 -107.949
3891 364.016 369.673 448.779 7780 -107.045
3892 362.724 370.853 449.747 7782 -106.34
3893 361.434 372.034 450.716 7784 -105.843
3894 360.149 373.212 451.681 7786 -105.297
3895 358.866 374.392 452.647 7788 -104.637
3896 357.584 375.574 453.613 7790 -104.367
3897 356.304 376.756 454.579 7792 -103.898
3898 355.021 377.944 455.549 7794 -103.372
3899 353.739 379.133 456.519 7796 -103.355
3900 352.46 380.322 457.489 7798 -102.73
3901 351.182 381.513 458.458 7800 -102.508
3902 349.907 382.703 459.428 7802 -102.51
3903 348.634 383.895 460.397 7804 -102.027
3904 347.363 385.086 461.366 7806 -101.778
3905 346.089 386.283 462.338 7808 -101.807
3906 344.818 387.479 463.309 7810 -101.628
3907 343.55 388.676 464.28 7812 -101.513
3908 342.284 389.872 465.25 7814 -101.366
3909 341.016 391.073 466.224 7816 -101.133
3910 339.751 392.273 467.196 7818 -101.126
3911 338.489 393.473 468.168 7820 -101.273
3912 337.225 394.677 469.142 7822 -101.293
3913 335.964 395.88 470.116 7824 -100.951
3914 334.706 397.083 471.088 7826 -100.891
3915 333.446 398.289 472.063 7828 -101.022
3916 332.19 399.495 473.037 7830 -101.151
3917 330.932 400.704 474.014 7832 -101.338
3918 329.677 401.913 474.989 7834 -101.032
3919 328.426 403.12 475.963 7836 -101.091
3920 327.174 404.33 476.94 7838 -101.044
3921 325.925 405.539 477.915 7840 -101.349
3922 324.675 406.752 478.892 7842 -101.617
3923 323.429 407.963 479.868 7844 -101.597
3924 322.182 409.177 480.846 7846 -101.624
3925 320.938 410.389 481.823 7848 -101.427
3926 319.694 411.605 482.801 7850 -101.73
3927 318.449 412.823 483.782 7852 -101.836
3928 317.207 414.04 484.762 7854 -102.253
3929 315.965 415.259 485.743 7856 -102.289
3930 314.728 416.476 486.722 7858 -102.45
3931 313.489 417.696 487.703 7860 -102.351
3932 312.25 418.919 488.687 7862 -102.623
3933 311.015 420.14 489.668 7864 -102.905
3934 309.78 421.363 490.651 7866 -103.28
3935 308.544 422.588 491.636 7868 -103.408
3936 307.313 423.811 492.619 7870 -103.612
3937 306.081 425.036 493.603 7872 -103.589
3938 304.849 426.264 494.59 7874 -103.853
3939 303.622 427.489 495.574 7876 -104.054
3940 302.395 428.716 496.56 7878 -104.391
3941 301.167 429.945 497.547 7880 -104.631
3942 299.945 431.171 498.532 7882 -104.64
3943 298.722 432.399 499.518 7884 -104.785
3944 297.499 433.629 500.507 7886 -104.963
3945 296.277 434.861 501.496 7888 -105.59
3946 295.054 436.095 502.487 7890 -105.726
3947 293.837 437.326 503.476 7892 -106.307
3948 292.62 438.558 504.465 7894 -106.131
3949 291.403 439.792 505.456 7896 -106.733
3950 290.187 441.028 506.449 7898 -106.814
3951 288.971 442.265 507.443 7900 -107.186
3952 287.76 443.499 508.434 7902 -107.027
3953 286.55 444.734 509.426 7904 -107.567
3954 285.34 445.971 510.419 7906 -108.485
3955 284.131 447.209 511.414 7908 -107.939
3956 282.923 448.448 512.41 7910 -108.819
3957 281.715 449.688 513.407 7912 -108.708
3958 280.508 450.93 514.405 7914 -108.827
3959 279.301 452.173 515.404 7916 -109.46
3960 278.101 453.412 516.4 7918 -109.372
3961 276.901 454.651 517.396 7920 -110.293
3962 275.703 455.892 518.394 7922 -110.255
3963 274.505 457.134 519.393 7924 -110.363
3964 273.309 458.377 520.393 7926 -110.869
3965 272.113 459.62 521.393 7928 -110.353
3966 270.919 460.864 522.395 7930 -111.463
3967 269.725 462.109 523.397 7932 -111.09
3968 268.533 463.355 524.4 7934 -111.452
3969 267.343 464.601 525.403 7936 -112.243
3970 266.153 465.848 526.408 7938 -112.178
3971 264.965 467.096 527.413 7940 -111.577
3972 263.779 468.344 528.419 7942 -112.611
3973 262.594 469.592 529.425 7944 -111.833
3974 261.41 470.841 530.432 7946 -111.595
3975 260.228 472.09 531.439 7948 -112.716
3976 259.048 473.339 532.447 7950 -112.305
3977 257.869 474.589 533.456 7952 -112.284
3978 256.687 475.844 534.469 7954 -112.964
3979 255.507 477.099 535.483 7956 -113.39
3980 254.329 478.354 536.497 7958 -112.398
3981 253.153 479.609 537.512 7960 -111.847
3982 251.979 480.864 538.527 7962 -111.847
3983 250.806 482.119 539.542 7964 -112.334
3984 249.636 483.374 540.557 7966 -113.005
3985 248.468 484.629 541.573 7968 -111.831
3986 247.297 485.889 542.593 7970 -111.596
3987 246.129 487.148 543.614 7972 -112.247
3988 244.963 488.407 544.634 7974 -111.592
3989 243.799 489.666 545.655 7976 -111.673
3990 242.637 490.925 546.676 7978 -111.892
3991 241.478 492.182 547.697 7980 -111.803
3992 240.317 493.445 548.722 7982 -111.047
3993 239.158 494.707 549.747 7984 -111.154
3994 238.002 495.968 550.773 7986 -111.534
3995 236.849 497.228 551.798 7988 -110.71
3996 235.694 498.493 552.827 7990 -110.779
3997 234.541 499.757 553.856 7992 -110.97
3998 233.391 501.02 554.886 7994 -111.002
3999 232.24 502.288 555.919 7996 -110.52
4000 231.091 503.554 556.952 7998 -110.463
4001 229.946 504.82 557.985 8000 -110.937
4002 228.804 506.084 559.017 8002 -111.554
4003 227.66 507.352 560.053 8004 -110.395
4004 226.519 508.62 561.089 8006 -109.617
4005 225.382 509.885 562.125 8008 -109.438
4006 224.243 511.155 563.165 8010 -110.524
4007 223.108 512.423 564.204 8012 -110.887
4008 221.972 513.695 565.247 8014 -109.843
4009 220.839 514.966 566.289 8016 -109.833
4010 219.71 516.234 567.331 8018 -111.504
4011 218.58 517.507 568.376 8020 -111.585
4012 217.454 518.777 569.421 8022 -109.196
4013 216.328 520.051 570.469 8024 -109.927
4014 215.205 521.323 571.517 8026 -111.326
4015 214.081 522.599 572.568 8028 -108.508
4016 212.962 523.872 573.619 8030 -110.802
4017 211.842 525.148 574.673 8032 -109.278
4018 210.727 526.423 575.726 8034 -107.279
4019 209.612 527.7 576.782 8036 -114.413
4020 208.501 528.975 577.837 8038 -105.744
4021 207.389 530.253 578.896 8040 -115.486
4022 206.283 531.528 579.954 8042 -105.518
4023 205.177 532.806 581.014 8044 -110.571
4024 204.071 534.086 582.078 8046 -107.474
4025 202.97 535.364 583.141 8048 -108.22
4026 201.869 536.644 584.207 8050 -109.086
4027 200.769 537.926 585.276 8052 -105.182
4028 199.675 539.206 586.343 8054 -110.992
4029 198.581 540.488 587.414 8056 -103.771
4030 197.488 541.771 588.487 8058 -111.568
4031 196.4 543.052 589.558 8060 -105.271
4032 195.314 544.334 590.633 8062 -109.187
4033 194.229 545.618 591.71 8064 -103.757
4034 193.145 546.904 592.79 8066 -106.571
4035 192.064 548.191 593.872 8068 -103.777
4036 190.988 549.474 594.953 8070 -107.28
4037 189.914 550.759 596.036 8072 -104.991
4038 188.841 552.045 597.121 8074 -105.377
4039 187.771 553.332 598.209 8076 -110.382
4040 186.704 554.62 599.299 8078 -104.911
4041 185.638 555.909 600.391 8080 -121.298
4042 184.575 557.198 601.486 8082 -105.773
4043 183.515 558.489 602.582 8084 -110.196
4044 182.458 559.779 603.681 8086 -109.665
4045 181.404 561.07 604.781 8088 -106.556
4046 180.353 562.361 605.883 8090 -110.864
4047 179.305 563.653 606.987 8092 -109.723
4048 178.261 564.944 608.093 8094 -107.152
4049 177.22 566.235 609.2 8096 -108.782
4050 176.18 567.531 610.313 8098 -110.717
4051 175.143 568.826 611.427 8100 -109.026
4052 174.11 570.12 612.543 8102 -108.147
4053 173.082 571.414 613.66 8104 -108.827
4054 172.055 572.711 614.783 8106 -110.174
4055 171.033 574.008 615.906 8108 -110.595
4056 170.015 575.303 617.031 8110 -110.021
4057 168.999 576.601 618.16 8112 -109.393
4058 167.988 577.898 619.29 8114 -109.264
4059 166.98 579.197 620.425 8116 -109.338
4060 165.977 580.495 621.561 8118 -109.073
4061 164.977 581.795 622.701 8120 -108.652
4062 163.983 583.093 623.842 8122 -108.631
4063 162.992 584.392 624.987 8124 -108.897
4064 162.004 585.694 626.136 8126 -108.807
4065 161.02 586.996 627.289 8128 -108.496
4066 160.04 588.3 628.446 8130 -108.809
4067 159.068 589.601 629.603 8132 -109.261
4068 158.1 590.903 630.763 8134 -109.161
4069 157.137 592.205 631.927 8136 -109.58
4070 156.179 593.507 633.095 8138 -109.631
4071 155.224 594.813 634.269 8140 -108.947
4072 154.274 596.119 635.446 8142 -108.839
4073 153.331 597.424 636.626 8144 -108.538
4074 152.395 598.729 637.808 8146 -108.953
4075 151.463 600.036 638.997 8148 -109.078
4076 150.538 601.341 640.188 8150 -108.468
4077 149.618 602.649 641.385 8152 -108.657
4078 148.704 603.958 642.588 8154 -108.813
4079 147.799 605.264 643.792 8156 -108.729
4080 146.9 606.572 645.001 8158 -108.376
4081 146.009 607.88 646.216 8160 -108.773
4082 145.125 609.187 647.435 8162 -108.226
4083 144.246 610.498 648.662 8164 -108.457
4084 143.377 611.808 649.893 8166 -108.442
4085 142.514 613.121 651.131 8168 -108.232
4086 141.662 614.431 652.373 8170 -108.515
4087 140.818 615.742 653.621 8172 -108.071
4088 139.984 617.054 654.876 8174 -108.424
4089 139.159 618.365 656.137 8176 -108.139
4090 138.346 619.675 657.404 8178 -108.25
4091 137.542 620.988 658.679 8180 -108.204
4092 136.75 622.297 659.959 8182 -108.096
4093 135.971 623.608 661.247 8184 -108.177
4094 135.204 624.917 662.542 8186 -107.995
4095 134.449 626.228 663.848 8188 -108.002
4096 133.707 627.54 665.162 8190 -107.81
4097 132.981 628.848 666.483 8192 -107.68
4098 132.27 630.158 667.814 8194 -107.677
4099 131.576 631.465 669.154 8196 -107.562
4100 130.899 632.771 670.503 8198 -107.298
4101 130.241 634.077 671.865 8200 -107.215
4102 129.601 635.382 673.238 8202 -107.275
4103 128.984 636.685 674.621 8204 -107.297
4104 128.389 637.985 676.018 8206 -107.125
4105 127.82 639.282 677.425 8208 -106.859
4106 127.277 640.576 678.846 8210 -106.586
4107 126.762 641.866 680.281 8212 -106.469
4108 126.278 643.153 681.733 8214 -106.498
4109 125.829 644.434 683.199 8216 -106.726
4110 125.417 645.707 684.681 8218 -107.001
4111 125.046 646.975 686.182 8220 -107.189
4112 124.72 648.232 687.7 8222 -107.245
4113 124.444 649.479 689.237 8224 -107.485
4114 124.224 650.712 690.793 8226 -107.987
4115 124.066 651.93 692.371 8228 -108.631
4116 123.978 653.128 693.969 8230 -109.349
4117 123.968 654.302 695.588 8232 -110.896
4118 124.048 655.445 697.225 8234 -113.149
4119 124.228 656.552 698.881 8236 -116.139
4120 124.521 657.611 700.549 8238 -123.155
4121 124.94 658.613 702.225 8240 -136.409
4122 125.5 659.545 703.903 8242 -120.614
4123 126.212 660.391 705.566 8244 -116.302
4124 127.086 661.135 707.202 8246 -115.22
4125 128.124 661.762 708.789 8248 -115.457
4126 129.322 662.259 710.309 8250 -117.087
4127 130.666 662.62 711.742 8252 -120.946
4128 132.138 662.844 713.075 8254 -127.602
4129 133.714 662.935 714.299 8256 -143.465
4130 135.373 662.905 715.415 8258 -127.308
4131 137.087 662.773 716.433 8260 -123.479
4132 138.841 662.555 717.367 8262 -121.128
4133 140.622 662.268 718.228 8264 -120.929
4134 142.421 661.923 719.025 8266 -120.38
4135 144.233 661.529 719.766 8268 -120.864
4136 146.057 661.093 720.459 8270 -121.537
4137 147.888 660.62 721.108 8272 -122.695
4138 149.723 660.116 721.719 8274 -123.914
4139 151.561 659.584 722.294 8276 -123.675
4140 153.401 659.028 722.838 8278 -123.392
4141 155.241 658.451 723.354 8280 -121.369
4142 157.082 657.853 723.844 8282 -119.921
4143 158.926 657.237 724.31 8284 -117.852
4144 160.77 656.605 724.755 8286 -117.057
4145 162.612 655.959 725.179 8288 -115.204
4146 164.451 655.3 725.585 8290 -114.798
4147 166.289 654.629 725.973 8292 -113.332
4148 168.129 653.945 726.345 8294 -112.892
4149 169.966 653.252 726.702 8296 -111.768
4150 171.804 652.548 727.045 8298 -111.607
4151 173.641 651.835 727.375 8300 -110.905
4152 175.474 651.114 727.691 8302 -110.611
4153 177.307 650.385 727.996 8304 -110.348
4154 179.137 649.649 728.29 8306 -109.944
4155 180.969 648.905 728.573 8308 -110.023
4156 182.8 648.153 728.847 8310 -109.691
4157 184.63 647.396 729.11 8312 -109.985
4158 186.458 646.633 729.365 8314 -109.58
4159 188.287 645.863 729.611 8316 -110.216
4160 190.111 645.09 729.848 8318 -109.886
4161 191.934 644.311 730.077 8320 -110.509
4162 193.756 643.528 730.298 8322 -110.508
4163 195.575 642.74 730.512 8324 -111.145
4164 197.396 641.947 730.719 8326 -111.305
4165 199.213 641.151 730.92 8328 -112.113
4166 201.031 640.35 731.113 8330 -112.473
4167 202.849 639.545 731.301 8332 -113.354
4168 204.667 638.736 731.483 8334 -114.059
4169 206.483 637.923 731.658 8336 -114.947
4170 208.297 637.107 731.828 8338 -116.152
4171 210.108 636.289 731.993 8340 -116.792
4172 211.923 635.466 732.152 8342 -118.853
4173 213.734 634.641 732.306 8344 -119.374
4174 215.547 633.811 732.456 8346 -121.15
4175 217.355 632.981 732.6 8348 -121.404
4176 219.164 632.147 732.74 8350 -122.31
4177 220.974 631.31 732.875 8352 -121.211
4178 222.778 630.472 733.005 8354 -120.038
4179 224.582 629.632 733.132 8356 -119.158
4180 226.385 628.789 733.254 8358 -117.919
4181 228.187 627.944 733.372 8360 -116.57
4182 229.987 627.097 733.486 8362 -115.835
4183 231.793 626.246 733.597 8364 -114.879
4184 233.597 625.392 733.704 8366 -114.103
4185 235.398 624.538 733.807 8368 -113.418
4186 237.197 623.682 733.906 8370 -112.959
4187 239 622.822 734.003 8372 -112.315
4188 240.799 621.962 734.095 8374 -111.978
4189 242.594 621.101 734.184 8376 -111.632
4190 244.393 620.236 734.271 8378 -111.185
4191 246.188 619.372 734.354 8380 -111.178
4192 247.985 618.504 734.433 8382 -110.74
4193 249.777 617.637 734.51 8384 -110.783
4194 251.571 616.767 734.584 8386 -110.482
4195 253.368 615.894 734.655 8388 -110.711
4196 255.159 615.022 734.723 8390 -110.318
4197 256.951 614.147 734.788 8392 -110.811
4198 258.745 613.271 734.851 8394 -110.373
4199 260.54 612.391 734.911 8396 -110.899
4200 262.328 611.514 734.968 8398 -110.799
4201 264.117 610.634 735.023 8400 -111.079
4202 265.907 609.753 735.075 8402 -111.374
4203 267.697 608.87 735.125 8404 -111.495
4204 269.487 607.985 735.172 8406 -111.982
4205 271.277 607.099 735.217 8408 -112.157
4206 273.067 606.211 735.26 8410 -112.772
4207 274.857 605.323 735.3 8412 -112.995
4208 276.646 604.433 735.338 8414 -113.816
4209 278.435 603.542 735.374 8416 -114.063
4210 280.223 602.65 735.408 8418 -114.998
4211 282.01 601.757 735.439 8420 -115.523
4212 283.796 600.863 735.468 8422 -116.237
4213 285.581 599.969 735.495 8424 -117.379
4214 287.364 599.075 735.52 8426 -117.759
4215 289.146 598.18 735.544 8428 -119.562
4216 290.926 597.285 735.565 8430 -119.714
4217 292.705 596.389 735.584 8432 -121.721
4218 294.489 595.489 735.601 8434 -122.191
4219 296.272 594.589 735.616 8436 -123.357
4220 298.052 593.69 735.63 8438 -124.112
4221 299.83 592.79 735.641 8440 -123.898
4222 301.614 591.886 735.651 8442 -123.865
4223 303.395 590.983 735.659 8444 -122.86
4224 305.174 590.08 735.665 8446 -122.045
4225 306.949 589.177 735.67 8448 -121.131
4226 308.73 588.271 735.672 8450 -120.12
4227 310.509 587.365 735.673 8452 -119.301
4228 312.284 586.46 735.673 8454 -118.557
4229 314.064 585.552 735.67 8456 -117.718
4230 315.841 584.644 735.666 8458 -117.174
4231 317.614 583.737 735.661 8460 -116.646
4232 319.393 582.827 735.653 8462 -115.975
4233 321.167 581.918 735.645 8464 -115.78
4234 322.947 581.005 735.634 8466 -115.159
4235 324.723 580.094 735.622 8468 -114.904
4236 326.494 579.184 735.609 8470 -114.706
4237 328.271 578.271 735.594 8472 -114.149
4238 330.043 577.359 735.578 8474 -114.343
4239 331.819 576.444 735.56 8476 -113.742
4240 333.591 575.53 735.54 8478 -113.846
4241 335.368 574.614 735.52 8480 -113.686
4242 337.14 573.699 735.497 8482 -113.37
4243 338.916 572.782 735.474 8484 -113.636
4244 340.688 571.866 735.449 8486 -113.276
4245 342.463 570.947 735.422 8488 -113.374
4246 344.234 570.03 735.394 8490 -113.429
4247 346.009 569.111 735.365 8492 -113.262
4248 347.778 568.193 735.335 8494 -113.447
4249 349.552 567.273 735.303 8496 -113.593
4250 351.32 566.355 735.27 8498 -113.485
4251 353.092 565.434 735.236 8500 -113.786
4252 354.859 564.516 735.2 8502 -113.879
4253 356.629 563.595 735.163 8504 -113.892
4254 358.402 562.672 735.125 8506 -114.15
4255 360.17 561.751 735.085 8508 -114.378
4256 361.942 560.827 735.045 8510 -114.572
4257 363.708 559.907 735.003 8512 -114.691
4258 365.477 558.983 734.96 8514 -115.223
4259 367.249 558.058 734.915 8516 -115.101
4260 369.015 557.135 734.87 8518 -115.646
4261 370.785 556.21 734.823 8520 -116.01
4262 372.548 555.288 734.775 8522 -116.133
4263 374.315 554.364 734.726 8524 -116.517
4264 376.084 553.437 734.676 8526 -117.185
4265 377.848 552.513 734.625 8528 -117.118
4266 379.614 551.588 734.572 8530 -117.834
4267 381.383 550.66 734.518 8532 -118.327
4268 383.145 549.736 734.464 8534 -118.593
4269 384.91 548.809 734.408 8536 -119.148
4270 386.678 547.881 734.351 8538 -119.667
4271 388.439 546.955 734.293 8540 -120.308
4272 390.203 546.028 734.234 8542 -120.777
4273 391.97 545.099 734.174 8544 -121.24
4274 393.739 544.169 734.112 8546 -122.412
4275 395.501 543.241 734.05 8548 -122.461
4276 397.265 542.312 733.987 8550 -123.203
4277 399.032 541.382 733.922 8552 -124.429
4278 400.792 540.454 733.857 8554 -124.633
4279 402.554 539.525 733.79 8556 -125.279
4280 404.318 538.595 733.723 8558 -126.629
4281 406.085 537.663 733.654 8560 -126.851
4282 407.844 536.734 733.585 8562 -127.829
4283 409.606 535.804 733.514 8564 -127.648
4284 411.369 534.872 733.442 8566 -128.543
4285 413.135 533.939 733.37 8568 -129.351
4286 414.893 533.01 733.296 8570 -128.541
4287 416.653 532.079 733.222 8572 -128.08
4288 418.415 531.147 733.146 8574 -128.915
4289 420.179 530.214 733.07 8576 -128.068
4290 421.944 529.279 732.992 8578 -127.9
4291 423.702 528.349 732.914 8580 -126.897
4292 425.462 527.417 732.835 8582 -126.591
4293 427.224 526.483 732.754 8584 -126.802
4294 428.987 525.549 732.673 8586 -125.953
4295 430.752 524.613 732.591 8588 -124.964
4296 432.509 523.682 732.508 8590 -125.318
4297 434.267 522.749 732.424 8592 -124.595
4298 436.027 521.815 732.339 8594 -124.361
4299 437.789 520.88 732.253 8596 -123.917
4300 439.552 519.944 732.166 8598 -123.395
4301 441.316 519.007 732.078 8600 -123.594
4302 443.073 518.075 731.99 8602 -123.251
4303 444.83 517.141 731.9 8604 -122.616
4304 446.589 516.206 731.81 8606 -122.406
4305 448.349 515.271 731.719 8608 -122.625
4306 450.111 514.334 731.626 8610 -122.09
4307 451.874 513.397 731.533 8612 -122.074
4308 453.628 512.464 731.439 8614 -121.87
4309 455.383 511.53 731.345 8616 -121.446
4310 457.14 510.595 731.249 8618 -121.726
4311 458.897 509.66 731.153 8620 -121.478
4312 460.656 508.724 731.055 8622 -121.197
4313 462.416 507.787 730.957 8624 -121.095
4314 464.176 506.849 730.857 8626 -121.162
4315 465.938 505.911 730.757 8628 -121.028
4316 467.701 504.972 730.656 8630 -120.928
4317 469.454 504.037 730.555 8632 -120.939
4318 471.209 503.102 730.452 8634 -120.565
4319 472.964 502.167 730.349 8636 -120.776
4320 474.72 501.231 730.245 8638 -120.815
4321 476.477 500.294 730.14 8640 -120.553
4322 478.235 499.357 730.034 8642 -120.659
4323 479.993 498.419 729.927 8644 -120.465
4324 481.752 497.481 729.819 8646 -120.447
4325 483.512 496.542 729.711 8648 -120.636
4326 485.272 495.603 729.601 8650 -120.593
4327 487.033 494.664 729.491 8652 -120.409
4328 488.794 493.724 729.38 8654 -120.3
4329 490.546 492.789 729.268 8656 -120.531
4330 492.298 491.853 729.156 8658 -120.45
4331 494.051 490.918 729.043 8660 -120.409
4332 495.804 489.982 728.929 8662 -120.629
4333 497.558 489.045 728.814 8664 -120.334
4334 499.312 488.109 728.699 8666 -120.286
4335 501.066 487.172 728.582 8668 -120.534
4336 502.821 486.235 728.465 8670 -120.436
4337 504.576 485.298 728.347 8672 -120.558
4338 506.331 484.361 728.228 8674 -120.63
4339 508.086 483.423 728.108 8676 -120.395
4340 509.841 482.485 727.988 8678 -120.384
4341 511.596 481.548 727.866 8680 -120.514
4342 513.352 480.61 727.744 8682 -120.619
4343 515.108 479.672 727.621 8684 -120.629
4344 516.863 478.734 727.497 8686 -120.634
4345 518.619 477.796 727.373 8688 -120.708
4346 520.374 476.858 727.247 8690 -120.563
4347 522.13 475.92 727.121 8692 -120.532
4348 523.885 474.982 726.994 8694 -120.751
4349 525.64 474.044 726.867 8696 -120.687
4350 527.395 473.106 726.738 8698 -120.744
4351 529.15 472.168 726.609 8700 -121.024
4352 530.904 471.231 726.479 8702 -120.837
4353 532.659 470.293 726.348 8704 -120.696
4354 534.413 469.356 726.217 8706 -120.896
4355 536.166 468.419 726.084 8708 -120.821
4356 537.92 467.482 725.951 8710 -120.832
4357 539.673 466.545 725.817 8712 -121.154
4358 541.425 465.609 725.683 8714 -121.138
4359 543.177 464.672 725.548 8716 -121.027
4360 544.929 463.737 725.411 8718 -121.173
4361 546.68 462.801 725.275 8720 -121.147
4362 548.43 461.866 725.137 8722 -121.051
4363 550.19 460.926 724.998 8724 -121.207
4364 551.949 459.986 724.858 8726 -121.311
4365 553.708 459.047 724.718 8728 -121.305
4366 555.465 458.108 724.576 8730 -121.435
4367 557.222 457.169 724.435 8732 -121.576
4368 558.979 456.231 724.292 8734 -121.576
4369 560.734 455.294 724.148 8736 -121.587
4370 562.489 454.357 724.004 8738 -121.66
4371 564.243 453.42 723.859 8740 -121.674
4372 565.996 452.484 723.714 8742 -121.682
4373 567.748 451.549 723.568 8744 -121.812
4374 569.499 450.614 723.421 8746 -121.971
4375 571.249 449.68 723.273 8748 -122.081
4376 573.008 448.742 723.124 8750 -122.191
4377 574.765 447.804 722.974 8752 -122.395
4378 576.522 446.866 722.823 8754 -122.418
4379 578.278 445.93 722.672 8756 -122.459
4380 580.032 444.994 722.52 8758 -122.575
4381 581.785 444.059 722.367 8760 -122.693
4382 583.538 443.125 722.214 8762 -122.749
4383 585.288 442.191 722.06 8764 -122.96
4384 587.048 441.253 721.904 8766 -123.226
4385 588.805 440.316 721.748 8768 -123.324
4386 590.562 439.38 721.591 8770 -123.595
4387 592.317 438.445 721.434 8772 -123.877
4388 594.071 437.511 721.276 8774 -123.995
4389 595.823 436.577 721.117 8776 -124.236
4390 597.574 435.645 720.957 8778 -124.541
4391 599.333 434.709 720.796 8780 -124.741
4392 601.09 433.773 720.634 8782 -124.961
4393 602.846 432.839 720.472 8784 -125.285
4394 604.6 431.905 720.309 8786 -125.555
4395 606.352 430.973 720.145 8788 -125.861
4396 608.102 430.042 719.981 8790 -126.226
4397 609.861 429.107 719.815 8792 -126.7
4398 611.618 428.173 719.648 8794 -127.173
4399 613.372 427.24 719.481 8796 -127.765
4400 615.125 426.309 719.313 8798 -128.446
4401 616.876 425.378 719.145 8800 -128.824
4402 618.635 424.444 718.975 8802 -129.432
4403 620.392 423.511 718.804 8804 -130.273
4404 622.146 422.58 718.633 8806 -130.703
4405 623.899 421.65 718.461 8808 -131.004
4406 625.659 420.716 718.287 8810 -131.836
4407 627.416 419.784 718.113 8812 -132.405
4408 629.172 418.853 717.939 8814 -132.15
4409 630.925 417.924 717.763 8816 -132.168
4410 632.676 416.996 717.587 8818 -132.36
4411 634.435 416.064 717.41 8820 -131.733
4412 636.19 415.134 717.232 8822 -130.849
4413 637.944 414.206 717.053 8824 -130.346
4414 639.704 413.274 716.873 8826 -129.672
4415 641.462 412.344 716.692 8828 -128.502
4416 643.217 411.416 716.511 8830 -127.724
4417 644.97 410.489 716.328 8832 -127.031
4418 646.73 409.559 716.145 8834 -126.075
4419 648.486 408.631 715.961 8836 -125.278
4420 650.241 407.705 715.776 8838 -124.718
4421 652.001 406.775 715.589 8840 -123.866
4422 653.759 405.848 715.402 8842 -123.272
4423 655.514 404.922 715.215 8844 -122.625
4424 657.266 403.998 715.027 8846 -122.051
4425 659.025 403.072 714.837 8848 -121.454
4426 660.78 402.147 714.647 8850 -120.882
4427 662.532 401.224 714.456 8852 -120.627
4428 664.291 400.299 714.263 8854 -119.953
4429 666.046 399.375 714.07 8856 -119.672
4430 667.807 398.449 713.876 8858 -119.314
4431 669.565 397.525 713.68 8860 -118.766
4432 671.32 396.603 713.485 8862 -118.627
4433 673.08 395.679 713.287 8864 -118.168
4434 674.837 394.756 713.089 8866 -117.907
4435 676.591 393.837 712.891 8868 -117.601
4436 678.35 392.914 712.691 8870 -117.397
4437 680.106 391.994 712.49 8872 -117.063
4438 681.867 391.072 712.288 8874 -116.859
4439 683.624 390.152 712.085 8876 -116.728
4440 685.386 389.23 711.881 8878 -116.446
4441 687.145 388.311 711.676 8880 -116.324
4442 688.9 387.394 711.471 8882 -116.222
4443 690.66 386.475 711.264 8884 -116.045
4444 692.416 385.558 711.056 8886 -115.976
4445 694.176 384.64 710.847 8888 -115.913
4446 695.933 383.724 710.637 8890 -115.904
4447 697.694 382.807 710.426 8892 -115.752
4448 699.451 381.892 710.214 8894 -115.965
4449 701.212 380.975 710.001 8896 -115.815
4450 702.97 380.062 709.787 8898 -115.979
4451 704.731 379.147 709.572 8900 -116.062
4452 706.488 378.235 709.356 8902 -116.073
4453 708.249 377.321 709.138 8904 -116.514
4454 710.005 376.41 708.92 8906 -116.504
4455 711.766 375.499 708.7 8908 -116.694
4456 713.53 374.585 708.479 8910 -117.293
4457 715.289 373.675 708.257 8912 -117.384
4458 717.052 372.764 708.034 8914 -117.853
4459 718.81 371.856 707.81 8916 -118.489
4460 720.572 370.948 707.584 8918 -118.576
4461 722.336 370.038 707.357 8920 -119.213
4462 724.096 369.132 707.129 8922 -120.378
4463 725.858 368.224 706.9 8924 -121.171
4464 727.624 367.317 706.669 8926 -122.02
4465 729.384 366.412 706.438 8928 -123.047
4466 731.147 365.508 706.205 8930 -124.175
4467 732.912 364.602 705.971 8932 -124.97
4468 734.672 363.701 705.736 8934 -126.125
4469 736.434 362.799 705.499 8936 -126.837
4470 738.198 361.897 705.261 8938 -127.641
4471 739.965 360.995 705.021 8940 -127.506
4472 741.725 360.097 704.781 8942 -126.18
4473 743.488 359.199 704.539 8944 -124.982
4474 745.252 358.301 704.296 8946 -123.666
4475 747.018 357.403 704.051 8948 -122.383
4476 748.785 356.505 703.804 8950 -121.261
4477 750.554 355.608 703.556 8952 -120.195
4478 752.323 354.711 703.306 8954 -118.974
4479 754.086 353.819 703.056 8956 -118.183
4480 755.85 352.928 702.804 8958 -117.281
4481 757.615 352.037 702.55 8960 -116.61
4482 759.38 351.147 702.295 8962 -116.001
4483 761.146 350.258 702.039 8964 -115.4
4484 762.912 349.37 701.781 8966 -114.91
4485 764.678 348.484 701.521 8968 -114.451
4486 766.444 347.598 701.26 8970 -114.013
4487 768.21 346.714 700.997 8972 -113.666
4488 769.976 345.832 700.732 8974 -113.268
4489 771.749 344.947 700.465 8976 -113.057
4490 773.521 344.064 700.196 8978 -112.865
4491 775.292 343.183 699.926 8980 -112.673
4492 777.061 342.304 699.654 8982 -112.556
4493 778.83 341.428 699.38 8984 -112.483
4494 780.604 340.55 699.104 8986 -112.47
4495 782.377 339.674 698.826 8988 -112.533
4496 784.148 338.801 698.547 8990 -112.571
4497 785.923 337.927 698.264 8992 -112.731
4498 787.697 337.056 697.981 8994 -112.952
4499 789.467 336.188 697.695 8996 -113.237
4500 791.242 335.32 697.407 8998 -113.617
4501 793.014 334.455 697.118 9000 -113.879
4502 794.79 333.59 696.826 9002 -114.502
4503 796.569 332.725 696.531 9004 -115.064
4504 798.344 331.865 696.234 9006 -115.54
4505 800.122 331.005 695.935 9008 -116.307
4506 801.902 330.146 695.633 9010 -117.128
4507 803.678 329.291 695.329 9012 -118.196
4508 805.455 328.438 695.023 9014 -119.412
4509 807.234 327.586 694.714 9016 -120.686
4510 809.013 326.737 694.402 9018 -122.158
4511 810.794 325.889 694.088 9020 -123.258
4512 812.574 325.044 693.771 9022 -124.465
4513 814.355 324.202 693.451 9024 -124.817
4514 816.134 323.363 693.129 9026 -123.86
4515 817.92 322.523 692.802 9028 -122.189
4516 819.703 321.688 692.473 9030 -120.283
4517 821.485 320.856 692.142 9032 -118.749
4518 823.271 320.026 691.806 9034 -117.586
4519 825.054 319.2 691.468 9036 -116.651
4520 826.839 318.376 691.126 9038 -115.613
4521 828.626 317.554 690.78 9040 -114.548
4522 830.415 316.736 690.43 9042 -113.874
4523 832.205 315.921 690.077 9044 -113.186
4524 833.995 315.109 689.719 9046 -112.596
4525 835.784 314.302 689.358 9048 -112.193
4526 837.572 313.5 688.993 9050 -111.936
4527 839.364 312.7 688.623 9052 -111.583
4528 841.159 311.904 688.248 9054 -111.155
4529 842.955 311.111 687.868 9056 -111.107
4530 844.752 310.323 687.483 9058 -110.905
4531 846.549 309.54 687.093 9060 -110.833
4532 848.345 308.764 686.698 9062 -110.973
4533 850.144 307.991 686.297 9064 -110.981
4534 851.945 307.224 685.89 9066 -111.152
4535 853.746 306.463 685.477 9068 -111.506
4536 855.546 305.71 685.058 9070 -111.778
4537 857.349 304.962 684.632 9072 -112.242
4538 859.152 304.221 684.198 9074 -112.717
4539 860.955 303.489 683.757 9076 -113.283
4540 862.76 302.764 683.308 9078 -114.185
4541 864.566 302.048 682.851 9080 -114.803
4542 866.373 301.341 682.384 9082 -115.989
4543 868.185 300.643 681.907 9084 -117.082
4544 869.998 299.955 681.419 9086 -118.427
4545 871.81 299.28 680.92 9088 -120.014
4546 873.626 298.617 680.409 9090 -121.779
4547 875.441 297.968 679.884 9092 -123.314
4548 877.255 297.335 679.346 9094 -124.222
4549 879.072 296.719 678.792 9096 -123.769
4550 880.891 296.121 678.221 9098 -122.635
4551 882.711 295.544 677.63 9100 -120.859
4552 884.529 294.991 677.018 9102 -119.437
4553 886.347 294.461 676.381 9104 -118.049
4554 888.16 293.95 675.717 9106 -117.122
4555 889.97 293.46 675.026 9108 -116.497
4556 891.776 292.99 674.306 9110 -115.982
4557 893.573 292.544 673.559 9112 -115.714
4558 895.365 292.12 672.782 9114 -115.265
4559 897.15 291.719 671.975 9116 -115.28
4560 898.926 291.343 671.139 9118 -114.977
4561 900.691 290.993 670.272 9120 -115.116
4562 902.446 290.668 669.375 9122 -115.018
4563 904.189 290.37 668.446 9124 -115.239
4564 905.921 290.1 667.485 9126 -115.676
4565 907.639 289.859 666.492 9128 -116.286
4566 909.341 289.646 665.468 9130 -116.655
4567 911.028 289.464 664.41 9132 -117.257
4568 912.695 289.313 663.321 9134 -117.781
4569 914.346 289.193 662.199 9136 -118.648
4570 915.975 289.105 661.044 9138 -119.562
4571 917.583 289.05 659.857 9140 -120.432
4572 919.166 289.029 658.639 9142 -121.94
4573 920.725 289.042 657.389 9144 -122.524
4574 922.258 289.089 656.107 9146 -123.319
4575 923.763 289.171 654.795 9148 -124.183
4576 925.24 289.288 653.452 9150 -126.584
4577 926.686 289.441 652.081 9152 -127.847
4578 928.101 289.63 650.68 9154 -129.149
4579 929.481 289.854 649.253 9156 -128.905
4580 930.826 290.113 647.8 9158 -130.395
4581 932.136 290.408 646.321 9160 -130.372
4582 933.411 290.739 644.816 9162 -131.049
4583 934.647 291.105 643.29 9164 -129.534
4584 935.845 291.505 641.741 9166 -128.211
4585 937.003 291.94 640.173 9168 -125.676
4586 938.121 292.409 638.584 9170 -123.643
4587 939.199 292.91 636.978 9172 -121.339
4588 940.235 293.444 635.356 9174 -119.117
4589 941.231 294.01 633.718 9176 -117.332
4590 942.184 294.606 632.067 9178 -115.361
4591 943.096 295.233 630.404 9180 -113.815
4592 943.966 295.889 628.728 9182 -112.268
4593 944.794 296.573 627.044 9184 -110.931
4594 945.581 297.286 625.349 9186 -109.69
4595 946.326 298.024 623.649 9188 -108.67
4596 947.029 298.788 621.943 9190 -107.551
4597 947.693 299.578 620.229 9192 -106.746
4598 948.315 300.391 618.513 9194 -105.899
4599 948.897 301.227 616.794 9196 -105.059
4600 949.44 302.085 615.073 9198 -104.426
4601 949.944 302.964 613.351 9200 -103.818
4602 950.409 303.864 611.628 9202 -103.191
4603 950.837 304.784 609.904 9204 -102.686
4604 951.227 305.721 608.184 9206 -102.252
4605 951.58 306.677 606.464 9208 -101.754
4606 951.897 307.649 604.749 9210 -101.334
4607 952.18 308.638 603.036 9212 -101.186
4608 952.427 309.644 601.325 9214 -101.045
4609 952.64 310.664 599.62 9216 -100.775
4610 952.82 311.699 597.918 9218 -100.405
4611 952.967 312.746 596.223 9220 -100.218
4612 953.082 313.808 594.532 9222 -100.31
4613 953.165 314.881 592.849 9224 -100.269
4614 953.218 315.966 591.172 9226 -99.8828
4615 953.24 317.062 589.502 9228 -99.7909
4616 953.232 318.17 587.839 9230 -99.8986
4617 953.195 319.288 586.183 9232 -99.7909
4618 953.129 320.417 584.533 9234 -99.7049
4619 953.035 321.553 582.894 9236 -99.8995
4620 952.914 322.699 581.262 9238 -99.67
4621 952.766 323.854 579.638 9240 -99.5637
4622 952.591 325.017 578.022 9242 -99.7393
4623 952.39 326.187 576.415 9244 -99.5002
4624 952.163 327.366 574.818 9246 -99.7357
4625 951.912 328.551 573.229 9248 -99.636
4626 951.636 329.742 571.65 9250 -99.6387
4627 951.335 330.942 570.079 9252 -99.5765
4628 951.01 332.147 568.517 9254 -99.4982
4629 950.663 333.357 566.967 9256 -99.5229
4630 950.291 334.574 565.424 9258 -99.4318
4631 949.898 335.795 563.892 9260 -99.4502
4632 949.482 337.021 562.372 9262 -99.3114
4633 949.044 338.252 560.86 9264 -99.4334
4634 948.585 339.488 559.357 9266 -99.3781
4635 948.104 340.728 557.867 9268 -99.3051
4636 947.602 341.972 556.386 9270 -99.3556
4637 947.08 343.22 554.915 9272 -99.1286
4638 946.536 344.472 553.454 9274 -99.2252
4639 945.974 345.726 552.006 9276 -99.0721
4640 945.391 346.984 550.568 9278 -98.8358
4641 944.789 348.244 549.141 9280 -99.0391
4642 944.168 349.507 547.725 9282 -98.7342
4643 943.528 350.773 546.319 9284 -98.59
4644 942.868 352.044 544.923 9286 -98.7338
4645 942.189 353.316 543.538 9288 -98.4628
4646 941.492 354.59 542.165 9290 -98.2268
4647 940.778 355.865 540.803 9292 -98.3015
4648 940.046 357.142 539.454 9294 -98.2996
4649 939.295 358.422 538.114 9296 -97.9705
4650 938.527 359.703 536.786 9298 -97.7885
4651 937.742 360.984 535.471 9300 -97.8542
4652 936.939 362.267 534.166 9302 -97.8889
4653 936.12 363.551 532.874 9304 -97.7082
4654 935.284 364.837 531.593 9306 -97.396
4655 934.431 366.122 530.325 9308 -97.2767
4656 933.561 367.408 529.068 9310 -97.1703
4657 932.675 368.697 527.821 9312 -97.2836
4658 931.773 369.984 526.589 9314 -97.2021
4659 930.855 371.272 525.368 9316 -97.0725
4660 929.92 372.561 524.158 9318 -97.109
4661 928.97 373.848 522.962 9320 -96.9255
4662 928.005 375.136 521.779 9322 -96.9177
4663 927.024 376.424 520.607 9324 -96.8286
4664 926.027 377.712 519.447 9326 -96.9407
4665 925.014 379 518.3 9328 -96.9021
4666 923.988 380.284 517.168 9330 -96.9386
4667 922.947 381.569 516.048 9332 -97.0079
4668 921.891 382.853 514.941 9334 -97.0057
4669 920.82 384.136 513.847 9336 -97.2661
4670 919.734 385.418 512.766 9338 -97.4335
4671 918.634 386.698 511.698 9340 -97.6239
4672 917.519 387.977 510.644 9342 -97.9467
4673 916.39 389.255 509.603 9344 -98.1875
4674 915.246 390.531 508.575 9346 -98.3012
4675 914.089 391.805 507.562 9348 -98.532
4676 912.918 393.077 506.562 9350 -98.8699
4677 911.734 394.347 505.576 9352 -99.3298
4678 910.535 395.614 504.605 9354 -100.195
4679 909.321 396.881 503.645 9356 -100.785
4680 908.094 398.146 502.701 9358 -101.182
4681 906.854 399.408 501.771 9360 -101.831
4682 905.6 400.666 500.855 9362 -103.128
4683 904.334 401.922 499.954 9364 -104.139
4684 903.055 403.174 499.069 9366 -104.879
4685 901.764 404.422 498.198 9368 -106.347
4686 900.457 405.67 497.34 9370 -108.156
4687 899.138 406.914 496.498 9372 -109.138
4688 897.807 408.153 495.672 9374 -109.74
4689 896.464 409.389 494.861 9376 -110.949
4690 895.109 410.621 494.065 9378 -109.348
4691 893.739 411.85 493.284 9380 -108.314
4692 892.358 413.075 492.518 9382 -107.462
4693 890.965 414.296 491.769 9384 -105.234
4694 889.561 415.511 491.035 9386 -104.365
4695 888.145 416.722 490.318 9388 -103.25
4696 886.716 417.93 489.615 9390 -102.466
4697 885.275 419.133 488.929 9392 -101.368
4698 883.823 420.331 488.26 9394 -101.078
4699 882.361 421.523 487.607 9396 -100.315
4700 880.884 422.712 486.969 9398 -100.072
4701 879.397 423.896 486.348 9400 -99.7633
4702 877.9 425.073 485.744 9402 -99.263
4703 876.392 426.245 485.157 9404 -99.3575
4704 874.875 427.411 484.587 9406 -99.2408
4705 873.347 428.57 484.034 9408 -99.2346
4706 871.806 429.725 483.498 9410 -99.4779
4707 870.255 430.874 482.978 9412 -99.5751
4708 868.694 432.017 482.476 9414 -99.9777
4709 867.123 433.153 481.991 9416 -100.317
4710 865.544 434.282 481.524 9418 -101.118
4711 863.954 435.404 481.075 9420 -101.78
4712 862.356 436.519 480.643 9422 -102.65
4713 860.748 437.627 480.229 9424 -103.462
4714 859.128 438.731 479.832 9426 -104.737
4715 857.5 439.826 479.453 9428 -106.159
4716 855.862 440.915 479.092 9430 -108.339
4717 854.215 441.996 478.748 9432 -110.546
4718 852.56 443.069 478.423 9434 -113.455
4719 850.897 444.135 478.116 9436 -114.359
4720 849.225 445.193 477.827 9438 -113.496
4721 847.545 446.243 477.557 9440 -111.483
4722 845.857 447.285 477.304 9442 -109.526
4723 844.165 448.316 477.071 9444 -108.232
4724 842.465 449.34 476.855 9446 -106.681
4725 840.757 450.355 476.658 9448 -105.844
4726 839.042 451.362 476.48 9450 -104.905
4727 837.319 452.361 476.319 9452 -104.146
4728 835.589 453.351 476.177 9454 -103.842
4729 833.852 454.332 476.054 9456 -103.443
4730 832.11 455.304 475.949 9458 -103.375
4731 830.36 456.265 475.865 9460 -103.616
4732 828.606 457.216 475.802 9462 -103.806
4733 826.845 458.159 475.757 9464 -104.131
4734 825.079 459.093 475.73 9466 -104.698
4735 823.309 460.019 475.718 9468 -105.207
4736 821.537 460.936 475.722 9470 -105.973
4737 819.757 461.848 475.739 9472 -106.991
4738 817.977 462.752 475.769 9474 -108.125
4739 816.195 463.65 475.812 9476 -109.459
4740 814.406 464.543 475.866 9478 -111.52
4741 812.62 465.428 475.931 9480 -113.54
4742 810.827 466.31 476.006 9482 -115.839
4743 809.035 467.186 476.09 9484 -118.631
4744 807.239 468.057 476.184 9486 -119.611
4745 805.442 468.924 476.286 9488 -118.144
4746 803.645 469.785 476.397 9490 -115.849
4747 801.843 470.643 476.516 9492 -113.845
4748 800.044 471.496 476.642 9494 -112.01
4749 798.243 472.344 476.775 9496 -111.024
4750 796.441 473.189 476.915 9498 -110.192
4751 794.634 474.032 477.062 9500 -109.314
4752 792.828 474.87 477.215 9502 -108.88
4753 791.019 475.707 477.374 9504 -108.556
4754 789.212 476.538 477.539 9506 -108.541
4755 787.404 477.366 477.709 9508 -108.443
4756 785.594 478.192 477.885 9510 -108.561
4757 783.784 479.015 478.066 9512 -108.73
4758 781.974 479.834 478.252 9514 -109.098
4759 780.165 480.65 478.442 9516 -109.567
4760 778.351 481.464 478.638 9518 -110.397
4761 776.539 482.276 478.838 9520 -111.002
4762 774.724 483.085 479.042 9522 -112.11
4763 772.913 483.891 479.251 9524 -113.021
4764 771.098 484.695 479.464 9526 -114.221
4765 769.282 485.498 479.68 9528 -115.754
4766 767.464 486.298 479.901 9530 -117.884
4767 765.645 487.097 480.126 9532 -119.786
4768 763.825 487.894 480.354 9534 -123.265
4769 762.005 488.689 480.586 9536 -125.932
4770 760.185 489.481 480.822 9538 -125.588
4771 758.365 490.271 481.06 9540 -122.382
4772 756.547 491.059 481.302 9542 -120.92
4773 754.73 491.844 481.547 9544 -119.283
4774 752.907 492.629 481.795 9546 -117.615
4775 751.087 493.412 482.046 9548 -116.694
4776 749.269 494.191 482.3 9550 -115.816
4777 747.447 494.971 482.557 9552 -115.359
4778 745.628 495.747 482.816 9554 -114.931
4779 743.805 496.523 483.079 9556 -114.796
4780 741.985 497.296 483.344 9558 -114.01
4781 740.163 498.069 483.612 9560 -114.252
4782 738.344 498.838 483.882 9562 -114.234
4783 736.523 499.607 484.154 9564 -113.812
4784 734.7 500.375 484.43 9566 -114.825
4785 732.881 501.14 484.707 9568 -114.589
4786 731.061 501.904 484.986 9570 -115.121
4787 729.238 502.667 485.268 9572 -115.676
4788 727.414 503.43 485.553 9574 -116.638
4789 725.589 504.191 485.84 9576 -116.405
4790 723.762 504.952 486.129 9578 -117.871
4791 721.942 505.709 486.42 9580 -117.838
4792 720.121 506.464 486.712 9582 -119.523
4793 718.3 507.219 487.007 9584 -120.987
4794 716.478 507.973 487.304 9586 -120.81
4795 714.656 508.725 487.603 9588 -124.293
4796 712.833 509.476 487.903 9590 -124.318
4797 711.011 510.226 488.206 9592 -124.647
4798 709.189 510.975 488.51 9594 -130.739
4799 707.368 511.722 488.816 9596 -128.961
4800 705.547 512.468 489.124 9598 -129.238
4801 703.719 513.215 489.434 9600 -137.661
4802 701.892 513.961 489.747 9602 -131.214
4803 700.066 514.706 490.06 9604 -127.107
4804 698.241 515.449 490.375 9606 -130.509
4805 696.417 516.19 490.692 9608 -129.392
4806 694.595 516.93 491.01 9610 -121.414
4807 692.767 517.671 491.331 9612 -121.513
4808 690.94 518.411 491.652 9614 -120.382
4809 689.115 519.149 491.975 9616 -122.498
4810 687.292 519.885 492.3 9618 -129.965
4811 685.463 520.622 492.626 9620 -138.931
4812 683.637 521.358 492.954 9622 -126.727
4813 681.813 522.092 493.283 9624 -122.477
4814 679.983 522.827 493.615 9626 -122.408
4815 678.155 523.56 493.947 9628 -122.701
4816 676.331 524.291 494.28 9630 -123.743
4817 674.501 525.023 494.615 9632 -126.412
4818 672.674 525.753 494.952 9634 -127.694
4819 670.85 526.482 495.289 9636 -130.892
4820 669.021 527.211 495.628 9638 -130.367
4821 667.195 527.938 495.968 9640 -129.536
4822 665.365 528.666 496.31 9642 -126.038
4823 663.537 529.392 496.653 9644 -125.203
4824 661.714 530.116 496.996 9646 -124.154
4825 659.886 530.841 497.342 9648 -123.916
4826 658.061 531.563 497.688 9650 -124.148
4827 656.232 532.287 498.036 9652 -124.539
4828 654.408 533.008 498.384 9654 -125.685
4829 652.578 533.73 498.734 9656 -126.493
4830 650.753 534.45 499.085 9658 -126.846
4831 648.924 535.171 499.438 9660 -127.8
4832 647.099 535.889 499.791 9662 -127.624
4833 645.269 536.608 500.146 9664 -127.555
4834 643.445 537.324 500.501 9666 -128.358
4835 641.616 538.042 500.858 9668 -129.64
4836 639.793 538.757 501.215 9670 -128.492
4837 637.965 539.472 501.574 9672 -128.684
4838 636.133 540.189 501.934 9674 -129.713
4839 634.307 540.902 502.295 9676 -129.248
4840 632.477 541.617 502.658 9678 -128.773
4841 630.652 542.329 503.02 9680 -129.422
4842 628.823 543.041 503.384 9682 -130.819
4843 626.991 543.755 503.75 9684 -130.978
4844 625.165 544.465 504.116 9686 -130.256
4845 623.335 545.176 504.484 9688 -129.855
4846 621.511 545.885 504.851 9690 -130.675
4847 619.683 546.593 505.22 9692 -131.46
4848 617.852 547.303 505.59 9694 -131.802
4849 616.027 548.01 505.961 9696 -131.661
4850 614.199 548.717 506.332 9698 -131.25
4851 612.368 549.425 506.706 9700 -131.363
4852 610.543 550.13 507.079 9702 -131.207
4853 608.715 550.835 507.453 9704 -131.36
4854 606.884 551.541 507.829 9706 -131.004
4855 605.059 552.244 508.205 9708 -130.823
4856 603.232 552.947 508.582 9710 -131.107
4857 601.402 553.651 508.96 9712 -131.317
4858 599.578 554.352 509.338 9714 -131.485
4859 597.752 555.053 509.718 9716 -130.934
4860 595.923 555.755 510.099 9718 -130.897
4861 594.092 556.457 510.481 9720 -130.368
4862 592.267 557.156 510.862 9722 -130.679
4863 590.44 557.855 511.245 9724 -130.279
4864 588.611 558.555 511.629 9726 -130.086
4865 586.779 559.255 512.015 9728 -130.253
4866 584.954 559.952 512.399 9730 -130.207
4867 583.127 560.649 512.785 9732 -129.566
4868 581.298 561.346 513.173 9734 -129.76
4869 579.467 562.044 513.561 9736 -128.973
4870 577.643 562.738 513.949 9738 -128.283
4871 575.817 563.433 514.338 9740 -128.314
4872 573.989 564.128 514.728 9742 -127.746
4873 572.159 564.823 515.119 9744 -127.9
4874 570.327 565.518 515.512 9746 -127.227
4875 568.503 566.21 515.903 9748 -127.08
4876 566.677 566.902 516.296 9750 -126.493
4877 564.849 567.595 516.69 9752 -125.836
4878 563.019 568.287 517.085 9754 -125.426
4879 561.188 568.98 517.481 9756 -124.927
4880 559.354 569.673 517.878 9758 -124.588
4881 557.529 570.362 518.274 9760 -124.447
4882 555.703 571.051 518.671 9762 -123.948
4883 553.875 571.741 519.069 9764 -123.519
4884 552.045 572.43 519.469 9766 -123.031
4885 550.214 573.12 519.869 9768 -122.416
4886 548.381 573.81 520.27 9770 -122.28
4887 546.557 574.496 520.67 9772 -122.167
4888 544.732 575.182 521.071 9774 -121.605
4889 542.905 575.868 521.473 9776 -121.128
4890 541.077 576.554 521.876 9778 -120.718
4891 539.248 577.241 522.28 9780 -120.188
4892 537.417 577.927 522.684 9782 -119.92
4893 535.586 578.613 523.09 9784 -119.708
4894 533.754 579.299 523.497 9786 -118.972
4895 531.92 579.985 523.904 9788 -118.278
4896 530.095 580.667 524.31 9790 -118.172
4897 528.27 581.349 524.717 9792 -117.99
4898 526.443 582.031 525.125 9794 -117.498
4899 524.616 582.713 525.533 9796 -117.101
4900 522.787 583.395 525.943 9798 -116.801
4901 520.958 584.077 526.353 9800 -116.741
4902 519.129 584.758 526.764 9802 -116.205
4903 517.298 585.44 527.176 9804 -115.77
4904 515.467 586.121 527.588 9806 -115.459
4905 513.635 586.802 528.002 9808 -115.395
4906 511.803 587.483 528.416 9810 -114.933
4907 509.97 588.163 528.83 9812 -114.592
4908 508.137 588.843 529.246 9814 -114.412
4909 506.303 589.524 529.662 9816 -114.36
4910 504.469 590.203 530.079 9818 -114.231
4911 502.645 590.879 530.494 9820 -113.983
4912 500.82 591.555 530.91 9822 -113.871
4913 498.994 592.23 531.327 9824 -113.56
4914 497.169 592.905 531.744 9826 -113.247
4915 495.343 593.58 532.162 9828 -113.298
4916 493.517 594.254 532.58 9830 -113.385
4917 491.691 594.928 532.999 9832 -113.303
4918 489.865 595.601 533.419 9834 -113.293
4919 488.039 596.275 533.839 9836 -113.374
4920 486.212 596.947 534.26 9838 -113.07
4921 484.386 597.62 534.681 9840 -112.997
4922 482.56 598.292 535.103 9842 -113.281
4923 480.734 598.963 535.526 9844 -113.352
4924 478.908 599.634 535.949 9846 -113.645
4925 477.083 600.305 536.372 9848 -113.826
4926 475.257 600.975 536.796 9850 -113.926
4927 473.432 601.645 537.22 9852 -114.335
4928 471.607 602.314 537.645 9854 -114.684
4929 469.773 602.986 538.073 9856 -115.278
4930 467.939 603.658 538.501 9858 -115.836
4931 466.105 604.329 538.93 9860 -116.239
4932 464.272 605 539.359 9862 -116.589
4933 462.44 605.67 539.788 9864 -117.335
4934 460.608 606.339 540.218 9866 -118.101
4935 458.777 607.008 540.648 9868 -119.203
4936 456.946 607.676 541.079 9870 -119.861
4937 455.116 608.344 541.51 9872 -120.443
4938 453.286 609.011 541.941 9874 -121.417
4939 451.458 609.677 542.373 9876 -121.686
4940 449.63 610.343 542.805 9878 -121.882
4941 447.803 611.008 543.237 9880 -120.469
4942 445.977 611.672 543.67 9882 -120.103
4943 444.152 612.336 544.102 9884 -118.9
4944 442.318 613.002 544.538 9886 -117.604
4945 440.485 613.668 544.974 9888 -116.377
4946 438.653 614.333 545.41 9890 -115.342
4947 436.822 614.997 545.846 9892 -114.73
4948 434.993 615.66 546.283 9894 -113.494
4949 433.164 616.323 546.72 9896 -112.823
4950 431.337 616.985 547.157 9898 -111.971
4951 429.511 617.646 547.594 9900 -111.508
4952 427.676 618.309 548.034 9902 -110.534
4953 425.843 618.972 548.474 9904 -109.885
4954 424.012 619.634 548.914 9906 -109.389
4955 422.181 620.295 549.354 9908 -109.03
4956 420.352 620.955 549.795 9910 -108.569
4957 418.525 621.614 550.235 9912 -108.16
4958 416.699 622.272 550.676 9914 -108.164
4959 414.866 622.933 551.119 9916 -107.851
4960 413.033 623.593 551.562 9918 -107.535
4961 411.203 624.252 552.006 9920 -107.222
4962 409.374 624.91 552.449 9922 -107.308
4963 407.547 625.567 552.892 9924 -107.111
4964 405.713 626.226 553.338 9926 -107.184
4965 403.88 626.884 553.784 9928 -107.293
4966 402.049 627.541 554.23 9930 -107.484
4967 400.22 628.197 554.676 9932 -107.225
4968 398.393 628.852 555.122 9934 -107.476
4969 396.559 629.51 555.57 9936 -107.911
4970 394.727 630.166 556.018 9938 -108.3
4971 392.897 630.821 556.466 9940 -108.525
4972 391.069 631.475 556.915 9942 -109.015
4973 389.243 632.127 557.363 9944 -109.428
4974 387.411 632.782 557.813 9946 -110.091
4975 385.58 633.436 558.263 9948 -111.289
4976 383.752 634.088 558.713 9950 -111.629
4977 381.927 634.739 559.163 9952 -112.547
4978 380.094 635.393 559.616 9954 -114.009
4979 378.264 636.045 560.068 9956 -115.327
4980 376.437 636.696 560.52 9958 -116.227
4981 374.603 637.348 560.974 9960 -117.247
4982 372.772 638 561.427 9962 -117.338
4983 370.943 638.65 561.881 9964 -117.643
4984 369.117 639.298 562.335 9966 -116.448
4985 367.285 639.949 562.79 9968 -114.509
4986 365.456 640.598 563.246 9970 -113.428
4987 363.63 641.246 563.701 9972 -112.312
4988 361.797 641.895 564.158 9974 -110.879
4989 359.968 642.543 564.615 9976 -109.887
4990 358.142 643.19 565.071 9978 -108.95
4991 356.31 643.838 565.53 9980 -108.314
4992 354.481 644.485 565.988 9982 -107.304
4993 352.646 645.134 566.448 9984 -106.829
4994 350.814 645.78 566.908 9986 -106.414
4995 348.987 646.426 567.367 9988 -105.621
4996 347.153 647.073 567.829 9990 -105.508
4997 345.323 647.718 568.289 9992 -105.064
4998 343.497 648.361 568.75 9994 -104.642
4999 341.665 649.006 569.212 9996 -104.705
5000 339.837 649.65 569.674 9998 -104.289
5001 338.004 650.294 570.138 10000 -104.336
5002 336.175 650.937 570.601 10002 -104.335
5003 334.341 651.582 571.066 10004 -104.158
5004 332.511 652.224 571.531 10006 -104.506
5005 330.676 652.868 571.997 10008 -104.452
5006 328.845 653.51 572.463 10010 -104.675
5007 327.018 654.15 572.928 10012 -105.062
5008 325.187 654.791 573.394 10014 -105.255
5009 323.361 655.431 573.86 10016 -105.795
5010 321.529 656.071 574.328 10018 -106.203
5011 319.703 656.71 574.795 10020 -106.812
5012 317.872 657.349 575.264 10022 -107.611
5013 316.037 657.99 575.734 10024 -108.326
5014 314.207 658.628 576.204 10026 -109.443
5015 312.373 659.267 576.675 10028 -110.213
5016 310.544 659.905 577.145 10030 -111.625
5017 308.712 660.543 577.617 10032 -112.963
5018 306.884 661.178 578.088 10034 -113.792
5019 305.054 661.815 578.561 10036 -115.572
5020 303.219 662.452 579.034 10038 -114.93
5021 301.39 663.087 579.507 10040 -114.91
5022 299.558 663.723 579.982 10042 -113.025
5023 297.724 664.359 580.457 10044 -112.033
5024 295.894 664.993 580.932 10046 -110.505
5025 294.062 665.627 581.408 10048 -109.189
5026 292.228 666.262 581.885 10050 -108.255
5027 290.399 666.894 582.361 10052 -107.137
5028 288.568 667.527 582.839 10054 -106.42
5029 286.735 668.16 583.317 10056 -105.492
5030 284.9 668.793 583.797 10058 -105.148
5031 283.071 669.423 584.275 10060 -104.177
5032 281.24 670.054 584.755 10062 -104.083
5033 279.408 670.684 585.235 10064 -103.371
5034 277.574 671.315 585.717 10066 -103.308
5035 275.739 671.946 586.199 10068 -102.781
5036 273.911 672.574 586.681 10070 -102.712
5037 272.081 673.201 587.163 10072 -102.59
5038 270.251 673.829 587.646 10074 -102.399
5039 268.42 674.456 588.129 10076 -102.564
5040 266.589 675.083 588.614 10078 -102.403
5041 264.757 675.709 589.099 10080 -102.804
5042 262.924 676.335 589.585 10082 -102.576
5043 261.092 676.961 590.072 10084 -103.058
5044 259.26 677.586 590.559 10086 -103.221
5045 257.428 678.21 591.047 10088 -103.645
5046 255.597 678.834 591.535 10090 -104.065
5047 253.766 679.457 592.024 10092 -104.569
5048 251.936 680.078 592.513 10094 -105.228
5049 250.107 680.7 593.002 10096 -105.777
5050 248.272 681.322 593.494 10098 -106.832
5051 246.438 681.944 593.987 10100 -107.526
5052 244.606 682.564 594.479 10102 -108.672
5053 242.776 683.183 594.972 10104 -110.248
5054 240.94 683.803 595.466 10106 -110.556
5055 239.107 684.422 595.961 10108 -112.775
5056 237.276 685.039 596.456 10110 -113.234
5057 235.441 685.658 596.953 10112 -113.519
5058 233.609 686.274 597.45 10114 -113.045
5059 231.773 686.891 597.948 10116 -112.057
5060 229.941 687.506 598.447 10118 -110.47
5061 228.106 688.122 598.947 10120 -108.955
5062 226.274 688.735 599.447 10122 -108.607
5063 224.44 689.349 599.948 10124 -106.895
5064 222.611 689.96 600.449 10126 -105.734
5065 220.78 690.572 600.951 10128 -105.368
5066 218.947 691.182 601.454 10130 -104.423
5067 217.113 691.793 601.959 10132 -104.105
5068 215.279 692.403 602.464 10134 -103.263
5069 213.444 693.012 602.971 10136 -102.464
5070 211.608 693.621 603.479 10138 -102.594
5071 209.774 694.228 603.987 10140 -102.103
5072 207.94 694.835 604.496 10142 -101.801
5073 206.108 695.44 605.006 10144 -101.708
5074 204.277 696.043 605.516 10146 -101.259
5075 202.443 696.647 606.029 10148 -101.141
5076 200.611 697.249 606.541 10150 -101.305
5077 198.776 697.851 607.056 10152 -101.2
5078 196.945 698.451 607.571 10154 -101.247
5079 195.112 699.05 608.087 10156 -101.599
5080 193.278 699.648 608.605 10158 -101.677
5081 191.443 700.246 609.124 10160 -101.622
5082 189.609 700.842 609.644 10162 -102.168
5083 187.776 701.437 610.165 10164 -102.371
5084 185.944 702.03 610.687 10166 -102.489
5085 184.109 702.622 611.211 10168 -103.401
5086 182.278 703.213 611.736 10170 -103.868
5087 180.445 703.802 612.263 10172 -104.133
5088 178.612 704.39 612.791 10174 -105.138
5089 176.779 704.977 613.32 10176 -106.134
5090 174.943 705.563 613.853 10178 -106.699
5091 173.109 706.147 614.386 10180 -107.723
5092 171.274 706.729 614.921 10182 -109.254
5093 169.439 707.309 615.458 10184 -109.988
5094 167.606 707.888 615.997 10186 -110.52
5095 165.771 708.464 616.538 10188 -112.244
5096 163.936 709.039 617.081 10190 -112.158
5097 162.102 709.611 617.626 10192 -111.262
5098 160.266 710.182 618.174 10194 -110.978
5099 158.432 710.749 618.724 10196 -109.775
5100 156.596 711.315 619.277 10198 -108.09
5101 154.762 711.877 619.832 10200 -107.033
5102 152.926 712.437 620.391 10202 -106.685
5103 151.094 712.993 620.951 10204 -105.535
5104 149.259 713.546 621.517 10206 -104.415
5105 147.425 714.094 622.085 10208 -104.237
5106 145.59 714.64 622.658 10210 -103.702
5107 143.754 715.181 623.236 10212 -102.64
5108 141.918 715.717 623.818 10214 -102.066
5109 140.084 716.247 624.406 10216 -101.764
5110 138.25 716.771 624.999 10218 -101.405
5111 136.417 717.288 625.599 10220 -101.118
5112 134.581 717.797 626.207 10222 -100.79
5113 132.749 718.297 626.824 10224 -100.478
5114 130.915 718.785 627.452 10226 -100.368
5115 129.083 719.26 628.093 10228 -100.176
5116 127.251 719.718 628.75 10230 -99.8614
5117 125.423 720.152 629.428 10232 -99.6293
5118 123.597 720.555 630.134 10234 -99.7669
5119 121.779 720.909 630.884 10236 -99.6402
5120 119.98 721.172 631.711 10238 -98.756
5121 118.291 721.14 632.755 10240 -110.95
5122 118.939 719.934 633.636 10242 -104.099
5123 120.65 718.911 633.75 10244 -103.405
5124 122.426 717.995 633.719 10246 -102.701
5125 124.225 717.13 633.623 10248 -102.629
5126 126.037 716.295 633.488 10250 -102.934
5127 127.857 715.481 633.328 10252 -102.885
5128 129.679 714.684 633.148 10254 -103.072
5129 131.507 713.898 632.954 10256 -103.468
5130 133.337 713.122 632.747 10258 -103.858
5131 135.168 712.354 632.531 10260 -104.141
5132 137.001 711.593 632.307 10262 -104.91
5133 138.838 710.837 632.076 10264 -106.029
5134 140.674 710.087 631.839 10266 -106.277
5135 142.511 709.34 631.596 10268 -106.901
5136 144.35 708.598 631.349 10270 -108.792
5137 146.187 707.859 631.098 10272 -109.652
5138 148.024 707.124 630.843 10274 -110.724
5139 149.866 706.39 630.584 10276 -112.603
5140 151.708 705.658 630.322 10278 -112.907
5141 153.55 704.929 630.057 10280 -113.344
5142 155.393 704.201 629.79 10282 -114.344
5143 157.235 703.476 629.52 10284 -112.293
5144 159.076 702.753 629.248 10286 -111.006
5145 160.92 702.031 628.975 10288 -110.134
5146 162.763 701.31 628.699 10290 -108.608
5147 164.604 700.591 628.422 10292 -107.617
5148 166.446 699.874 628.143 10294 -107
5149 168.286 699.158 627.862 10296 -105.915
5150 170.129 698.442 627.58 10298 -104.961
5151 171.973 697.727 627.297 10300 -104.869
5152 173.816 697.013 627.012 10302 -104.162
5153 175.657 696.301 626.727 10304 -103.555
5154 177.5 695.589 626.44 10306 -103.538
5155 179.344 694.877 626.152 10308 -102.989
5156 181.189 694.165 625.863 10310 -102.938
5157 183.032 693.455 625.573 10312 -102.85
5158 184.874 692.746 625.282 10314 -102.603
5159 186.718 692.036 624.99 10316 -102.668
5160 188.564 691.326 624.697 10318 -102.865
5161 190.406 690.619 624.404 10320 -102.644
5162 192.248 689.911 624.11 10322 -103.019
5163 194.09 689.204 623.816 10324 -103.509
5164 195.931 688.498 623.521 10326 -103.265
5165 197.777 687.791 623.225 10328 -104.081
5166 199.62 687.084 622.928 10330 -104.487
5167 201.461 686.379 622.631 10332 -104.749
5168 203.304 685.673 622.334 10334 -105.735
5169 205.15 684.966 622.035 10336 -106.226
5170 206.991 684.261 621.736 10338 -107.098
5171 208.834 683.556 621.437 10340 -108.207
5172 210.678 682.851 621.138 10342 -109.227
5173 212.522 682.145 620.837 10344 -110.368
5174 214.366 681.44 620.537 10346 -111.912
5175 216.21 680.735 620.236 10348 -113.143
5176 218.053 680.03 619.934 10350 -114.481
5177 219.895 679.326 619.633 10352 -114.978
5178 221.736 678.622 619.331 10354 -114.562
5179 223.581 677.917 619.029 10356 -113.771
5180 225.425 677.212 618.726 10358 -112.35
5181 227.265 676.509 618.423 10360 -111.066
5182 229.11 675.803 618.12 10362 -109.899
5183 230.952 675.099 617.817 10364 -108.896
5184 232.797 674.394 617.513 10366 -107.884
5185 234.638 673.69 617.209 10368 -107.125
5186 236.482 672.985 616.904 10370 -106.242
5187 238.321 672.282 616.6 10372 -105.911
5188 240.163 671.577 616.296 10374 -105.144
5189 242.008 670.872 615.991 10376 -104.971
5190 243.847 670.168 615.686 10378 -104.398
5191 245.688 669.464 615.381 10380 -104.425
5192 247.53 668.759 615.076 10382 -103.966
5193 249.374 668.054 614.77 10384 -104.032
5194 251.219 667.347 614.464 10386 -103.863
5195 253.057 666.644 614.159 10388 -103.943
5196 254.896 665.939 613.853 10390 -103.95
5197 256.735 665.235 613.548 10392 -104.05
5198 258.575 664.53 613.242 10394 -104.384
5199 260.415 663.825 612.936 10396 -104.399
5200 262.255 663.12 612.63 10398 -104.974
5201 264.095 662.414 612.324 10400 -105.129
5202 265.934 661.709 612.017 10402 -105.861
5203 267.773 661.003 611.711 10404 -106.117
5204 269.611 660.298 611.405 10406 -107.053
5205 271.448 659.593 611.099 10408 -107.593
5206 273.293 658.885 610.791 10410 -108.581
5207 275.136 658.177 610.484 10412 -109.306
5208 276.977 657.469 610.177 10414 -110.665
5209 278.817 656.762 609.87 10416 -111.598
5210 280.656 656.055 609.563 10418 -113.153
5211 282.492 655.348 609.257 10420 -114.633
5212 284.335 654.639 608.95 10422 -115.825
5213 286.176 653.931 608.642 10424 -116.909
5214 288.015 653.223 608.336 10426 -116.367
5215 289.851 652.515 608.029 10428 -116.088
5216 291.693 651.805 607.722 10430 -114.513
5217 293.532 651.096 607.415 10432 -113.194
5218 295.369 650.388 607.108 10434 -112.371
5219 297.211 649.677 606.801 10436 -110.608
5220 299.05 648.967 606.494 10438 -110.347
5221 300.886 648.258 606.187 10440 -108.94
5222 302.727 647.546 605.88 10442 -108.637
5223 304.564 646.836 605.573 10444 -107.798
5224 306.407 646.123 605.266 10446 -107.335
5225 308.246 645.411 604.959 10448 -107.054
5226 310.082 644.701 604.652 10450 -106.402
5227 311.922 643.988 604.345 10452 -106.503
5228 313.758 643.277 604.039 10454 -105.95
5229 315.599 642.563 603.732 10456 -106.029
5230 317.436 641.85 603.425 10458 -105.882
5231 319.277 641.136 603.118 10460 -105.712
5232 321.114 640.423 602.812 10462 -106.069
5233 322.955 639.707 602.505 10464 -105.767
5234 324.791 638.993 602.199 10466 -106.196
5235 326.632 638.278 601.892 10468 -106.32
5236 328.468 637.563 601.586 10470 -106.383
5237 330.307 636.847 601.28 10472 -107.053
5238 332.142 636.132 600.974 10474 -107.138
5239 333.981 635.415 600.668 10476 -107.626
5240 335.814 634.7 600.363 10478 -108.339
5241 337.651 633.983 600.057 10480 -108.655
5242 339.492 633.265 599.751 10482 -109.472
5243 341.327 632.548 599.446 10484 -110.19
5244 343.166 631.829 599.14 10486 -111.057
5245 344.999 631.112 598.835 10488 -111.94
5246 346.836 630.393 598.53 10490 -113.124
5247 348.676 629.672 598.224 10492 -114.321
5248 350.51 628.953 597.92 10494 -115.318
5249 352.347 628.233 597.615 10496 -117.045
5250 354.178 627.515 597.311 10498 -118.525
5251 356.012 626.794 597.007 10500 -118.772
5252 357.849 626.073 596.702 10502 -119.25
5253 359.679 625.353 596.399 10504 -119.182
5254 361.513 624.632 596.095 10506 -117.908
5255 363.349 623.909 595.791 10508 -116.576
5256 365.188 623.184 595.486 10510 -115.583
5257 367.021 622.462 595.183 10512 -114.45
5258 368.856 621.738 594.879 10514 -113.821
5259 370.694 621.013 594.576 10516 -112.642
5260 372.524 620.289 594.273 10518 -111.822
5261 374.358 619.565 593.97 10520 -111.65
5262 376.193 618.839 593.667 10522 -110.818
5263 378.031 618.111 593.364 10524 -110.308
5264 379.862 617.386 593.062 10526 -110.057
5265 381.695 616.659 592.76 10528 -109.918
5266 383.53 615.931 592.458 10530 -109.34
5267 385.367 615.202 592.155 10532 -109.286
5268 387.197 614.475 591.854 10534 -109.033
5269 389.029 613.746 591.553 10536 -109.034
5270 390.863 613.017 591.251 10538 -108.973
5271 392.698 612.286 590.949 10540 -109.105
5272 394.527 611.557 590.649 10542 -108.835
5273 396.356 610.827 590.349 10544 -109.051
5274 398.188 610.096 590.049 10546 -109.271
5275 400.021 609.364 589.748 10548 -109.533
5276 401.856 608.631 589.448 10550 -109.49
5277 403.683 607.9 589.149 10552 -109.82
5278 405.511 607.168 588.849 10554 -109.966
5279 407.341 606.434 588.55 10556 -110.397
5280 409.172 605.7 588.251 10558 -110.782
5281 411.005 604.964 587.952 10560 -111.287
5282 412.839 604.228 587.653 10562 -111.54
5283 414.664 603.494 587.355 10564 -111.913
5284 416.491 602.759 587.058 10566 -112.615
5285 418.319 602.022 586.76 10568 -113.241
5286 420.148 601.285 586.462 10570 -113.895
5287 421.978 600.547 586.165 10572 -114.598
5288 423.809 599.808 585.867 10574 -115.692
5289 425.642 599.067 585.57 10576 -116.431
5290 427.475 598.326 585.273 10578 -117.121
5291 429.299 597.587 584.977 10580 -117.941
5292 431.124 596.847 584.682 10582 -119.19
5293 432.95 596.107 584.386 10584 -120.015
5294 434.777 595.365 584.091 10586 -121.048
5295 436.604 594.623 583.796 10588 -122.233
5296 438.432 593.88 583.501 10590 -123.513
5297 440.261 593.135 583.206 10592 -123.833
5298 442.09 592.39 582.911 10594 -123.596
5299 443.919 591.644 582.617 10596 -124.085
5300 445.749 590.897 582.322 10598 -123.217
5301 447.58 590.149 582.028 10600 -122.618
5302 449.41 589.4 581.734 10602 -121.505
5303 451.232 588.654 581.442 10604 -121
5304 453.054 587.908 581.15 10606 -120.612
5305 454.876 587.16 580.858 10608 -119.479
5306 456.698 586.412 580.567 10610 -118.972
5307 458.52 585.663 580.276 10612 -118.42
5308 460.342 584.913 579.985 10614 -117.991
5309 462.164 584.162 579.694 10616 -117.696
5310 463.987 583.411 579.404 10618 -116.972
5311 465.809 582.659 579.114 10620 -116.6
5312 467.631 581.906 578.824 10622 -116.554
5313 469.453 581.153 578.535 10624 -116.319
5314 471.275 580.398 578.246 10626 -116.252
5315 473.096 579.643 577.957 10628 -115.985
5316 474.918 578.888 577.669 10630 -115.731
5317 476.738 578.131 577.381 10632 -115.84
5318 478.559 577.374 577.094 10634 -115.733
5319 480.379 576.617 576.807 10636 -115.743
5320 482.199 575.858 576.52 10638 -115.669
5321 484.018 575.099 576.234 10640 -115.464
5322 485.836 574.34 575.948 10642 -115.429
5323 487.654 573.579 575.662 10644 -115.703
5324 489.471 572.819 575.377 10646 -115.737
5325 491.288 572.057 575.093 10648 -115.669
5326 493.104 571.295 574.809 10650 -115.735
5327 494.928 570.529 574.523 10652 -115.702
5328 496.752 569.762 574.239 10654 -115.824
5329 498.575 568.994 573.955 10656 -116.1
5330 500.397 568.226 573.671 10658 -116.238
5331 502.217 567.457 573.388 10660 -116.363
5332 504.037 566.688 573.106 10662 -116.544
5333 505.856 565.918 572.824 10664 -116.733
5334 507.674 565.148 572.542 10666 -116.865
5335 509.49 564.377 572.261 10668 -116.98
5336 511.305 563.606 571.981 10670 -117.384
5337 513.119 562.835 571.701 10672 -117.513
5338 514.932 562.063 571.422 10674 -117.538
5339 516.753 561.286 571.143 10676 -117.735
5340 518.572 560.51 570.863 10678 -118.096
5341 520.39 559.732 570.585 10680 -118.371
5342 522.206 558.955 570.307 10682 -118.594
5343 524.021 558.177 570.029 10684 -118.805
5344 525.834 557.398 569.753 10686 -119.07
5345 527.646 556.62 569.477 10688 -119.013
5346 529.465 555.836 569.2 10690 -119.226
5347 531.283 555.053 568.924 10692 -119.593
5348 533.098 554.269 568.649 10694 -119.97
5349 534.912 553.485 568.375 10696 -120.272
5350 536.724 552.701 568.101 10698 -120.309
5351 538.534 551.916 567.828 10700 -120.464
5352 540.351 551.127 567.554 10702 -120.888
5353 542.167 550.338 567.282 10704 -121.135
5354 543.98 549.548 567.01 10706 -121.129
5355 545.791 548.759 566.738 10708 -121.205
5356 547.599 547.969 566.468 10710 -121.581
5357 549.406 547.178 566.199 10712 -122.137
5358 551.219 546.384 565.929 10714 -122.368
5359 553.03 545.589 565.659 10716 -122.386
5360 554.839 544.795 565.391 10718 -122.419
5361 556.645 544 565.124 10720 -122.545
5362 558.458 543.201 564.856 10722 -122.798
5363 560.268 542.401 564.589 10724 -122.978
5364 562.075 541.602 564.323 10726 -123.001
5365 563.88 540.802 564.058 10728 -123.083
5366 565.691 539.999 563.793 10730 -123.417
5367 567.5 539.195 563.528 10732 -123.847
5368 569.305 538.391 563.265 10734 -123.895
5369 571.108 537.587 563.002 10736 -123.829
5370 572.916 536.779 562.74 10738 -123.745
5371 574.722 535.971 562.478 10740 -123.859
5372 576.524 535.163 562.217 10742 -123.969
5373 578.333 534.351 561.956 10744 -124.011
5374 580.138 533.539 561.697 10746 -124.151
5375 581.939 532.727 561.438 10748 -124.311
5376 583.747 531.911 561.179 10750 -124.285
5377 585.551 531.094 560.921 10752 -124.176
5378 587.351 530.278 560.665 10754 -124.287
5379 589.157 529.458 560.408 10756 -124.46
5380 590.959 528.639 560.153 10758 -124.399
5381 592.757 527.819 559.899 10760 -124.277
5382 594.561 526.995 559.644 10762 -124.275
5383 596.361 526.171 559.391 10764 -124.171
5384 598.157 525.348 559.139 10766 -123.996
5385 599.957 524.521 558.888 10768 -124.044
5386 601.754 523.693 558.637 10770 -124.171
5387 603.555 522.862 558.387 10772 -124.043
5388 605.352 522.032 558.138 10774 -124.085
5389 607.145 521.201 557.89 10776 -123.92
5390 608.943 520.367 557.642 10778 -123.515
5391 610.735 519.532 557.396 10780 -123.482
5392 612.532 518.694 557.15 10782 -123.601
5393 614.325 517.857 556.905 10784 -123.372
5394 616.121 517.015 556.661 10786 -123.019
5395 617.913 516.174 556.418 10788 -123.038
5396 619.709 515.33 556.176 10790 -123.284
5397 621.5 514.485 555.935 10792 -122.966
5398 623.294 513.637 555.694 10794 -122.767
5399 625.083 512.789 555.455 10796 -122.667
5400 626.876 511.938 555.216 10798 -122.645
5401 628.663 511.087 554.979 10800 -122.422
5402 630.453 510.233 554.743 10802 -122.342
5403 632.238 509.379 554.508 10804 -122.022
5404 634.026 508.521 554.273 10806 -121.845
5405 635.809 507.664 554.041 10808 -121.883
5406 637.594 506.804 553.809 10810 -121.975
5407 639.381 505.94 553.577 10812 -121.984
5408 641.163 505.076 553.347 10814 -122.092
5409 642.947 504.209 553.119 10816 -122.086
5410 644.733 503.339 552.89 10818 -121.86
5411 646.513 502.469 552.664 10820 -121.905
5412 648.295 501.596 552.438 10822 -121.793
5413 650.079 500.72 552.214 10824 -121.693
5414 651.856 499.844 551.991 10826 -121.794
5415 653.634 498.965 551.769 10828 -121.891
5416 655.414 498.083 551.548 10830 -121.928
5417 657.187 497.202 551.33 10832 -122.211
5418 658.961 496.317 551.112 10834 -122.415
5419 660.736 495.429 550.895 10836 -122.555
5420 662.512 494.538 550.68 10838 -122.917
5421 664.28 493.648 550.466 10840 -122.037
5422 666.049 492.755 550.254 10842 -124.882
5423 667.818 491.858 550.043 10844 -123.68
5424 669.587 490.959 549.834 10846 -124.219
5425 671.356 490.057 549.625 10848 -124.514
5426 673.125 489.151 549.419 10850 -125.401
5427 674.893 488.243 549.213 10852 -125.818
5428 676.661 487.332 549.009 10854 -127.433
5429 678.428 486.418 548.807 10856 -129.684
5430 680.194 485.501 548.606 10858 -131.894
5431 681.959 484.582 548.407 10860 -133.768
5432 683.722 483.659 548.21 10862 -135.288
5433 685.483 482.734 548.014 10864 -138.059
5434 687.243 481.807 547.82 10866 -137.712
5435 689.001 480.876 547.628 10868 -136.168
5436 690.756 479.943 547.438 10870 -129.867
5437 692.509 479.008 547.25 10872 -126.363
5438 694.26 478.069 547.064 10874 -123.742
5439 696.007 477.129 546.88 10876 -120.848
5440 697.759 476.182 546.698 10878 -119.992
5441 699.507 475.233 546.517 10880 -118.11
5442 701.252 474.281 546.339 10882 -117.024
5443 702.992 473.327 546.164 10884 -116.231
5444 704.736 472.367 545.99 10886 -115.715
5445 706.475 471.405 545.818 10888 -116.333
5446 708.216 470.437 545.649 10890 -116.626
5447 709.952 469.467 545.482 10892 -117.228
5448 711.69 468.491 545.317 10894 -116.837
5449 713.422 467.513 545.155 10896 -115.257
5450 715.155 466.529 544.996 10898 -114.32
5451 716.882 465.543 544.839 10900 -113.247
5452 718.609 464.552 544.685 10902 -113.079
5453 720.336 463.556 544.533 10904 -113.178
5454 722.055 462.557 544.385 10906 -113.478
5455 723.773 461.553 544.239 10908 -113.408
5456 725.49 460.544 544.096 10910 -113.211
5457 727.205 459.53 543.956 10912 -113.162
5458 728.917 458.511 543.82 10914 -113.028
5459 730.626 457.487 543.686 10916 -113.433
5460 732.332 456.457 543.556 10918 -113.809
5461 734.034 455.423 543.43 10920 -114.402
5462 735.732 454.384 543.307 10922 -115.017
5463 737.43 453.337 543.188 10924 -115.37
5464 739.124 452.285 543.072 10926 -116.122
5465 740.811 451.229 542.961 10928 -116.766
5466 742.497 450.165 542.853 10930 -118.376
5467 744.182 449.093 542.75 10932 -120.267
5468 745.859 448.017 542.651 10934 -122.54
5469 747.533 446.933 542.556 10936 -123.611
5470 749.203 445.842 542.466 10938 -123.871
5471 750.868 444.743 542.381 10940 -123.611
5472 752.529 443.638 542.301 10942 -121.466
5473 754.183 442.525 542.227 10944 -118.681
5474 755.835 441.402 542.157 10946 -116.585
5475 757.479 440.273 542.094 10948 -115.704
5476 759.12 439.133 542.036 10950 -114.218
5477 760.755 437.984 541.984 10952 -112.765
5478 762.384 436.825 541.939 10954 -111.629
5479 764.006 435.657 541.901 10956 -110.644
5480 765.619 434.48 541.869 10958 -109.995
5481 767.222 433.294 541.845 10960 -109.283
5482 768.818 432.095 541.829 10962 -108.609
5483 770.406 430.886 541.821 10964 -108.258
5484 771.985 429.664 541.822 10966 -107.744
5485 773.556 428.429 541.831 10968 -107.642
5486 775.113 427.182 541.851 10970 -107.374
5487 776.659 425.922 541.88 10972 -107.191
5488 778.196 424.645 541.92 10974 -107.244
5489 779.717 423.356 541.971 10976 -107.424
5490 781.228 422.047 542.034 10978 -107.665
5491 782.721 420.723 542.111 10980 -108.133
5492 784.198 419.381 542.201 10982 -108.54
5493 785.656 418.023 542.305 10984 -108.958
5494 787.094 416.644 542.426 10986 -109.616
5495 788.512 415.243 542.563 10988 -110.626
5496 789.905 413.821 542.719 10990 -112.26
5497 791.272 412.374 542.894 10992 -113.469
5498 792.611 410.903 543.091 10994 -114.963
5499 793.915 409.406 543.311 10996 -117.498
5500 795.183 407.882 543.556 10998 -117.462
5501 796.41 406.328 543.826 11000 -116.321
5502 797.595 404.749 544.12 11002 -113.925
5503 798.74 403.141 544.439 11004 -112.393
5504 799.84 401.511 544.782 11006 -109.847
5505 800.897 399.856 545.149 11008 -108.808
5506 801.911 398.18 545.539 11010 -107.298
5507 802.881 396.482 545.952 11012 -105.918
5508 803.805 394.767 546.387 11014 -105.268
5509 804.687 393.032 546.844 11016 -104.399
5510 805.525 391.28 547.322 11018 -103.582
5511 806.318 389.516 547.82 11020 -103.134
5512 807.068 387.736 548.337 11022 -102.511
5513 807.775 385.946 548.874 11024 -102.196
5514 808.44 384.144 549.428 11026 -101.802
5515 809.062 382.332 550 11028 -101.696
5516 809.643 380.515 550.588 11030 -101.603
5517 810.184 378.689 551.193 11032 -101.535
5518 810.685 376.858 551.812 11034 -101.631
5519 811.148 375.019 552.447 11036 -101.668
5520 811.572 373.176 553.095 11038 -101.714
5521 811.96 371.331 553.757 11040 -101.798
5522 812.311 369.483 554.431 11042 -102.098
5523 812.627 367.634 555.117 11044 -102.419
5524 812.909 365.783 555.815 11046 -102.572
5525 813.158 363.932 556.524 11048 -103.082
5526 813.374 362.08 557.243 11050 -103.584
5527 813.559 360.229 557.972 11052 -103.993
5528 813.713 358.379 558.71 11054 -104.621
5529 813.838 356.53 559.458 11056 -104.952
5530 813.933 354.683 560.214 11058 -105.97
5531 814.001 352.838 560.978 11060 -106.527
5532 814.041 350.996 561.75 11062 -107.688
5533 814.055 349.157 562.528 11064 -108.264
5534 814.044 347.322 563.314 11066 -109.529
5535 814.007 345.491 564.105 11068 -110.335
5536 813.947 343.659 564.905 11070 -111.27
5537 813.863 341.833 565.71 11072 -112.539
5538 813.756 340.012 566.52 11074 -113.104
5539 813.627 338.192 567.337 11076 -113.849
5540 813.477 336.378 568.158 11078 -114.08
5541 813.306 334.565 568.986 11080 -113.53
5542 813.115 332.759 569.817 11082 -112.845
5543 812.904 330.956 570.653 11084 -112.633
5544 812.674 329.16 571.492 11086 -111.362
5545 812.425 327.367 572.336 11088 -110.402
5546 812.158 325.577 573.185 11090 -109.431
5547 811.874 323.791 574.038 11092 -108.565
5548 811.573 322.013 574.893 11094 -107.912
5549 811.255 320.239 575.751 11096 -107.274
5550 810.921 318.47 576.613 11098 -106.649
5551 810.571 316.705 577.478 11100 -106.284
5552 810.206 314.945 578.346 11102 -105.718
5553 809.826 313.19 579.217 11104 -105.335
5554 809.431 311.436 580.092 11106 -104.934
5555 809.021 309.687 580.97 11108 -104.482
5556 808.598 307.944 581.85 11110 -104.015
5557 808.162 306.207 582.731 11112 -103.643
5558 807.712 304.472 583.617 11114 -103.448
5559 807.249 302.743 584.503 11116 -103.15
5560 806.774 301.02 585.391 11118 -102.933
5561 806.286 299.3 586.283 11120 -102.773
5562 805.787 297.586 587.175 11122 -102.588
5563 805.275 295.875 588.071 11124 -102.256
5564 804.753 294.171 588.966 11126 -102.186
5565 804.219 292.47 589.865 11128 -102.036
5566 803.673 290.771 590.766 11130 -101.858
5567 803.118 289.081 591.667 11132 -101.869
5568 802.552 287.393 592.57 11134 -101.653
5569 801.975 285.709 593.476 11136 -101.578
5570 801.387 284.029 594.383 11138 -101.462
5571 800.79 282.352 595.292 11140 -101.391
5572 800.183 280.678 596.203 11142 -101.323
5573 799.566 279.009 597.116 11144 -101.223
5574 798.941 277.349 598.027 11146 -101.248
5575 798.307 275.693 598.939 11148 -101.091
5576 797.662 274.036 599.856 11150 -101.123
5577 797.009 272.384 600.773 11152 -101.12
5578 796.347 270.736 601.691 11154 -101.158
5579 795.677 269.093 602.61 11156 -101.095
5580 794.999 267.455 603.53 11158 -101.018
5581 794.313 265.822 604.45 11160 -101.072
5582 793.619 264.194 605.371 11162 -101.123
5583 792.916 262.567 606.295 11164 -101.252
5584 792.206 260.945 607.219 11166 -101.216
5585 791.488 259.328 608.143 11168 -101.22
5586 790.762 257.712 609.069 11170 -101.307
5587 790.029 256.102 609.996 11172 -101.234
5588 789.289 254.497 610.922 11174 -101.484
5589 788.541 252.894 611.851 11176 -101.46
5590 787.787 251.297 612.779 11178 -101.403
5591 787.025 249.701 613.709 11180 -101.623
5592 786.257 248.111 614.639 11182 -101.792
5593 785.481 246.523 615.57 11184 -101.728
5594 784.7 244.942 616.501 11186 -101.873
5595 783.911 243.362 617.434 11188 -101.998
5596 783.115 241.784 618.368 11190 -102.054
5597 782.314 240.213 619.302 11192 -102.173
5598 781.506 238.644 620.237 11194 -102.39
5599 780.691 237.078 621.173 11196 -102.421
5600 779.871 235.518 622.108 11198 -102.616
5601 779.044 233.961 623.044 11200 -102.64
5602 778.211 232.406 623.981 11202 -102.819
5603 777.372 230.855 624.92 11204 -102.995
5604 776.526 229.306 625.859 11206 -103.221
5605 775.677 227.765 626.797 11208 -103.374
5606 774.821 226.226 627.735 11210 -103.461
5607 773.96 224.691 628.674 11212 -103.462
5608 773.092 223.159 629.614 11214 -103.729
5609 772.219 221.631 630.555 11216 -104.084
5610 771.341 220.106 631.496 11218 -104.417
5611 770.457 218.584 632.437 11220 -104.436
5612 769.567 217.067 633.379 11222 -104.725
5613 768.673 215.553 634.321 11224 -104.858
5614 767.773 214.043 635.263 11226 -105.067
5615 766.866 212.533 636.208 11228 -105.14
5616 765.954 211.027 637.153 11230 -105.316
5617 765.037 209.525 638.098 11232 -105.568
5618 764.115 208.027 639.043 11234 -105.871
5619 763.189 206.534 639.988 11236 -106.141
5620 762.256 205.042 640.935 11238 -106.395
5621 761.318 203.554 641.881 11240 -106.671
5622 760.377 202.071 642.827 11242 -106.986
5623 759.428 200.588 643.775 11244 -107.119
5624 758.476 199.111 644.723 11246 -107.594
5625 757.52 197.639 645.67 11248 -108.007
5626 756.557 196.168 646.619 11250 -107.971
5627 755.591 194.702 647.566 11252 -108.421
5628 754.619 193.238 648.516 11254 -108.931
5629 753.643 191.78 649.464 11256 -108.981
5630 752.661 190.323 650.414 11258 -109.104
5631 751.673 188.868 651.366 11260 -109.814
5632 750.682 187.42 652.316 11262 -110.506
5633 749.686 185.973 653.267 11264 -110.942
5634 748.683 184.529 654.219 11266 -111.224
5635 747.678 183.091 655.17 11268 -111.845
5636 746.668 181.656 656.122 11270 -112.312
5637 745.653 180.224 657.074 11272 -112.434
5638 744.632 178.795 658.027 11274 -112.347
5639 743.606 177.369 658.981 11276 -112.714
5640 742.575 175.946 659.935 11278 -113.057
5641 741.54 174.527 660.89 11280 -113.414
5642 740.499 173.111 661.845 11282 -113.638
5643 739.455 171.7 662.8 11284 -113.622
5644 738.405 170.293 663.755 11286 -113.655
5645 737.352 168.889 664.71 11288 -114.273
5646 736.294 167.491 665.665 11290 -115.17
5647 735.232 166.097 666.62 11292 -115.225
5648 734.164 164.704 667.576 11294 -114.483
5649 733.091 163.317 668.533 11296 -114.284
5650 732.015 161.935 669.488 11298 -114.84
5651 730.933 160.554 670.445 11300 -114.371
5652 729.847 159.18 671.401 11302 -113.841
5653 728.755 157.808 672.359 11304 -113.549
5654 727.66 156.442 673.315 11306 -113.542
5655 726.559 155.079 674.273 11308 -112.997
5656 725.453 153.72 675.231 11310 -112.262
5657 724.341 152.364 676.19 11312 -111.782
5658 723.223 151.012 677.15 11314 -111.083
5659 722.101 149.664 678.11 11316 -110.218
5660 720.974 148.321 679.07 11318 -109.739
5661 719.841 146.982 680.03 11320 -109.791
5662 718.705 145.649 680.99 11322 -110.405
5663 717.564 144.322 681.949 11324 -111.149
5664 716.415 142.997 682.911 11326 -110.923
5665 715.263 141.679 683.871 11328 -109.357
5666 714.105 140.364 684.833 11330 -108.192
5667 712.942 139.057 685.794 11332 -108.38
5668 711.774 137.754 686.755 11334 -109.338
5669 710.6 136.455 687.717 11336 -109.311
5670 709.42 135.163 688.679 11338 -108.134
5671 708.235 133.876 689.64 11340 -107.549
5672 707.042 132.592 690.604 11342 -108.167
5673 705.844 131.316 691.567 11344 -108.227
5674 704.639 130.045 692.532 11346 -107.174
5675 703.43 128.782 693.495 11348 -107.369
5676 702.215 127.525 694.458 11350 -107.689
5677 700.993 126.274 695.421 11352 -106.857
5678 699.763 125.029 696.386 11354 -106.899
5679 698.527 123.792 697.351 11356 -107.033
5680 697.284 122.561 698.316 11358 -106.6
5681 696.034 121.337 699.281 11360 -106.524
5682 694.777 120.123 700.246 11362 -106.448
5683 693.511 118.914 701.212 11364 -106.443
5684 692.237 117.714 702.179 11366 -106.153
5685 690.956 116.523 703.146 11368 -106.17
5686 689.668 115.343 704.112 11370 -106.071
5687 688.37 114.172 705.078 11372 -105.889
5688 687.063 113.009 706.046 11374 -105.985
5689 685.748 111.859 707.012 11376 -105.763
5690 684.422 110.718 707.98 11378 -105.758
5691 683.085 109.59 708.948 11380 -105.803
5692 681.74 108.475 709.915 11382 -105.522
5693 680.383 107.374 710.882 11384 -105.841
5694 679.016 106.287 711.849 11386 -105.428
5695 677.636 105.216 712.816 11388 -105.698
5696 676.242 104.161 713.783 11390 -105.626
5697 674.835 103.125 714.749 11392 -105.53
5698 673.412 102.107 715.716 11394 -105.649
5699 671.973 101.111 716.682 11396 -105.724
5700 670.518 100.14 717.647 11398 -105.776
5701 669.045 99.1954 718.611 11400 -105.753
5702 667.552 98.281 719.574 11402 -105.779
5703 666.037 97.4007 720.534 11404 -106.075
5704 664.498 96.559 721.492 11406 -106.218
5705 662.933 95.7628 722.447 11408 -106.493
5706 661.34 95.0205 723.395 11410 -106.67
5707 659.712 94.3419 724.338 11412 -107.001
5708 658.049 93.7422 725.271 11414 -107.371
5709 656.345 93.2416 726.189 11416 -107.985
5710 654.598 92.8695 727.084 11418 -108.706
5711 652.804 92.6688 727.943 11420 -109.714
5712 650.974 92.7043 728.742 11422 -110.667
5713 649.139 93.0683 729.436 11424 -111.387
5714 647.385 93.8639 729.955 11426 -111.514
5715 645.866 95.1249 730.22 11428 -110.953
5716 644.703 96.743 730.214 11430 -110.723
5717 643.896 98.5544 729.989 11432 -110.841
5718 643.374 100.446 729.612 11434 -111.645
5719 643.045 102.358 729.138 11436 -112.731
5720 642.796 104.27 728.609 11438 -113.719
5721 642.597 106.177 728.044 11440 -114.214
5722 642.437 108.08 727.454 11442 -114.399
5723 642.305 109.978 726.845 11444 -113.881
5724 642.197 111.874 726.22 11446 -113.089
5725 642.108 113.766 725.583 11448 -111.988
5726 642.036 115.656 724.935 11450 -110.778
5727 641.977 117.543 724.278 11452 -109.719
5728 641.931 119.426 723.614 11454 -108.849
5729 641.896 121.306 722.943 11456 -107.958
5730 641.87 123.186 722.265 11458 -107.142
5731 641.854 125.064 721.583 11460 -106.438
5732 641.845 126.941 720.896 11462 -105.683
5733 641.843 128.815 720.204 11464 -105.016
5734 641.848 130.688 719.508 11466 -104.474
5735 641.858 132.558 718.81 11468 -104.07
5736 641.875 134.426 718.108 11470 -103.697
5737 641.897 136.295 717.403 11472 -103.319
5738 641.924 138.164 716.694 11474 -103.016
5739 641.955 140.033 715.982 11476 -102.784
5740 641.991 141.898 715.269 11478 -102.52
5741 642.031 143.762 714.553 11480 -102.219
5742 642.074 145.628 713.834 11482 -101.988
5743 642.122 147.489 713.115 11484 -101.86
5744 642.172 149.348 712.394 11486 -101.802
5745 642.226 151.209 711.671 11488 -101.77
5746 642.284 153.071 710.945 11490 -101.717
5747 642.344 154.931 710.217 11492 -101.712
5748 642.407 156.789 709.489 11494 -101.786
5749 642.473 158.649 708.758 11496 -101.897
5750 642.542 160.505 708.028 11498 -101.979
5751 642.613 162.361 707.295 11500 -102.068
5752 642.686 164.215 706.562 11502 -102.206
5753 642.762 166.073 705.826 11504 -102.438
5754 642.841 167.928 705.09 11506 -102.754
5755 642.921 169.785 704.351 11508 -103.072
5756 643.004 171.637 703.613 11510 -103.349
5757 643.088 173.489 702.874 11512 -103.679
5758 643.175 175.342 702.134 11514 -104.122
5759 643.264 177.193 701.393 11516 -104.658
5760 643.354 179.043 700.651 11518 -105.126
5761 643.447 180.897 699.907 11520 -105.596
5762 643.541 182.748 699.162 11522 -106.216
5763 643.637 184.596 698.419 11524 -107.084
5764 643.734 186.446 697.673 11526 -107.999
5765 643.834 188.298 696.925 11528 -108.842
5766 643.934 190.146 696.179 11530 -109.68
5767 644.037 191.994 695.431 11532 -110.725
5768 644.141 193.842 694.683 11534 -111.867
5769 644.246 195.691 693.933 11536 -112.897
5770 644.353 197.54 693.183 11538 -113.579
5771 644.462 199.388 692.432 11540 -114.067
5772 644.571 201.235 691.681 11542 -114.315
5773 644.682 203.08 690.93 11544 -114.263
5774 644.795 204.924 690.178 11546 -113.577
5775 644.909 206.772 689.425 11548 -112.409
5776 645.024 208.618 688.671 11550 -111.18
5777 645.14 210.461 687.918 11552 -110.153
5778 645.258 212.308 687.163 11554 -109.089
5779 645.377 214.151 686.409 11556 -107.94
5780 645.497 215.998 685.652 11558 -107.077
5781 645.618 217.841 684.897 11560 -106.601
5782 645.741 219.687 684.14 11562 -106.206
5783 645.864 221.527 683.384 11564 -105.515
5784 645.989 223.371 682.627 11566 -104.8
5785 646.115 225.216 681.868 11568 -104.372
5786 646.242 227.056 681.111 11570 -104.089
5787 646.37 228.897 680.353 11572 -103.723
5788 646.499 230.74 679.594 11574 -103.284
5789 646.629 232.585 678.834 11576 -102.999
5790 646.76 234.422 678.076 11578 -102.882
5791 646.892 236.261 677.317 11580 -102.726
5792 647.025 238.1 676.558 11582 -102.53
5793 647.159 239.94 675.798 11584 -102.479
5794 647.295 241.779 675.037 11586 -102.496
5795 647.431 243.619 674.276 11588 -102.389
5796 647.568 245.459 673.515 11590 -102.375
5797 647.706 247.299 672.753 11592 -102.465
5798 647.845 249.138 671.991 11594 -102.421
5799 647.985 250.976 671.229 11596 -102.557
5800 648.126 252.814 670.467 11598 -102.74
5801 648.267 254.65 669.705 11600 -102.837
5802 648.41 256.486 668.943 11602 -103.216
5803 648.554 258.328 668.178 11604 -103.387
5804 648.698 260.168 667.413 11606 -103.765
5805 648.844 262.008 666.649 11608 -104.189
5806 648.99 263.845 665.885 11610 -104.488
5807 649.137 265.681 665.121 11612 -105.13
5808 649.285 267.514 664.358 11614 -105.426
5809 649.434 269.354 663.592 11616 -106.218
5810 649.583 271.191 662.826 11618 -106.622
5811 649.734 273.026 662.062 11620 -107.515
5812 649.885 274.866 661.294 11622 -108.145
5813 650.038 276.704 660.528 11624 -109.268
5814 650.191 278.539 659.762 11626 -110.15
5815 650.344 280.371 658.997 11628 -111.516
5816 650.499 282.209 658.23 11630 -112.613
5817 650.654 284.043 657.464 11632 -114.244
5818 650.811 285.882 656.696 11634 -115.242
5819 650.968 287.718 655.928 11636 -116.117
5820 651.125 289.55 655.162 11638 -116.155
5821 651.284 291.387 654.394 11640 -115.27
5822 651.443 293.221 653.627 11642 -114.69
5823 651.603 295.059 652.857 11644 -113.141
5824 651.764 296.893 652.09 11646 -112.12
5825 651.926 298.731 651.32 11648 -111.082
5826 652.088 300.566 650.551 11650 -110.034
5827 652.251 302.396 649.784 11652 -108.979
5828 652.415 304.23 649.015 11654 -108.432
5829 652.579 306.06 648.248 11656 -107.506
5830 652.745 307.894 647.479 11658 -106.775
5831 652.911 309.731 646.708 11660 -106.233
5832 653.078 311.564 645.939 11662 -105.896
5833 653.246 313.401 645.168 11664 -105.333
5834 653.414 315.233 644.399 11666 -104.896
5835 653.583 317.068 643.628 11668 -104.511
5836 653.753 318.898 642.859 11670 -104.429
5837 653.923 320.732 642.089 11672 -104.198
5838 654.094 322.561 641.32 11674 -104.142
5839 654.266 324.393 640.55 11676 -103.743
5840 654.439 326.228 639.779 11678 -103.731
5841 654.612 328.057 639.009 11680 -103.532
5842 654.786 329.89 638.238 11682 -103.541
5843 654.962 331.726 637.466 11684 -103.597
5844 655.137 333.556 636.695 11686 -103.71
5845 655.313 335.389 635.924 11688 -103.78
5846 655.491 337.224 635.151 11690 -103.974
5847 655.668 339.054 634.38 11692 -104.196
5848 655.846 340.887 633.608 11694 -104.259
5849 656.026 342.722 632.835 11696 -104.693
5850 656.205 344.551 632.065 11698 -104.838
5851 656.386 346.383 631.293 11700 -105.159
5852 656.567 348.216 630.52 11702 -105.643
5853 656.749 350.044 629.749 11704 -105.756
5854 656.931 351.874 628.977 11706 -106.386
5855 657.115 353.706 628.204 11708 -106.795
5856 657.299 355.541 627.431 11710 -107.204
5857 657.483 357.368 626.659 11712 -108.334
5858 657.669 359.198 625.887 11714 -109.066
5859 657.855 361.03 625.114 11716 -110.228
5860 658.042 362.864 624.34 11718 -111.343
5861 658.229 364.691 623.568 11720 -111.685
5862 658.417 366.52 622.796 11722 -112.777
5863 658.606 368.351 622.023 11724 -114.261
5864 658.796 370.183 621.249 11726 -116.448
5865 658.985 372.008 620.478 11728 -117.7
5866 659.176 373.835 619.706 11730 -117.535
5867 659.368 375.664 618.933 11732 -117.521
5868 659.56 377.494 618.16 11734 -117.848
5869 659.753 379.326 617.385 11736 -117.808
5870 659.947 381.159 616.611 11738 -114.587
5871 660.141 382.984 615.839 11740 -114.328
5872 660.336 384.811 615.066 11742 -113.601
5873 660.532 386.639 614.293 11744 -111.55
5874 660.728 388.468 613.519 11746 -111.62
5875 660.925 390.299 612.745 11748 -109.983
5876 661.123 392.13 611.97 11750 -109.828
5877 661.322 393.963 611.194 11752 -109.038
5878 661.521 395.788 610.422 11754 -108.296
5879 661.721 397.614 609.649 11756 -108.037
5880 661.921 399.44 608.876 11758 -107.457
5881 662.123 401.268 608.103 11760 -107.206
5882 662.325 403.096 607.329 11762 -106.947
5883 662.528 404.925 606.554 11764 -106.337
5884 662.731 406.755 605.779 11766 -106.601
5885 662.936 408.586 605.004 11768 -105.98
5886 663.141 410.417 604.228 11770 -106.11
5887 663.347 412.249 603.453 11772 -106.129
5888 663.553 414.072 602.68 11774 -105.715
5889 663.759 415.896 601.907 11776 -105.884
5890 663.967 417.72 601.135 11778 -105.991
5891 664.175 419.545 600.361 11780 -105.928
5892 664.384 421.37 599.588 11782 -105.996
5893 664.594 423.195 598.815 11784 -106.232
5894 664.804 425.02 598.041 11786 -106.367
5895 665.015 426.846 597.267 11788 -106.422
5896 665.227 428.672 596.493 11790 -106.712
5897 665.44 430.498 595.719 11792 -106.984
5898 665.653 432.324 594.945 11794 -107.359
5899 665.867 434.149 594.171 11796 -107.634
5900 666.082 435.975 593.397 11798 -107.94
5901 666.298 437.801 592.623 11800 -108.339
5902 666.514 439.627 591.849 11802 -108.839
5903 666.731 441.452 591.075 11804 -109.417
5904 666.949 443.277 590.301 11806 -109.946
5905 667.168 445.102 589.527 11808 -110.566
5906 667.387 446.926 588.753 11810 -111.25
5907 667.607 448.751 587.979 11812 -111.956
5908 667.828 450.574 587.206 11814 -112.787
5909 668.049 452.397 586.432 11816 -113.627
5910 668.271 454.22 585.659 11818 -114.604
5911 668.494 456.042 584.886 11820 -115.645
5912 668.718 457.864 584.113 11822 -116.777
5913 668.942 459.684 583.341 11824 -118.087
5914 669.168 461.513 582.565 11826 -119.216
5915 669.395 463.341 581.789 11828 -120.788
5916 669.622 465.169 581.014 11830 -121.502
5917 669.851 466.995 580.239 11832 -122.252
5918 670.079 468.821 579.465 11834 -121.907
5919 670.309 470.645 578.69 11836 -121.335
5920 670.539 472.469 577.917 11838 -120.137
5921 670.77 474.291 577.143 11840 -119.115
5922 671.002 476.112 576.37 11842 -118.052
5923 671.234 477.932 575.598 11844 -116.994
5924 671.468 479.76 574.823 11846 -116.218
5925 671.703 481.587 574.048 11848 -115.28
5926 671.938 483.412 573.273 11850 -114.878
5927 672.174 485.235 572.499 11852 -114.009
5928 672.411 487.058 571.726 11854 -113.775
5929 672.648 488.879 570.953 11856 -113.15
5930 672.886 490.698 570.181 11858 -112.991
5931 673.126 492.524 569.406 11860 -112.908
5932 673.367 494.349 568.632 11862 -112.326
5933 673.608 496.172 567.858 11864 -112.186
5934 673.85 497.994 567.085 11866 -111.741
5935 674.093 499.814 566.313 11868 -111.774
5936 674.337 501.64 565.538 11870 -111.36
5937 674.582 503.465 564.764 11872 -111.234
5938 674.828 505.287 563.99 11874 -111.087
5939 675.074 507.108 563.218 11876 -111.062
5940 675.321 508.927 562.446 11878 -110.945
5941 675.569 510.752 561.672 11880 -110.986
5942 675.819 512.575 560.899 11882 -111.179
5943 676.069 514.396 560.126 11884 -111.16
5944 676.32 516.214 559.355 11886 -111.336
5945 676.572 518.039 558.581 11888 -111.146
5946 676.825 519.861 557.808 11890 -111.234
5947 677.079 521.681 557.036 11892 -111.152
5948 677.335 523.507 556.261 11894 -111.341
5949 677.591 525.331 555.488 11896 -111.48
5950 677.848 527.151 554.716 11898 -111.766
5951 678.105 528.969 553.945 11900 -112.009
5952 678.364 530.793 553.171 11902 -112.147
5953 678.624 532.614 552.399 11904 -112.395
5954 678.885 534.432 551.628 11906 -112.422
5955 679.147 536.256 550.855 11908 -112.857
5956 679.41 538.077 550.083 11910 -113.001
5957 679.674 539.894 549.313 11912 -113.506
5958 679.94 541.717 548.54 11914 -113.706
5959 680.206 543.537 547.769 11916 -114.094
5960 680.472 545.354 546.999 11918 -114.346
5961 680.741 547.175 546.227 11920 -114.446
5962 681.01 548.993 545.457 11922 -114.773
5963 681.281 550.816 544.684 11924 -115.227
5964 681.553 552.636 543.914 11926 -115.758
5965 681.826 554.46 543.141 11928 -116.034
5966 682.1 556.281 542.37 11930 -116.591
5967 682.375 558.098 541.6 11932 -116.561
5968 682.652 559.919 540.829 11934 -117.205
5969 682.929 561.736 540.06 11936 -117.409
5970 683.208 563.558 539.288 11938 -118.275
5971 683.487 565.375 538.519 11940 -118.609
5972 683.769 567.197 537.748 11942 -119.171
5973 684.051 569.015 536.979 11944 -119.603
5974 684.335 570.836 536.208 11946 -119.645
5975 684.619 572.653 535.439 11948 -120.389
5976 684.906 574.474 534.669 11950 -120.695
5977 685.193 576.29 533.901 11952 -121.381
5978 685.482 578.11 533.131 11954 -122.029
5979 685.771 579.925 532.364 11956 -123.155
5980 686.063 581.743 531.595 11958 -123.464
5981 686.356 583.564 530.825 11960 -123.609
5982 686.65 585.381 530.057 11962 -123.8
5983 686.945 587.2 529.288 11964 -124.198
5984 687.242 589.014 528.522 11966 -124.888
5985 687.54 590.831 527.754 11968 -125.222
5986 687.84 592.651 526.986 11970 -126.577
5987 688.141 594.465 526.22 11972 -126.956
5988 688.443 596.281 525.453 11974 -128.051
5989 688.748 598.1 524.685 11976 -127.926
5990 689.054 599.921 523.917 11978 -128.959
5991 689.361 601.736 523.151 11980 -130.258
5992 689.67 603.553 522.384 11982 -128.818
5993 689.98 605.371 521.618 11984 -130.908
5994 690.293 607.191 520.85 11986 -132.001
5995 690.606 609.005 520.086 11988 -130.145
5996 690.921 610.82 519.321 11990 -132.235
5997 691.238 612.636 518.555 11992 -132.452
5998 691.557 614.453 517.79 11994 -132.538
5999 691.878 616.271 517.024 11996 -133.784
6000 692.201 618.089 516.259 11998 -132.917
6001 692.524 619.901 515.496 12000 -136.769
6002 692.849 621.713 514.734 12002 -133.068
6003 693.177 623.525 513.971 12004 -138.801
6004 693.506 625.337 513.209 12006 -135.641
6005 693.837 627.149 512.447 12008 -138.554
6006 694.17 628.961 511.686 12010 -138.948
6007 694.504 630.772 510.925 12012 -138.817
6008 694.841 632.583 510.164 12014 -142.025
6009 695.181 634.4 509.401 12016 -136.891
6010 695.523 636.216 508.639 12018 -140.1
6011 695.867 638.031 507.878 12020 -138.82
6012 696.213 639.844 507.117 12022 -138.118
6013 696.561 641.656 506.357 12024 -141.348
6014 696.911 643.465 505.599 12026 -139.617
6015 697.264 645.28 504.839 12028 -146.145
6016 697.619 647.093 504.079 12030 -139.847
6017 697.976 648.903 503.322 12032 -146.684
6018 698.336 650.717 502.563 12034 -139.614
6019 698.698 652.528 501.805 12036 -149.971
6020 699.063 654.336 501.049 12038 -140.569
6021 699.43 656.147 500.293 12040 -138.924
6022 699.8 657.954 499.538 12042 -145.83
6023 700.173 659.765 498.782 12044 -139.739
6024 700.549 661.577 498.026 12046 -142.931
6025 700.927 663.385 497.272 12048 -138.252
6026 701.309 665.195 496.517 12050 -138.748
6027 701.694 667.007 495.763 12052 -137.241
6028 702.08 668.812 495.011 12054 -136.603
6029 702.471 670.619 494.259 12056 -136.518
6030 702.864 672.426 493.508 12058 -135.131
6031 703.261 674.233 492.757 12060 -134.119
6032 703.662 676.039 492.007 12062 -134.633
6033 704.066 677.844 491.258 12064 -131.593
6034 704.473 679.649 490.51 12066 -134.478
6035 704.883 681.451 489.763 12068 -130.541
6036 705.299 683.258 489.015 12070 -131.822
6037 705.718 685.062 488.269 12072 -131.35
6038 706.14 686.863 487.524 12074 -129.482
6039 706.567 688.666 486.779 12076 -130.004
6040 706.999 690.471 486.034 12078 -129.256
6041 707.434 692.271 485.292 12080 -130.878
6042 707.875 694.072 484.55 12082 -128.069
6043 708.32 695.873 483.809 12084 -128.032
6044 708.77 697.673 483.069 12086 -128.848
6045 709.225 699.472 482.331 12088 -128.528
6046 709.684 701.268 481.594 12090 -130.951
6047 710.15 703.068 480.857 12092 -128.869
6048 710.621 704.863 480.122 12094 -130.258
6049 711.099 706.659 479.388 12096 -129.692
6050 711.582 708.455 478.655 12098 -129.876
6051 712.072 710.251 477.924 12100 -131.283
6052 712.569 712.044 477.194 12102 -128.806
6053 713.072 713.833 476.467 12104 -130.019
6054 713.582 715.624 475.741 12106 -128.211
6055 714.101 717.414 475.016 12108 -130.705
6056 714.627 719.203 474.293 12110 -133.005
6057 715.161 720.988 473.573 12112 -131.742
6058 715.704 722.773 472.855 12114 -131.663
6059 716.257 724.557 472.139 12116 -135.897
6060 716.819 726.337 471.425 12118 -133.222
6061 717.391 728.112 470.716 12120 -137.234
6062 717.975 729.888 470.008 12122 -136.068
6063 718.569 731.66 469.304 12124 -140.725
6064 719.176 733.428 468.603 12126 -137.822
6065 719.797 735.195 467.905 12128 -140.854
6066 720.431 736.958 467.212 12130 -149.586
6067 721.081 738.716 466.523 12132 -142.403
6068 721.747 740.471 465.839 12134 -140.408
6069 722.432 742.222 465.159 12136 -143.871
6070 723.137 743.968 464.484 12138 -142.424
6071 723.862 745.708 463.817 12140 -162.509
6072 724.611 747.439 463.157 12142 -146.476
6073 725.384 749.161 462.505 12144 -141.057
6074 726.187 750.873 461.862 12146 -139.335
6075 727.023 752.576 461.23 12148 -132.979
6076 727.894 754.263 460.61 12150 -131.243
6077 728.808 755.935 460.005 12152 -129.06
6078 729.769 757.585 459.418 12154 -126.357
6079 730.787 759.209 458.852 12156 -123.41
6080 731.87 760.799 458.313 12158 -121.425
6081 733.026 762.349 457.806 12160 -119.349
6082 734.257 763.85 457.333 12162 -117.763
6083 735.567 765.294 456.9 12164 -116.31
6084 736.96 766.673 456.512 12166 -115.163
6085 738.438 767.974 456.173 12168 -114.143
6086 740.001 769.185 455.89 12170 -113.377
6087 741.648 770.296 455.668 12172 -112.628
6088 743.373 771.292 455.511 12174 -112.261
6089 745.169 772.164 455.423 12176 -112.317
6090 747.025 772.902 455.405 12178 -113.232
6091 748.931 773.503 455.459 12180 -113.203
6092 750.871 773.964 455.582 12182 -114.144
6093 752.835 774.286 455.77 12184 -115.474
6094 754.808 774.477 456.021 12186 -116.645
6095 756.783 774.541 456.329 12188 -118.146
6096 758.749 774.489 456.687 12190 -119.122
6097 760.7 774.33 457.091 12192 -117.631
6098 762.631 774.072 457.536 12194 -116.984
6099 764.54 773.726 458.016 12196 -116.433
6100 766.423 773.3 458.528 12198 -114.61
6101 768.283 772.8 459.069 12200 -113.936
6102 770.115 772.236 459.633 12202 -113.388
6103 771.922 771.612 460.22 12204 -112.058
6104 773.702 770.934 460.826 12206 -111.935
6105 775.457 770.208 461.449 12208 -111.178
6106 777.188 769.437 462.088 12210 -111.078
6107 778.893 768.626 462.74 12212 -110.423
6108 780.576 767.778 463.404 12214 -110.371
6109 782.238 766.895 464.08 12216 -109.698
6110 783.878 765.981 464.765 12218 -109.672
6111 785.498 765.038 465.46 12220 -109.386
6112 787.099 764.068 466.163 12222 -108.903
6113 788.68 763.073 466.874 12224 -108.851
6114 790.244 762.055 467.591 12226 -108.592
6115 791.789 761.015 468.315 12228 -108.315
6116 793.318 759.956 469.044 12230 -108.387
6117 794.833 758.876 469.779 12232 -108.258
6118 796.33 757.78 470.518 12234 -108.072
6119 797.814 756.666 471.263 12236 -107.808
6120 799.282 755.538 472.01 12238 -107.721
6121 800.737 754.394 472.762 12240 -107.828
6122 802.18 753.235 473.518 12242 -107.741
6123 803.608 752.064 474.277 12244 -107.547
6124 805.024 750.88 475.038 12246 -107.429
6125 806.431 749.683 475.804 12248 -107.042
6126 807.824 748.475 476.571 12250 -107.047
6127 809.207 747.255 477.342 12252 -107.042
6128 810.58 746.025 478.115 12254 -106.826
6129 811.941 744.785 478.89 12256 -106.794
6130 813.294 743.534 479.667 12258 -106.862
6131 814.635 742.275 480.446 12260 -106.816
6132 815.967 741.007 481.227 12262 -106.695
6133 817.29 739.73 482.01 12264 -106.561
6134 818.603 738.445 482.794 12266 -106.425
6135 819.907 737.154 483.579 12268 -106.264
6136 821.204 735.853 484.366 12270 -106.128
6137 822.491 734.546 485.154 12272 -106.047
6138 823.771 733.231 485.943 12274 -105.952
6139 825.042 731.909 486.734 12276 -105.853
6140 826.306 730.581 487.526 12278 -105.883
6141 827.563 729.246 488.318 12280 -106.019
6142 828.811 727.906 489.112 12282 -106.079
6143 830.054 726.557 489.907 12284 -106.033
6144 831.288 725.204 490.703 12286 -105.833
6145 832.517 723.844 491.5 12288 -105.471
6146 833.737 722.48 492.296 12290 -105.348
6147 834.951 721.109 493.094 12292 -105.539
6148 836.159 719.733 493.893 12294 -105.572
6149 837.361 718.352 494.693 12296 -105.426
6150 838.556 716.965 495.493 12298 -105.268
6151 839.745 715.574 496.293 12300 -105.242
6152 840.928 714.178 497.094 12302 -105.117
6153 842.104 712.778 497.895 12304 -105.203
6154 843.276 711.372 498.697 12306 -105.265
6155 844.441 709.962 499.5 12308 -104.743
6156 845.602 708.546 500.303 12310 -105.076
6157 846.756 707.127 501.106 12312 -104.97
6158 847.905 705.703 501.91 12314 -104.921
6159 849.048 704.276 502.713 12316 -104.665
6160 850.185 702.845 503.517 12318 -104.92
6161 851.318 701.408 504.321 12320 -104.685
6162 852.446 699.967 505.126 12322 -104.788
6163 853.57 698.522 505.932 12324 -104.592
6164 854.688 697.073 506.737 12326 -104.695
6165 855.801 695.62 507.543 12328 -104.535
6166 856.909 694.163 508.349 12330 -104.73
6167 858.012 692.703 509.154 12332 -104.532
6168 859.109 691.24 509.959 12334 -104.464
6169 860.201 689.774 510.764 12336 -104.573
6170 861.288 688.306 511.568 12338 -104.595
6171 862.371 686.832 512.374 12340 -104.638
6172 863.449 685.355 513.179 12342 -104.275
6173 864.522 683.877 513.983 12344 -104.62
6174 865.59 682.393 514.788 12346 -104.66
6175 866.653 680.908 515.592 12348 -104.55
6176 867.713 679.418 516.396 12350 -104.524
6177 868.769 677.923 517.201 12352 -104.459
6178 869.819 676.428 518.005 12354 -104.748
6179 870.865 674.928 518.809 12356 -104.755
6180 871.908 673.424 519.614 12358 -104.924
6181 872.946 671.916 520.418 12360 -104.642
6182 873.978 670.407 521.221 12362 -104.864
6183 875.006 668.896 522.023 12364 -104.72
6184 876.03 667.381 522.826 12366 -104.969
6185 877.049 665.863 523.628 12368 -104.943
6186 878.064 664.341 524.43 12370 -105.105
6187 879.075 662.817 525.232 12372 -105.069
6188 880.081 661.291 526.033 12374 -105.23
6189 881.082 659.762 526.833 12376 -105.457
6190 882.081 658.227 527.634 12378 -105.47
6191 883.076 656.689 528.434 12380 -105.743
6192 884.065 655.15 529.234 12382 -105.59
6193 885.051 653.606 530.034 12384 -106.042
6194 886.033 652.06 530.833 12386 -106.19
6195 887.009 650.512 531.631 12388 -106.438
6196 887.982 648.96 532.429 12390 -106.808
6197 888.949 647.406 533.226 12392 -106.646
6198 889.913 645.849 534.022 12394 -107.035
6199 890.874 644.286 534.819 12396 -107.198
6200 891.829 642.724 535.614 12398 -107.333
6201 892.78 641.157 536.409 12400 -108.053
6202 893.727 639.586 537.204 12402 -108.125
6203 894.67 638.012 537.998 12404 -108.212
6204 895.607 636.438 538.79 12406 -108.721
6205 896.54 634.861 539.581 12408 -108.949
6206 897.468 633.281 540.372 12410 -109.525
6207 898.392 631.699 541.161 12412 -110.233
6208 899.313 630.109 541.952 12414 -110.283
6209 900.229 628.518 542.741 12416 -110.509
6210 901.14 626.924 543.529 12418 -111.232
6211 902.046 625.328 544.315 12420 -111.845
6212 902.949 623.727 545.102 12422 -112.203
6213 903.846 622.125 545.886 12424 -112.963
6214 904.739 620.517 546.671 12426 -113.829
6215 905.626 618.908 547.454 12428 -114.401
6216 906.51 617.295 548.236 12430 -114.447
6217 907.389 615.678 549.017 12432 -115.127
6218 908.261 614.06 549.796 12434 -116.544
6219 909.129 612.438 550.574 12436 -117.143
6220 909.991 610.813 551.351 12438 -117.182
6221 910.849 609.185 552.126 12440 -116.577
6222 911.701 607.554 552.9 12442 -116.886
6223 912.549 605.917 553.673 12444 -116.754
6224 913.391 604.277 554.445 12446 -117.032
6225 914.227 602.636 555.214 12448 -115.964
6226 915.058 600.989 555.983 12450 -115.137
6227 915.884 599.337 556.75 12452 -114.12
6228 916.702 597.685 557.515 12454 -113.585
6229 917.515 596.028 558.278 12456 -113.08
6230 918.322 594.368 559.039 12458 -112.514
6231 919.123 592.704 559.798 12460 -111.782
6232 919.918 591.034 560.556 12462 -111.026
6233 920.707 589.361 561.311 12464 -110.408
6234 921.489 587.683 562.065 12466 -109.855
6235 922.263 586.003 562.815 12468 -109.417
6236 923.03 584.319 563.563 12470 -109.008
6237 923.791 582.627 564.31 12472 -108.58
6238 924.545 580.932 565.054 12474 -108.259
6239 925.29 579.234 565.794 12476 -107.871
6240 926.027 577.531 566.532 12478 -107.35
6241 926.756 575.822 567.267 12480 -106.892
6242 927.477 574.11 567.999 12482 -106.739
6243 928.189 572.391 568.727 12484 -106.226
6244 928.893 570.666 569.453 12486 -105.924
6245 929.586 568.936 570.175 12488 -105.718
6246 930.27 567.201 570.892 12490 -105.372
6247 930.943 565.461 571.606 12492 -105.262
6248 931.605 563.715 572.315 12494 -105.071
6249 932.256 561.962 573.019 12496 -104.986
6250 932.895 560.203 573.719 12498 -104.802
6251 933.522 558.436 574.414 12500 -104.666
6252 934.136 556.662 575.103 12502 -104.575
6253 934.735 554.881 575.786 12504 -104.447
6254 935.32 553.094 576.462 12506 -104.328
6255 935.888 551.3 577.132 12508 -104.053
6256 936.439 549.497 577.793 12510 -104.004
6257 936.972 547.686 578.446 12512 -103.833
6258 937.486 545.866 579.09 12514 -103.854
6259 937.979 544.037 579.725 12516 -103.819
6260 938.449 542.197 580.349 12518 -103.961
6261 938.894 540.347 580.96 12520 -104.071
6262 939.311 538.486 581.559 12522 -104.171
6263 939.698 536.615 582.142 12524 -104.259
6264 940.052 534.732 582.709 12526 -104.171
6265 940.366 532.837 583.265 12528 -104.099
6266 940.637 530.936 583.819 12530 -104.25
6267 940.868 529.029 584.371 12532 -104.51
6268 941.062 527.118 584.921 12534 -104.512
6269 941.219 525.202 585.469 12536 -104.409
6270 941.342 523.282 586.015 12538 -104.515
6271 941.433 521.361 586.558 12540 -104.615
6272 941.492 519.438 587.099 12542 -104.608
6273 941.523 517.513 587.636 12544 -104.678
6274 941.525 515.587 588.172 12546 -104.712
6275 941.5 513.66 588.704 12548 -104.765
6276 941.45 511.734 589.233 12550 -104.842
6277 941.375 509.806 589.759 12552 -104.792
6278 941.277 507.88 590.282 12554 -105.015
6279 941.156 505.954 590.802 12556 -104.826
6280 941.014 504.028 591.32 12558 -105.222
6281 940.85 502.103 591.834 12560 -104.919
6282 940.667 500.179 592.345 12562 -105.417
6283 940.464 498.257 592.853 12564 -105.203
6284 940.243 496.336 593.358 12566 -105.482
6285 940.004 494.415 593.859 12568 -105.442
6286 939.747 492.497 594.358 12570 -105.669
6287 939.474 490.58 594.853 12572 -105.675
6288 939.184 488.664 595.345 12574 -105.452
6289 938.879 486.752 595.834 12576 -105.74
6290 938.558 484.841 596.319 12578 -105.575
6291 938.223 482.932 596.802 12580 -105.802
6292 937.873 481.025 597.28 12582 -105.918
6293 937.509 479.118 597.757 12584 -105.845
6294 937.132 477.215 598.229 12586 -106.133
6295 936.741 475.312 598.699 12588 -106.114
6296 936.337 473.411 599.165 12590 -106.03
6297 935.92 471.512 599.628 12592 -106.221
6298 935.491 469.615 600.088 12594 -106.158
6299 935.051 467.721 600.544 12596 -106.044
6300 934.598 465.83 600.997 12598 -106.27
6301 934.134 463.939 601.447 12600 -106.428
6302 933.658 462.049 601.894 12602 -106.415
6303 933.172 460.163 602.337 12604 -106.621
6304 932.675 458.278 602.777 12606 -106.871
6305 932.167 456.395 603.214 12608 -106.805
6306 931.648 454.514 603.647 12610 -106.727
6307 931.12 452.636 604.077 12612 -106.927
6308 930.582 450.76 604.503 12614 -107.128
6309 930.033 448.884 604.926 12616 -107.105
6310 929.474 447.012 605.346 12618 -107.099
6311 928.907 445.143 605.762 12620 -107.271
6312 928.329 443.275 606.174 12622 -107.453
6313 927.743 441.408 606.583 12624 -107.487
6314 927.147 439.545 606.988 12626 -107.427
6315 926.543 437.684 607.39 12628 -107.441
6316 925.929 435.825 607.788 12630 -107.722
6317 925.306 433.968 608.182 12632 -108.093
6318 924.675 432.113 608.573 12634 -108.214
6319 924.036 430.261 608.96 12636 -108.097
6320 923.388 428.412 609.343 12638 -108.048
6321 922.731 426.562 609.722 12640 -108.279
6322 922.066 424.716 610.098 12642 -108.557
6323 921.391 422.87 610.47 12644 -108.667
6324 920.71 421.029 610.838 12646 -108.756
6325 920.019 419.188 611.202 12648 -108.959
6326 919.322 417.351 611.561 12650 -109.054
6327 918.616 415.516 611.917 12652 -109.106
6328 917.901 413.682 612.269 12654 -109.46
6329 917.179 411.851 612.616 12656 -109.694
6330 916.448 410.021 612.96 12658 -109.72
6331 915.71 408.194 613.299 12660 -109.973
6332 914.964 406.369 613.634 12662 -110.082
6333 914.21 404.547 613.964 12664 -110.144
6334 913.449 402.729 614.29 12666 -110.602
6335 912.681 400.914 614.611 12668 -110.841
6336 911.904 399.099 614.928 12670 -111.116
6337 911.12 397.288 615.24 12672 -111.51
6338 910.327 395.478 615.547 12674 -111.415
6339 909.528 393.673 615.849 12676 -111.69
6340 908.72 391.869 616.147 12678 -111.846
6341 907.904 390.067 616.439 12680 -112.242
6342 907.082 388.27 616.726 12682 -112.749
6343 906.252 386.475 617.009 12684 -112.809
6344 905.414 384.683 617.285 12686 -113.25
6345 904.569 382.894 617.557 12688 -113.436
6346 903.716 381.109 617.823 12690 -114.507
6347 902.853 379.323 618.084 12692 -114.776
6348 901.984 377.541 618.338 12694 -115.086
6349 901.107 375.764 618.587 12696 -115.175
6350 900.221 373.988 618.831 12698 -115.711
6351 899.329 372.217 619.068 12700 -116.233
6352 898.428 370.447 619.299 12702 -116.64
6353 897.518 368.68 619.523 12704 -116.73
6354 896.601 366.92 619.741 12706 -117.415
6355 895.677 365.162 619.953 12708 -117.636
6356 894.744 363.408 620.158 12710 -117.738
6357 893.803 361.657 620.355 12712 -117.764
6358 892.852 359.908 620.546 12714 -118.186
6359 891.894 358.164 620.729 12716 -117.917
6360 890.927 356.425 620.905 12718 -118.212
6361 889.952 354.689 621.074 12720 -117.917
6362 888.967 352.956 621.234 12722 -118.203
6363 887.974 351.23 621.386 12724 -117.123
6364 886.973 349.508 621.53 12726 -117.39
6365 885.963 347.791 621.665 12728 -116.728
6366 884.942 346.076 621.792 12730 -116.271
6367 883.912 344.367 621.91 12732 -116.062
6368 882.874 342.664 622.018 12734 -115.716
6369 881.825 340.966 622.116 12736 -115.093
6370 880.767 339.273 622.204 12738 -114.328
6371 879.698 337.585 622.283 12740 -114.328
6372 878.62 335.903 622.35 12742 -114.081
6373 877.532 334.229 622.406 12744 -113.247
6374 876.433 332.56 622.451 12746 -112.936
6375 875.324 330.9 622.485 12748 -112.254
6376 874.204 329.246 622.506 12750 -112.034
6377 873.072 327.598 622.514 12752 -111.604
6378 871.929 325.958 622.509 12754 -111.076
6379 870.774 324.326 622.49 12756 -110.635
6380 869.608 322.705 622.457 12758 -110.119
6381 868.429 321.09 622.409 12760 -110.065
6382 867.238 319.486 622.345 12762 -109.796
6383 866.034 317.892 622.265 12764 -109.379
6384 864.817 316.309 622.168 12766 -109.21
6385 863.587 314.737 622.054 12768 -108.966
6386 862.343 313.178 621.921 12770 -108.755
6387 861.085 311.631 621.768 12772 -108.582
6388 859.814 310.099 621.595 12774 -108.299
6389 858.527 308.582 621.401 12776 -108.201
6390 857.226 307.081 621.184 12778 -107.953
6391 855.909 305.596 620.943 12780 -107.501
6392 854.576 304.13 620.678 12782 -107.355
6393 853.228 302.684 620.386 12784 -107.29
6394 851.863 301.26 620.067 12786 -107.155
6395 850.481 299.859 619.718 12788 -107.002
6396 849.082 298.483 619.338 12790 -106.799
6397 847.666 297.134 618.925 12792 -106.679
6398 846.233 295.816 618.478 12794 -106.537
6399 844.781 294.53 617.994 12796 -106.38
6400 843.311 293.279 617.47 12798 -106.34
6401 841.825 292.067 616.906 12800 -106.201
6402 840.321 290.898 616.299 12802 -105.944
6403 838.8 289.776 615.645 12804 -105.798
6404 837.264 288.705 614.944 12806 -105.688
6405 835.714 287.69 614.191 12808 -105.505
6406 834.153 286.738 613.387 12810 -105.316
6407 832.579 285.852 612.528 12812 -105.024
6408 830.999 285.04 611.612 12814 -104.746
6409 829.415 284.307 610.639 12816 -104.464
6410 827.83 283.659 609.607 12818 -104.076
6411 826.25 283.102 608.517 12820 -103.7
6412 824.68 282.641 607.37 12822 -103.18
6413 823.124 282.28 606.167 12824 -102.695
6414 821.589 282.023 604.912 12826 -102.226
6415 820.081 281.873 603.607 12828 -101.82
6416 818.607 281.829 602.259 12830 -101.313
6417 817.17 281.891 600.872 12832 -100.717
6418 815.774 282.056 599.45 12834 -100.14
6419 814.434 282.344 597.996 12836 -99.5729
6420 813.166 282.779 596.513 12838 -99.1647
6421 811.969 283.339 595.015 12840 -98.7313
6422 810.837 284.005 593.508 12842 -98.447
6423 809.766 284.758 592 12844 -98.2476
6424 808.747 285.587 590.493 12846 -98.2594
6425 807.777 286.479 588.991 12848 -98.1368
6426 806.851 287.426 587.494 12850 -98.0748
6427 805.964 288.421 586.003 12852 -97.8965
6428 805.113 289.456 584.52 12854 -97.849
6429 804.294 290.528 583.043 12856 -97.9078
6430 803.506 291.63 581.575 12858 -97.954
6431 802.744 292.761 580.114 12860 -98.0272
6432 802.006 293.917 578.66 12862 -98.0523
6433 801.292 295.095 577.213 12864 -98.0711
6434 800.598 296.294 575.773 12866 -98.0692
6435 799.923 297.512 574.338 12868 -98.089
6436 799.266 298.745 572.911 12870 -98.1788
6437 798.626 299.994 571.491 12872 -98.1937
6438 798.002 301.256 570.076 12874 -98.2255
6439 797.391 302.532 568.666 12876 -98.355
6440 796.794 303.819 567.261 12878 -98.5458
6441 796.209 305.118 565.861 12880 -98.6935
6442 795.636 306.427 564.466 12882 -98.7581
6443 795.073 307.746 563.074 12884 -98.8264
6444 794.521 309.074 561.688 12886 -99.0496
6445 793.979 310.409 560.306 12888 -99.1228
6446 793.446 311.753 558.928 12890 -99.2207
6447 792.922 313.103 557.554 12892 -99.4721
6448 792.405 314.463 556.182 12894 -99.5246
6449 791.897 315.827 554.815 12896 -99.809
6450 791.396 317.197 553.451 12898 -100.078
6451 790.902 318.572 552.092 12900 -100.411
6452 790.413 319.955 550.733 12902 -100.748
6453 789.932 321.342 549.379 12904 -100.897
6454 789.457 322.734 548.027 12906 -101.321
6455 788.987 324.131 546.678 12908 -101.487
6456 788.522 325.532 545.331 12910 -101.783
6457 788.063 326.936 543.989 12912 -102.122
6458 787.608 328.346 542.647 12914 -102.478
6459 787.158 329.758 541.309 12916 -102.95
6460 786.713 331.174 539.972 12918 -103.404
6461 786.271 332.595 538.637 12920 -103.998
6462 785.834 334.019 537.304 12922 -104.392
6463 785.4 335.446 535.974 12924 -105.088
6464 784.971 336.875 534.645 12926 -105.679
6465 784.545 338.307 533.32 12928 -106.239
6466 784.121 339.743 531.995 12930 -107.204
6467 783.702 341.18 530.673 12932 -107.688
6468 783.285 342.621 529.351 12934 -108.324
6469 782.871 344.062 528.033 12936 -109.043
6470 782.46 345.507 526.716 12938 -109.41
6471 782.052 346.954 525.4 12940 -109.677
6472 781.646 348.405 524.085 12942 -110.521
6473 781.242 349.857 522.771 12944 -110.831
6474 780.84 351.311 521.458 12946 -110.563
6475 780.441 352.767 520.147 12948 -110.438
6476 780.044 354.224 518.839 12950 -110.073
6477 779.649 355.681 517.532 12952 -108.863
6478 779.257 357.139 516.227 12954 -108.132
6479 778.865 358.602 514.922 12956 -107.631
6480 778.476 360.064 513.619 12958 -106.749
6481 778.088 361.526 512.318 12960 -105.887
6482 777.702 362.992 511.017 12962 -105.098
6483 777.317 364.456 509.719 12964 -104.493
6484 776.934 365.924 508.42 12966 -104.005
6485 776.551 367.394 507.121 12968 -103.615
6486 776.17 368.862 505.826 12970 -103.07
6487 775.79 370.333 504.53 12972 -102.399
6488 775.411 371.806 503.234 12974 -101.78
6489 775.033 373.281 501.939 12976 -101.568
6490 774.656 374.753 500.647 12978 -101.297
6491 774.28 376.226 499.356 12980 -100.705
6492 773.905 377.701 498.065 12982 -100.21
6493 773.531 379.177 496.775 12984 -100.108
6494 773.157 380.653 495.485 12986 -99.7906
6495 772.784 382.13 494.197 12988 -99.3901
6496 772.411 383.608 492.909 12990 -99.1478
6497 772.039 385.086 491.622 12992 -98.9257
6498 771.666 386.568 490.332 12994 -98.5874
6499 771.294 388.051 489.044 12996 -98.4443
6500 770.923 389.533 487.757 12998 -98.3466
6501 770.551 391.015 486.471 13000 -98.1397
6502 770.181 392.496 485.186 13002 -98.0567
6503 769.809 393.98 483.9 13004 -97.9856
6504 769.438 395.464 482.615 13006 -97.7546
6505 769.068 396.947 481.331 13008 -97.7249
6506 768.697 398.433 480.046 13010 -97.7634
6507 768.326 399.918 478.762 13012 -97.5064
6508 767.955 401.401 477.481 13014 -97.5129
6509 767.584 402.887 476.197 13016 -97.6209
6510 767.213 404.371 474.916 13018 -97.5036
6511 766.841 405.858 473.633 13020 -97.4901
6512 766.469 407.342 472.352 13022 -97.7846
6513 766.097 408.829 471.07 13024 -97.7429
6514 765.725 410.314 469.79 13026 -97.8007
6515 765.352 411.8 468.509 13028 -98.1534
6516 764.979 413.284 467.23 13030 -98.1781
6517 764.605 414.769 465.95 13032 -98.2239
6518 764.23 416.257 464.669 13034 -98.6073
6519 763.855 417.741 463.391 13036 -98.6646
6520 763.479 419.226 462.112 13038 -98.7526
6521 763.102 420.713 460.831 13040 -99.2609
6522 762.724 422.201 459.55 13042 -99.4261
6523 762.346 423.685 458.272 13044 -99.7666
6524 761.967 425.17 456.993 13046 -100.423
6525 761.587 426.656 455.713 13048 -100.642
6526 761.205 428.143 454.433 13050 -100.992
6527 760.823 429.63 453.152 13052 -101.698
6528 760.44 431.113 451.874 13054 -101.936
6529 760.056 432.596 450.596 13056 -102.629
6530 759.671 434.079 449.318 13058 -103.577
6531 759.285 435.562 448.039 13060 -103.763
6532 758.897 437.045 446.76 13062 -104.737
6533 758.508 438.528 445.481 13064 -105.753
6534 758.118 440.011 444.201 13066 -106.36
6535 757.726 441.493 442.922 13068 -107.943
6536 757.333 442.975 441.642 13070 -108.531
6537 756.939 444.456 440.363 13072 -109.109
6538 756.543 445.936 439.083 13074 -110.88
6539 756.145 447.415 437.804 13076 -110.804
6540 755.746 448.893 436.525 13078 -110.954
6541 755.346 450.37 435.246 13080 -110.439
6542 754.943 451.85 433.964 13082 -109.233
6543 754.538 453.329 432.682 13084 -108.958
6544 754.132 454.806 431.401 13086 -107.574
6545 753.724 456.282 430.12 13088 -106.46
6546 753.314 457.755 428.84 13090 -105.803
6547 752.902 459.232 427.556 13092 -104.84
6548 752.487 460.706 426.273 13094 -103.593
6549 752.071 462.178 424.992 13096 -103.222
6550 751.654 463.648 423.711 13098 -102.362
6551 751.233 465.12 422.427 13100 -101.676
6552 750.81 466.589 421.144 13102 -101.459
6553 750.385 468.061 419.858 13104 -100.789
6554 749.957 469.529 418.573 13106 -100.282
6555 749.528 470.994 417.29 13108 -100.038
6556 749.095 472.461 416.003 13110 -99.4739
6557 748.66 473.925 414.719 13112 -99.1152
6558 748.223 475.39 413.431 13114 -98.887
6559 747.783 476.851 412.146 13116 -98.6894
6560 747.339 478.313 410.858 13118 -98.3496
6561 746.894 479.771 409.572 13120 -98.2326
6562 746.445 481.23 408.283 13122 -98.1593
6563 745.993 482.689 406.992 13124 -97.8557
6564 745.538 484.144 405.704 13126 -97.8196
6565 745.08 485.599 404.413 13128 -97.775
6566 744.62 487.049 403.125 13130 -97.6248
6567 744.156 488.499 401.834 13132 -97.5837
6568 743.688 489.948 400.542 13134 -97.798
6569 743.217 491.397 399.249 13136 -97.7331
6570 742.743 492.841 397.958 13138 -97.8176
6571 742.266 494.284 396.665 13140 -97.9398
6572 741.784 495.725 395.371 13142 -97.9487
6573 741.299 497.165 394.076 13144 -98.1849
6574 740.809 498.604 392.78 13146 -98.3793
6575 740.316 500.04 391.483 13148 -98.6845
6576 739.818 501.475 390.185 13150 -99.0767
6577 739.316 502.908 388.886 13152 -99.1682
6578 738.811 504.338 387.587 13154 -99.5274
6579 738.3 505.766 386.287 13156 -99.9406
6580 737.786 507.191 384.986 13158 -100.551
6581 737.267 508.612 383.685 13160 -101.005
6582 736.744 510.031 382.384 13162 -101.642
6583 736.215 511.45 381.079 13164 -102.145
6584 735.681 512.865 379.774 13166 -103.077
6585 735.143 514.277 378.469 13168 -103.577
6586 734.6 515.684 377.165 13170 -104.684
6587 734.051 517.091 375.857 13172 -105.925
6588 733.497 518.493 374.549 13174 -106.804
6589 732.936 519.894 373.239 13176 -108.279
6590 732.371 521.29 371.929 13178 -109.29
6591 731.799 522.684 370.617 13180 -111.073
6592 731.222 524.073 369.305 13182 -111.502
6593 730.638 525.459 367.992 13184 -112.183
6594 730.048 526.842 366.676 13186 -110.937
6595 729.452 528.219 365.362 13188 -110.108
6596 728.849 529.593 364.045 13190 -108.482
6597 728.239 530.962 362.727 13192 -107.083
6598 727.622 532.328 361.408 13194 -106.378
6599 726.997 533.69 360.087 13196 -105.304
6600 726.365 535.046 358.765 13198 -104.295
6601 725.725 536.398 357.443 13200 -103.151
6602 725.078 537.744 356.119 13202 -102.571
6603 724.422 539.087 354.792 13204 -101.606
6604 723.757 540.424 353.464 13206 -100.949
6605 723.084 541.754 352.137 13208 -100.456
6606 722.402 543.079 350.806 13210 -100.012
6607 721.711 544.397 349.476 13212 -99.712
6608 721.011 545.71 348.143 13214 -99.3714
6609 720.299 547.017 346.808 13216 -99.06
6610 719.58 548.315 345.474 13218 -98.6237
6611 718.849 549.606 344.139 13220 -98.5541
6612 718.108 550.889 342.802 13222 -98.2662
6613 717.356 552.164 341.464 13224 -98.149
6614 716.591 553.434 340.122 13226 -98.1464
6615 715.815 554.694 338.78 13228 -98.1684
6616 715.027 555.943 337.437 13230 -98.0851
6617 714.225 557.185 336.092 13232 -97.997
6618 713.412 558.415 334.748 13234 -98.0938
6619 712.584 559.635 333.402 13236 -98.3111
6620 711.743 560.844 332.055 13238 -98.4614
6621 710.887 562.042 330.706 13240 -98.656
6622 710.016 563.228 329.357 13242 -98.9046
6623 709.128 564.402 328.006 13244 -99.18
6624 708.224 565.562 326.654 13246 -99.6348
6625 707.303 566.708 325.301 13248 -99.9407
6626 706.364 567.84 323.947 13250 -100.808
6627 705.407 568.956 322.593 13252 -101.297
6628 704.431 570.055 321.239 13254 -102.03
6629 703.437 571.135 319.886 13256 -102.877
6630 702.42 572.198 318.532 13258 -103.874
6631 701.384 573.239 317.18 13260 -104.831
6632 700.326 574.259 315.829 13262 -106.203
6633 699.245 575.256 314.479 13264 -107.36
6634 698.139 576.231 313.13 13266 -109.407
6635 697.009 577.179 311.783 13268 -111.234
6636 695.853 578.1 310.439 13270 -112.758
6637 694.67 578.993 309.098 13272 -113.809
6638 693.459 579.854 307.761 13274 -112.237
6639 692.221 580.681 306.429 13276 -109.982
6640 690.953 581.472 305.105 13278 -108.946
6641 689.654 582.226 303.786 13280 -107.84
6642 688.325 582.939 302.476 13282 -107.14
6643 686.964 583.608 301.176 13284 -105.949
6644 685.571 584.231 299.888 13286 -105.034
6645 684.143 584.804 298.612 13288 -103.842
6646 682.683 585.325 297.351 13290 -103.748
6647 681.19 585.789 296.108 13292 -103.441
6648 679.663 586.195 294.884 13294 -103.197
6649 678.103 586.537 293.682 13296 -103.475
6650 676.511 586.814 292.505 13298 -102.669
6651 674.888 587.021 291.355 13300 -103.189
6652 673.236 587.157 290.236 13302 -103.597
6653 671.558 587.218 289.152 13304 -103.525
6654 669.855 587.202 288.103 13306 -105.457
6655 668.134 587.109 287.096 13308 -106.609
6656 666.393 586.937 286.13 13310 -107.102
6657 664.639 586.686 285.208 13312 -107.182
6658 662.874 586.356 284.333 13314 -108.117
6659 661.101 585.949 283.506 13316 -108.471
6660 659.324 585.466 282.727 13318 -109.037
6661 657.549 584.909 281.998 13320 -110.466
6662 655.776 584.282 281.319 13322 -112.229
6663 654.011 583.587 280.69 13324 -111.503
6664 652.259 582.825 280.103 13326 -113.827
6665 650.525 582 279.552 13328 -113.528
6666 648.808 581.118 279.034 13330 -114.211
6667 647.109 580.184 278.548 13332 -114.064
6668 645.428 579.204 278.09 13334 -114.33
6669 643.764 578.181 277.66 13336 -115.037
6670 642.119 577.122 277.256 13338 -116.42
6671 640.492 576.029 276.875 13340 -116.821
6672 638.88 574.903 276.517 13342 -116.48
6673 637.285 573.749 276.18 13344 -116.137
6674 635.705 572.569 275.862 13346 -114.861
6675 634.141 571.365 275.563 13348 -115.463
6676 632.59 570.137 275.281 13350 -115.573
6677 631.053 568.89 275.016 13352 -115.205
6678 629.527 567.623 274.766 13354 -115.715
6679 628.014 566.337 274.53 13356 -115.022
6680 626.514 565.036 274.309 13358 -115.1
6681 625.024 563.718 274.101 13360 -114.892
6682 623.549 562.388 273.905 13362 -115.048
6683 622.082 561.043 273.722 13364 -115.215
6684 620.626 559.686 273.549 13366 -115.907
6685 619.18 558.317 273.388 13368 -116.314
6686 617.743 556.936 273.237 13370 -117.852
6687 616.315 555.546 273.095 13372 -120.368
6688 614.898 554.147 272.964 13374 -120.457
6689 613.487 552.736 272.841 13376 -122.847
6690 612.084 551.316 272.727 13378 -123.094
6691 610.692 549.891 272.622 13380 -122.125
6692 609.305 548.454 272.525 13382 -118.349
6693 607.925 547.011 272.435 13384 -115.297
6694 606.554 545.562 272.353 13386 -113.228
6695 605.188 544.104 272.278 13388 -110.923
6696 603.831 542.642 272.21 13390 -109.516
6697 602.48 541.172 272.149 13392 -108.252
6698 601.134 539.696 272.095 13394 -107.143
6699 599.794 538.214 272.046 13396 -106.393
6700 598.46 536.727 272.004 13398 -105.909
6701 597.133 535.236 271.968 13400 -105.729
6702 595.812 533.741 271.937 13402 -105.736
6703 594.494 532.237 271.913 13404 -106.007
6704 593.183 530.732 271.893 13406 -106.466
6705 591.874 529.219 271.879 13408 -107.614
6706 590.574 527.705 271.869 13410 -108.933
6707 589.276 526.186 271.865 13412 -110.404
6708 587.982 524.661 271.866 13414 -112.988
6709 586.696 523.136 271.871 13416 -115.565
6710 585.414 521.608 271.881 13418 -114.757
6711 584.136 520.075 271.895 13420 -110.259
6712 582.862 518.539 271.914 13422 -107.785
6713 581.592 516.999 271.937 13424 -105.415
6714 580.326 515.457 271.964 13426 -103.788
6715 579.065 513.913 271.995 13428 -102.644
6716 577.804 512.362 272.031 13430 -101.908
6717 576.548 510.809 272.07 13432 -101.332
6718 575.297 509.255 272.113 13434 -101.138
6719 574.051 507.7 272.159 13436 -101.31
6720 572.805 506.139 272.209 13438 -101.951
6721 571.565 504.578 272.263 13440 -103.168
6722 570.325 503.012 272.32 13442 -104.825
6723 569.091 501.446 272.381 13444 -107.024
6724 567.858 499.875 272.445 13446 -110.39
6725 566.63 498.305 272.512 13448 -111.721
6726 565.404 496.731 272.583 13450 -108.898
6727 564.179 495.153 272.656 13452 -105.498
6728 562.959 493.577 272.733 13454 -102.76
6729 561.741 491.997 272.813 13456 -101.047
6730 560.525 490.413 272.896 13458 -99.752
6731 559.315 488.833 272.981 13460 -98.8482
6732 558.106 487.249 273.07 13462 -98.4766
6733 556.899 485.662 273.162 13464 -98.367
6734 555.694 484.073 273.256 13466 -98.9312
6735 554.49 482.482 273.353 13468 -99.7026
6736 553.289 480.888 273.453 13470 -101.04
6737 552.089 479.292 273.556 13472 -103.147
6738 550.892 477.694 273.661 13474 -106.134
6739 549.696 476.095 273.769 13476 -109.125
6740 548.503 474.494 273.879 13478 -108.571
6741 547.311 472.892 273.992 13480 -104.58
6742 546.122 471.289 274.108 13482 -101.898
6743 544.936 469.685 274.226 13484 -99.5807
6744 543.751 468.08 274.346 13486 -98.1444
6745 542.57 466.474 274.468 13488 -97.0597
6746 541.39 464.868 274.593 13490 -96.7737
6747 540.213 463.262 274.721 13492 -96.6005
6748 539.039 461.655 274.85 13494 -97.0445
6749 537.867 460.049 274.981 13496 -97.705
6750 536.694 458.436 275.116 13498 -98.9096
6751 535.522 456.823 275.252 13500 -100.787
6752 534.354 455.211 275.39 13502 -103.367
6753 533.189 453.6 275.53 13504 -106.763
6754 532.021 451.982 275.673 13506 -107.2
6755 530.857 450.366 275.818 13508 -103.858
6756 529.695 448.75 275.965 13510 -101.141
6757 528.536 447.135 276.114 13512 -98.9327
6758 527.376 445.515 276.265 13514 -97.2465
6759 526.218 443.897 276.418 13516 -96.2455
6760 525.064 442.279 276.572 13518 -95.5663
6761 523.908 440.657 276.729 13520 -95.2979
6762 522.755 439.036 276.888 13522 -95.4638
6763 521.606 437.417 277.049 13524 -95.8353
6764 520.454 435.794 277.211 13526 -96.7853
6765 519.307 434.172 277.376 13528 -98.3196
6766 518.157 432.545 277.542 13530 -100.25
6767 517.011 430.921 277.71 13532 -103.152
6768 515.863 429.293 277.881 13534 -106.325
6769 514.719 427.666 278.053 13536 -105.455
6770 513.579 426.043 278.226 13538 -102.072
6771 512.436 424.415 278.402 13540 -99.4752
6772 511.298 422.79 278.579 13542 -97.6493
6773 510.158 421.161 278.758 13544 -96.2049
6774 509.022 419.534 278.939 13546 -95.1983
6775 507.884 417.904 279.121 13548 -94.6343
6776 506.75 416.277 279.305 13550 -94.4411
6777 505.615 414.647 279.491 13552 -94.4465
6778 504.478 413.012 279.679 13554 -94.8869
6779 503.346 411.381 279.869 13556 -95.8243
6780 502.212 409.746 280.06 13558 -97.0756
6781 501.082 408.115 280.253 13560 -98.6292
6782 499.951 406.481 280.447 13562 -100.995
6783 498.823 404.85 280.643 13564 -103.868
6784 497.695 403.217 280.84 13566 -105.253
6785 496.566 401.579 281.04 13568 -103.337
6786 495.44 399.946 281.241 13570 -100.477
6787 494.314 398.31 281.443 13572 -98.1512
6788 493.191 396.678 281.647 13574 -96.5778
6789 492.068 395.044 281.852 13576 -95.3291
6790 490.943 393.406 282.06 13578 -94.3842
6791 489.823 391.773 282.268 13580 -93.8341
6792 488.702 390.137 282.478 13582 -93.7201
6793 487.58 388.498 282.69 13584 -93.8347
6794 486.462 386.864 282.903 13586 -94.1688
6795 485.343 385.228 283.118 13588 -94.7295
6796 484.224 383.589 283.335 13590 -95.6479
6797 483.103 381.947 283.553 13592 -97.1035
6798 481.987 380.311 283.772 13594 -99.0448
6799 480.87 378.672 283.993 13596 -101.275
6800 479.753 377.031 284.216 13598 -103.406
6801 478.639 375.396 284.439 13600 -104.055
6802 477.525 373.758 284.664 13602 -102.234
6803 476.411 372.118 284.891 13604 -99.85
6804 475.295 370.476 285.12 13606 -97.902
6805 474.185 368.839 285.349 13608 -96.3749
6806 473.073 367.201 285.58 13610 -95.1106
6807 471.961 365.561 285.813 13612 -94.1626
6808 470.848 363.919 286.048 13614 -93.5083
6809 469.735 362.275 286.284 13616 -93.2451
6810 468.626 360.637 286.52 13618 -93.3409
6811 467.517 358.997 286.758 13620 -93.5035
6812 466.407 357.356 286.998 13622 -93.7412
6813 465.297 355.713 287.24 13624 -94.4334
6814 464.186 354.069 287.483 13626 -95.3262
6815 463.08 352.431 287.727 13628 -96.5405
6816 461.973 350.792 287.972 13630 -98.1413
6817 460.866 349.151 288.219 13632 -100.055
6818 459.759 347.51 288.467 13634 -102.263
6819 458.651 345.866 288.717 13636 -103.535
6820 457.543 344.222 288.969 13638 -102.721
6821 456.439 342.585 289.221 13640 -101.114
6822 455.335 340.946 289.474 13642 -99.0777
6823 454.231 339.306 289.729 13644 -97.3371
6824 453.127 337.666 289.986 13646 -95.9855
6825 452.022 336.024 290.244 13648 -95.0579
6826 450.917 334.382 290.504 13650 -94.2982
6827 449.812 332.739 290.765 13652 -93.6908
6828 448.706 331.095 291.027 13654 -93.3283
6829 447.601 329.45 291.292 13656 -93.0953
6830 446.5 327.813 291.556 13658 -93.0123
6831 445.399 326.175 291.822 13660 -93.1623
6832 444.298 324.536 292.089 13662 -93.5484
6833 443.197 322.897 292.358 13664 -94.1218
6834 442.095 321.258 292.628 13666 -94.9201
6835 440.994 319.618 292.9 13668 -95.9934
6836 439.892 317.978 293.173 13670 -97.1326
6837 438.791 316.338 293.447 13672 -98.4845
6838 437.689 314.697 293.723 13674 -100.036
6839 436.587 313.056 294 13676 -101.636
6840 435.485 311.415 294.279 13678 -102.608
6841 434.383 309.774 294.559 13680 -102.315
6842 433.281 308.134 294.841 13682 -101.105
6843 432.179 306.493 295.124 13684 -99.5068
6844 431.077 304.852 295.408 13686 -97.9676
6845 429.976 303.211 295.694 13688 -96.6994
6846 428.874 301.57 295.981 13690 -95.6591
6847 427.772 299.93 296.27 13692 -94.9198
6848 426.671 298.29 296.559 13694 -94.3375
6849 425.569 296.651 296.85 13696 -93.7938
6850 424.468 295.011 297.143 13698 -93.3579
6851 423.367 293.372 297.437 13700 -93.1071
6852 422.266 291.734 297.732 13702 -93.0033
6853 421.165 290.096 298.029 13704 -93.0552
6854 420.064 288.459 298.326 13706 -93.2754
6855 418.964 286.823 298.625 13708 -93.5809
6856 417.863 285.187 298.926 13710 -93.9535
6857 416.763 283.552 299.228 13712 -94.5641
6858 415.664 281.917 299.531 13714 -95.3867
6859 414.564 280.284 299.835 13716 -96.371
6860 413.465 278.652 300.141 13718 -97.5151
6861 412.366 277.02 300.447 13720 -98.5309
6862 411.263 275.382 300.757 13722 -99.7613
6863 410.159 273.744 301.068 13724 -100.983
6864 409.057 272.108 301.38 13726 -102.15
6865 407.954 270.473 301.694 13728 -102.353
6866 406.852 268.839 302.008 13730 -101.632
6867 405.75 267.207 302.324 13732 -100.534
6868 404.649 265.576 302.641 13734 -99.42
6869 403.548 263.946 302.96 13736 -98.2366
6870 402.448 262.318 303.279 13738 -97.158
6871 401.343 260.683 303.601 13740 -96.141
6872 400.238 259.05 303.925 13742 -95.4838
6873 399.134 257.419 304.25 13744 -94.9208
6874 398.031 255.789 304.576 13746 -94.4162
6875 396.928 254.161 304.903 13748 -93.9699
6876 395.825 252.535 305.231 13750 -93.5831
6877 394.719 250.903 305.562 13752 -93.4458
6878 393.612 249.272 305.895 13754 -93.38
6879 392.507 247.644 306.228 13756 -93.2205
6880 391.402 246.018 306.563 13758 -93.1684
6881 390.298 244.393 306.899 13760 -93.345
6882 389.194 242.771 307.236 13762 -93.6693
6883 388.086 241.144 307.576 13764 -93.934
6884 386.979 239.518 307.917 13766 -94.2709
6885 385.872 237.895 308.259 13768 -94.7711
6886 384.767 236.274 308.602 13770 -95.4217
6887 383.657 234.648 308.948 13772 -96.189
6888 382.547 233.025 309.295 13774 -96.9889
6889 381.439 231.404 309.643 13776 -97.8649
6890 380.331 229.785 309.993 13778 -98.9171
6891 379.22 228.162 310.345 13780 -99.7771
6892 378.109 226.541 310.698 13782 -100.533
6893 376.999 224.923 311.052 13784 -101.482
6894 375.89 223.308 311.408 13786 -102.199
6895 374.776 221.689 311.766 13788 -102.243
6896 373.664 220.072 312.126 13790 -101.743
6897 372.553 218.458 312.486 13792 -101.02
6898 371.438 216.84 312.849 13794 -99.8639
6899 370.324 215.226 313.214 13796 -98.7955
6900 369.21 213.614 313.579 13798 -97.9458
6901 368.093 211.998 313.947 13800 -97.2947
6902 366.977 210.386 314.317 13802 -96.6006
6903 365.862 208.777 314.687 13804 -96.0383
6904 364.743 207.164 315.06 13806 -95.6147
6905 363.626 205.555 315.434 13808 -95.1188
6906 362.509 203.949 315.81 13810 -94.7096
6907 361.389 202.34 316.188 13812 -94.3557
6908 360.27 200.735 316.567 13814 -94.1118
6909 359.148 199.126 316.949 13816 -93.8187
6910 358.026 197.521 317.332 13818 -93.6974
6911 356.906 195.92 317.716 13820 -93.597
6912 355.782 194.316 318.102 13822 -93.5654
6913 354.66 192.716 318.49 13824 -93.545
6914 353.534 191.113 318.881 13826 -93.7138
6915 352.409 189.515 319.272 13828 -93.8143
6916 351.281 187.914 319.667 13830 -94.0038
6917 350.155 186.317 320.062 13832 -94.2478
6918 349.025 184.718 320.46 13834 -94.5523
6919 347.896 183.123 320.859 13836 -94.8385
6920 346.764 181.526 321.261 13838 -95.2487
6921 345.634 179.934 321.664 13840 -95.6521
6922 344.5 178.34 322.07 13842 -95.9929
6923 343.368 176.75 322.477 13844 -96.542
6924 342.233 175.159 322.886 13846 -97.0144
6925 341.1 173.573 323.297 13848 -97.5567
6926 339.963 171.985 323.71 13850 -98.2949
6927 338.823 170.396 324.126 13852 -98.9534
6928 337.685 168.812 324.544 13854 -99.6524
6929 336.544 167.227 324.963 13856 -100.399
6930 335.405 165.648 325.384 13858 -100.827
6931 334.263 164.067 325.808 13860 -101.382
6932 333.117 162.486 326.234 13862 -101.808
6933 331.974 160.91 326.662 13864 -101.932
6934 330.828 159.334 327.092 13866 -102.174
6935 329.68 157.758 327.525 13868 -101.666
6936 328.533 156.187 327.959 13870 -101.401
6937 327.384 154.617 328.396 13872 -100.979
6938 326.232 153.046 328.835 13874 -100.408
6939 325.077 151.475 329.278 13876 -99.9527
6940 323.924 149.911 329.721 13878 -99.0208
6941 322.769 148.347 330.167 13880 -98.3245
6942 321.612 146.784 330.616 13882 -97.757
6943 320.452 145.221 331.067 13884 -97.191
6944 319.29 143.66 331.522 13886 -96.6719
6945 318.13 142.105 331.977 13888 -96.2741
6946 316.968 140.552 332.435 13890 -96.1579
6947 315.804 138.999 332.896 13892 -95.7131
6948 314.638 137.449 333.36 13894 -95.5762
6949 313.469 135.899 333.827 13896 -95.4195
6950 312.299 134.352 334.296 13898 -95.2239
6951 311.126 132.807 334.768 13900 -95.0406
6952 309.952 131.263 335.243 13902 -94.8757
6953 308.776 129.722 335.721 13904 -94.6875
6954 307.597 128.184 336.201 13906 -94.4697
6955 306.418 126.648 336.684 13908 -94.4215
6956 305.236 125.116 337.17 13910 -94.1418
6957 304.053 123.586 337.659 13912 -94.2006
6958 302.869 122.059 338.151 13914 -94.1067
6959 301.683 120.537 338.645 13916 -94.1427
6960 300.491 119.012 339.144 13918 -94.1892
6961 299.298 117.491 339.646 13920 -94.3636
6962 298.103 115.974 340.151 13922 -94.4691
6963 296.908 114.461 340.659 13924 -94.7811
6964 295.707 112.948 341.171 13926 -94.7265
6965 294.504 111.439 341.686 13928 -94.9462
6966 293.301 109.936 342.204 13930 -94.8969
6967 292.093 108.432 342.726 13932 -95.0393
6968 290.884 106.935 343.251 13934 -95.2547
6969 289.67 105.437 343.781 13936 -95.351
6970 288.455 103.946 344.314 13938 -95.7445
6971 287.235 102.456 344.852 13940 -95.6963
6972 286.015 100.973 345.392 13942 -96.0046
6973 284.791 99.4913 345.937 13944 -96.0846
6974 283.566 98.0173 346.485 13946 -96.54
6975 282.337 96.5458 347.037 13948 -96.977
6976 281.103 95.0771 347.594 13950 -97.349
6977 279.865 93.6118 348.156 13952 -97.5808
6978 278.624 92.1501 348.723 13954 -97.9455
6979 277.383 90.6975 349.292 13956 -98.0759
6980 276.138 89.2495 349.866 13958 -98.5316
6981 274.889 87.8063 350.445 13960 -98.4911
6982 273.637 86.3684 351.029 13962 -98.594
6983 272.377 84.9316 351.619 13964 -99.0382
6984 271.114 83.501 352.214 13966 -99.823
6985 269.849 82.0774 352.814 13968 -99.8879
6986 268.58 80.661 353.418 13970 -100.487
6987 267.305 79.2478 354.029 13972 -100.998
6988 266.027 77.8431 354.645 13974 -101.248
6989 264.743 76.4427 355.267 13976 -100.747
6990 263.456 75.052 355.895 13978 -101.142
6991 262.164 73.667 356.528 13980 -101.426
6992 260.866 72.2884 357.169 13982 -101.724
6993 259.563 70.917 357.816 13984 -102.218
6994 258.254 69.5535 358.47 13986 -102.289
6995 256.941 68.1987 359.131 13988 -102.281
6996 255.622 66.8534 359.798 13990 -102.2
6997 254.3 65.5185 360.472 13992 -102.175
6998 252.973 64.1946 361.153 13994 -102.149
6999 251.638 62.8788 361.842 13996 -102.52
7000 250.296 61.5723 362.54 13998 -102.518
7001 248.947 60.276 363.246 14000 -102.604
7002 247.595 58.9947 363.959 14002 -102.39
7003 246.232 57.7222 364.683 14004 -102.455
7004 244.864 56.4635 365.415 14006 -102.107
7005 243.49 55.2197 366.156 14008 -102.41
7006 242.108 53.9887 366.908 14010 -101.832
7007 240.717 52.7721 367.67 14012 -101.865
7008 239.318 51.5714 368.442 14014 -101.784
7009 237.912 50.3881 369.226 14016 -101.946
7010 236.5 49.224 370.019 14018 -101.702
7011 235.077 48.0779 370.825 14020 -101.912
7012 233.646 46.9516 371.644 14022 -101.395
7013 232.206 45.8474 372.475 14024 -101.382
7014 230.755 44.7646 373.321 14026 -102.198
7015 229.293 43.7059 374.181 14028 -101.819
7016 227.822 42.6737 375.055 14030 -101.113
7017 226.343 41.6707 375.944 14032 -101.936
7018 224.852 40.6975 376.848 14034 -102.021
7019 223.352 39.7571 377.77 14036 -101.918
7020 221.839 38.8509 378.709 14038 -101.647
7021 220.315 37.9826 379.666 14040 -102.061
7022 218.781 37.156 380.641 14042 -102.314
7023 217.236 36.3735 381.637 14044 -102.673
7024 215.681 35.6396 382.652 14046 -102.576
7025 214.115 34.9577 383.689 14048 -102.399
7026 212.539 34.3329 384.747 14050 -103.19
7027 210.955 33.7707 385.827 14052 -103.228
7028 209.364 33.2766 386.928 14054 -103.189
7029 207.767 32.8559 388.052 14056 -103.542
7030 206.166 32.5149 389.199 14058 -103.93
7031 204.567 32.2532 390.367 14060 -103.761
7032 202.971 32.0678 391.555 14062 -103.284
7033 201.38 31.957 392.761 14064 -103.843
7034 199.799 31.9185 393.981 14066 -102.793
7035 198.226 31.9496 395.216 14068 -103.121
7036 196.667 32.0475 396.46 14070 -102.529
7037 195.121 32.2094 397.714 14072 -102.146
7038 193.588 32.4323 398.976 14074 -101.826
7039 192.069 32.7136 400.244 14076 -101.192
7040 190.567 33.05 401.517 14078 -101.187
7041 189.08 33.4392 402.794 14080 -100.551
7042 187.61 33.8777 404.073 14082 -100.337
7043 186.155 34.3639 405.354 14084 -100.003
7044 184.719 34.8942 406.636 14086 -99.476
7045 183.299 35.4672 407.918 14088 -99.4043
7046 181.895 36.0805 409.201 14090 -99.2848
7047 180.506 36.732 410.483 14092 -98.966
7048 179.134 37.4194 411.764 14094 -99.2106
7049 177.779 38.1407 413.043 14096 -98.9847
7050 176.441 38.8938 414.319 14098 -99.0924
7051 175.116 39.6785 415.594 14100 -99.1499
7052 173.809 40.4911 416.865 14102 -98.9042
7053 172.516 41.3318 418.134 14104 -99.6203
7054 171.238 42.1989 419.401 14106 -99.4364
7055 169.974 43.0909 420.664 14108 -99.9816
7056 168.725 44.0062 421.924 14110 -100.193
7057 167.488 44.9455 423.182 14112 -100.442
7058 166.265 45.9054 424.436 14114 -101.482
7059 165.055 46.8867 425.688 14116 -101.527
7060 163.858 47.8884 426.936 14118 -102.833
7061 162.672 48.9091 428.182 14120 -103.258
7062 161.499 49.9479 429.425 14122 -104.314
7063 160.339 51.0036 430.663 14124 -104.884
7064 159.191 52.0751 431.898 14126 -105.905
7065 158.056 53.1613 433.128 14128 -106.497
7066 156.93 54.2642 434.356 14130 -107.178
7067 155.814 55.3829 435.582 14132 -108.565
7068 154.712 56.5136 436.802 14134 -107.561
7069 153.619 57.6583 438.02 14136 -107.824
7070 152.536 58.8164 439.235 14138 -106.79
7071 151.463 59.987 440.447 14140 -106.078
7072 150.4 61.1695 441.655 14142 -105.131
7073 149.348 62.363 442.86 14144 -104.465
7074 148.303 63.5703 444.064 14146 -103.769
7075 147.268 64.7873 445.264 14148 -102.997
7076 146.243 66.0135 446.459 14150 -102.538
7077 145.226 67.2516 447.653 14152 -101.958
7078 144.219 68.4976 448.843 14154 -101.614
7079 143.219 69.7545 450.031 14156 -101.15
7080 142.227 71.0217 451.217 14158 -100.94
7081 141.245 72.2951 452.397 14160 -100.805
7082 140.271 73.5778 453.576 14162 -100.949
7083 139.305 74.8694 454.752 14164 -100.713
7084 138.346 76.1694 455.925 14166 -100.962
7085 137.395 77.4774 457.096 14168 -100.98
7086 136.452 78.7929 458.265 14170 -101.036
7087 135.516 80.1155 459.43 14172 -101.17
7088 134.588 81.4448 460.592 14174 -101.809
7089 133.665 82.7845 461.755 14176 -102.17
7090 132.75 84.1301 462.914 14178 -102.669
7091 131.842 85.4812 464.069 14180 -103.284
7092 130.942 86.8375 465.221 14182 -103.956
7093 130.048 88.2028 466.373 14184 -104.64
7094 129.161 89.5726 467.521 14186 -105.624
7095 128.279 90.9508 468.669 14188 -106.973
7096 127.405 92.3328 469.813 14190 -107.7
7097 126.536 93.7226 470.956 14192 -108.805
7098 125.675 95.1156 472.094 14194 -109.032
7099 124.819 96.5158 473.232 14196 -109.421
7100 123.969 97.9231 474.369 14198 -108.964
7101 123.126 99.3326 475.502 14200 -108.788
7102 122.288 100.749 476.633 14202 -107.706
7103 121.456 102.171 477.764 14204 -107.376
7104 120.629 103.599 478.893 14206 -106.149
7105 119.81 105.029 480.017 14208 -105.336
7106 118.996 106.464 481.139 14210 -104.419
7107 118.187 107.904 482.26 14212 -103.989
7108 117.384 109.349 483.38 14214 -103.335
7109 116.586 110.799 484.498 14216 -102.865
7110 115.794 112.254 485.614 14218 -102.481
7111 115.006 113.714 486.729 14220 -101.87
7112 114.224 115.177 487.842 14222 -101.856
7113 113.448 116.645 488.952 14224 -101.673
7114 112.677 118.116 490.061 14226 -101.65
7115 111.911 119.592 491.168 14228 -101.566
7116 111.151 121.07 492.272 14230 -101.548
7117 110.396 122.552 493.375 14232 -101.698
7118 109.646 124.037 494.475 14234 -101.811
7119 108.902 125.525 495.573 14236 -102.382
7120 108.161 127.021 496.672 14238 -102.634
7121 107.425 128.52 497.769 14240 -102.861
7122 106.695 130.02 498.863 14242 -103.581
7123 105.971 131.523 499.955 14244 -103.915
7124 105.249 133.034 501.048 14246 -104.967
7125 104.533 134.546 502.138 14248 -105.741
7126 103.822 136.06 503.225 14250 -106.502
7127 103.114 137.581 504.314 14252 -107.41
7128 102.412 139.104 505.399 14254 -108.243
7129 101.716 140.628 506.482 14256 -109.671
7130 101.022 142.158 507.566 14258 -110.251
7131 100.335 143.689 508.647 14260 -111.168
7132 99.6525 145.222 509.724 14262 -110.821
7133 98.9735 146.76 510.802 14264 -109.872
7134 98.3001 148.299 511.878 14266 -109.468
7135 97.6299 149.844 512.953 14268 -108.155
7136 96.9653 151.389 514.026 14270 -107.824
7137 96.3041 152.94 515.099 14272 -106.682
7138 95.6485 154.491 516.169 14274 -105.618
7139 94.9962 156.048 517.239 14276 -105.295
7140 94.3495 157.604 518.306 14278 -104.451
7141 93.7063 159.166 519.373 14280 -103.907
7142 93.0687 160.727 520.437 14282 -103.751
7143 92.4345 162.293 521.501 14284 -102.9
7144 91.8038 163.864 522.565 14286 -102.762
7145 91.1788 165.435 523.625 14288 -102.783
7146 90.5572 167.01 524.686 14290 -102.297
7147 89.9415 168.584 525.743 14292 -102.348
7148 89.3292 170.163 526.8 14294 -102.282
7149 88.7204 171.746 527.857 14296 -102.178
7150 88.1175 173.327 528.91 14298 -102.646
7151 87.5181 174.913 529.963 14300 -102.774
7152 86.9224 176.504 531.016 14302 -102.719
7153 86.3324 178.092 532.065 14304 -103.144
7154 85.7461 179.685 533.114 14306 -103.548
7155 85.1635 181.281 534.163 14308 -103.971
7156 84.5846 182.881 535.211 14310 -104.773
7157 84.0115 184.479 536.256 14312 -105.156
7158 83.4422 186.081 537.3 14314 -105.525
7159 82.8767 187.686 538.343 14316 -106.88
7160 82.315 189.295 539.386 14318 -107.899
7161 81.7571 190.907 540.429 14320 -108.556
7162 81.2052 192.517 541.467 14322 -109.688
7163 80.6571 194.129 542.505 14324 -110.467
7164 80.1129 195.745 543.543 14326 -111.052
7165 79.5727 197.364 544.579 14328 -112.26
7166 79.0364 198.986 545.615 14330 -112.305
7167 78.5041 200.61 546.651 14332 -111.1
7168 77.9759 202.238 547.685 14334 -110.829
7169 77.4537 203.862 548.715 14336 -109.522
7170 76.9355 205.488 549.745 14338 -108.639
7171 76.4214 207.118 550.773 14340 -107.854
7172 75.9114 208.749 551.801 14342 -106.993
7173 75.4056 210.383 552.827 14344 -105.92
7174 74.904 212.019 553.853 14346 -105.551
7175 74.4066 213.658 554.878 14348 -105.185
7176 73.9134 215.298 555.901 14350 -104.535
7177 73.4245 216.941 556.924 14352 -103.925
7178 72.9399 218.586 557.946 14354 -103.749
7179 72.4597 220.232 558.966 14356 -103.685
7180 71.9838 221.88 559.985 14358 -103.307
7181 71.5123 223.53 561.003 14360 -103.099
7182 71.0452 225.182 562.02 14362 -103.022
7183 70.5826 226.835 563.035 14364 -103.148
7184 70.1245 228.489 564.049 14366 -103.099
7185 69.6709 230.145 565.062 14368 -103.297
7186 69.2219 231.802 566.073 14370 -103.368
7187 68.7758 233.467 567.087 14372 -103.555
7188 68.3343 235.133 568.099 14374 -103.879
7189 67.8975 236.799 569.11 14376 -104.46
7190 67.4655 238.467 570.119 14378 -104.973
7191 67.0381 240.136 571.126 14380 -105.022
7192 66.6156 241.805 572.132 14382 -105.541
7193 66.1978 243.476 573.136 14384 -106.447
7194 65.7834 245.153 574.142 14386 -107.625
7195 65.3738 246.831 575.146 14388 -108.236
7196 64.9692 248.509 576.148 14390 -108.647
7197 64.5695 250.187 577.148 14392 -109.858
7198 64.1748 251.866 578.147 14394 -111.134
7199 63.7838 253.551 579.147 14396 -112.447
7200 63.3978 255.237 580.145 14398 -112.826
7201 63.0169 256.922 581.142 14400 -112.909
7202 62.6398 258.614 582.139 14402 -113.37
7203 62.268 260.306 583.135 14404 -112.655
7204 61.9014 261.997 584.128 14406 -112.281
7205 61.5401 263.689 585.12 14408 -111.224
7206 61.1828 265.386 586.112 14410 -109.888
7207 60.8309 267.082 587.103 14412 -108.868
7208 60.4845 268.778 588.09 14414 -107.959
7209 60.1423 270.48 589.079 14416 -107.188
7210 59.8056 272.181 590.066 14418 -106.578
7211 59.4732 273.887 591.054 14420 -105.886
7212 59.1465 275.593 592.039 14422 -105.363
7213 58.8255 277.298 593.021 14424 -105.157
7214 58.5091 279.007 594.005 14426 -105.076
7215 58.1984 280.716 594.985 14428 -104.857
7216 57.8924 282.429 595.967 14430 -104.562
7217 57.5924 284.141 596.945 14432 -104.353
7218 57.2972 285.858 597.925 14434 -104.367
7219 57.008 287.573 598.901 14436 -104.45
7220 56.7238 289.293 599.878 14438 -104.359
7221 56.4458 291.011 600.852 14440 -104.026
7222 56.1729 292.733 601.826 14442 -103.857
7223 55.9063 294.454 602.797 14444 -104.061
7224 55.645 296.178 603.768 14446 -104.445
7225 55.3891 297.907 604.74 14448 -104.786
7226 55.1397 299.633 605.708 14450 -105.006
7227 54.8959 301.363 606.676 14452 -105.288
7228 54.6578 303.097 607.644 14454 -105.797
7229 54.4263 304.828 608.609 14456 -106.685
7230 54.2007 306.563 609.573 14458 -107.71
7231 53.981 308.3 610.538 14460 -108.529
7232 53.7682 310.035 611.498 14462 -108.905
7233 53.5616 311.773 612.458 14464 -109.292
7234 53.3612 313.514 613.418 14466 -109.864
7235 53.1672 315.258 614.376 14468 -110.77
7236 52.9804 316.998 615.331 14470 -112.285
7237 52.8001 318.741 616.286 14472 -113.506
7238 52.6264 320.486 617.239 14474 -113.932
7239 52.4595 322.234 618.191 14476 -114.599
7240 52.2996 323.984 619.143 14478 -114.72
7241 52.1466 325.735 620.093 14480 -114.447
7242 52.0008 327.488 621.042 14482 -113.98
7243 51.8622 329.243 621.99 14484 -112.984
7244 51.731 331 622.936 14486 -112.065
7245 51.6073 332.758 623.881 14488 -110.734
7246 51.4912 334.517 624.824 14490 -109.303
7247 51.3829 336.277 625.766 14492 -108.226
7248 51.2824 338.038 626.705 14494 -107.647
7249 51.1899 339.8 627.643 14496 -107.515
7250 51.1055 341.562 628.579 14498 -107.539
7251 51.0293 343.324 629.512 14500 -107.678
7252 50.9615 345.087 630.443 14502 -107.272
7253 50.9021 346.856 631.375 14504 -106.687
7254 50.8513 348.624 632.305 14506 -105.887
7255 50.8094 350.392 633.231 14508 -105.192
7256 50.7764 352.159 634.156 14510 -104.688
7257 50.7525 353.931 635.08 14512 -104.743
7258 50.7378 355.703 636.001 14514 -105.027
7259 50.7326 357.473 636.919 14516 -105.505
7260 50.737 359.247 637.836 14518 -106.074
7261 50.7511 361.02 638.751 14520 -106.508
7262 50.7753 362.796 639.664 14522 -106.625
7263 50.8096 364.57 640.574 14524 -106.459
7264 50.8543 366.348 641.483 14526 -106.206
7265 50.9097 368.128 642.39 14528 -105.905
7266 50.9758 369.905 643.294 14530 -106.104
7267 51.053 371.685 644.196 14532 -106.366
7268 51.1416 373.467 645.096 14534 -107.122
7269 51.2417 375.251 645.994 14536 -108.127
7270 51.3534 377.031 646.887 14538 -109.366
7271 51.4772 378.812 647.778 14540 -111.041
7272 51.6133 380.593 648.666 14542 -112.55
7273 51.762 382.376 649.552 14544 -114.278
7274 51.9235 384.158 650.434 14546 -115.488
7275 52.0982 385.94 651.313 14548 -116.222
7276 52.2869 387.727 652.192 14550 -116.657
7277 52.4894 389.512 653.066 14552 -116.504
7278 52.706 391.297 653.937 14554 -116.496
7279 52.9369 393.079 654.803 14556 -116.969
7280 53.1832 394.865 655.667 14558 -116.951
7281 53.4445 396.648 656.527 14560 -117.052
7282 53.722 398.432 657.383 14562 -116.659
7283 54.0151 400.214 658.235 14564 -117.576
7284 54.3252 401.996 659.083 14566 -118.172
7285 54.6526 403.778 659.927 14568 -119.085
7286 54.9968 405.556 660.765 14570 -121.586
7287 55.3592 407.333 661.599 14572 -120.795
7288 55.7402 409.109 662.428 14574 -117.8
7289 56.1402 410.882 663.252 14576 -114.44
7290 56.5598 412.654 664.07 14578 -111.966
7291 56.9994 414.422 664.883 14580 -109.909
7292 57.4608 416.191 665.691 14582 -108.417
7293 57.9432 417.955 666.493 14584 -106.815
7294 58.4472 419.714 667.287 14586 -105.707
7295 58.9746 421.472 668.076 14588 -104.823
7296 59.5261 423.227 668.858 14590 -104.762
7297 60.1009 424.975 669.632 14592 -105.467
7298 60.7011 426.719 670.398 14594 -107.296
7299 61.3273 428.458 671.157 14596 -109.338
7300 61.9803 430.191 671.907 14598 -109.09
7301 62.6607 431.917 672.648 14600 -107.335
7302 63.3693 433.636 673.38 14602 -106.596
7303 64.1069 435.345 674.101 14604 -107.34
7304 64.8759 437.049 674.812 14606 -109.772
7305 65.6754 438.741 675.513 14608 -111.432
7306 66.5063 440.421 676.2 14610 -108.429
7307 67.3713 442.092 676.876 14612 -109.064
7308 68.2693 443.747 677.539 14614 -115.093
7309 69.2033 445.391 678.188 14616 -109.092
7310 70.172 447.018 678.821 14618 -121.581
7311 71.1787 448.629 679.44 14620 -109.343
7312 72.222 450.221 680.042 14622 -143.567
7313 73.3052 451.795 680.627 14624 -110.278
7314 74.427 453.346 681.194 14626 -111.316
7315 75.5907 454.877 681.742 14628 -120.768
7316 76.795 456.382 682.269 14630 -114.184
7317 78.0408 457.86 682.776 14632 -109.823
7318 79.3291 459.309 683.26 14634 -108.177
7319 80.6581 460.726 683.72 14636 -107.347
7320 82.0314 462.111 684.156 14638 -106.832
7321 83.4473 463.461 684.567 14640 -107.189
7322 84.9035 464.772 684.95 14642 -110.976
7323 86.4037 466.044 685.307 14644 -112.59
7324 87.9427 467.273 685.634 14646 -104.708
7325 89.524 468.458 685.933 14648 -110.118
7326 91.1425 469.598 686.2 14650 -103.853
7327 92.794 470.695 686.433 14652 -108.541
7328 94.4775 471.754 686.634 14654 -105.886
7329 96.1842 472.774 686.805 14656 -103.019
7330 97.9161 473.761 686.95 14658 -103.052
7331 99.6688 474.714 687.068 14660 -104.228
7332 101.438 475.635 687.163 14662 -104.333
7333 103.223 476.527 687.236 14664 -104.261
7334 105.026 477.392 687.288 14666 -104.134
7335 106.838 478.229 687.321 14668 -103.864
7336 108.664 479.042 687.335 14670 -104.303
7337 110.498 479.831 687.332 14672 -106.334
7338 112.342 480.597 687.313 14674 -107.028
7339 114.197 481.343 687.279 14676 -104.762
7340 116.057 482.068 687.231 14678 -108.663
7341 117.924 482.773 687.169 14680 -106.933
7342 119.796 483.46 687.094 14682 -109.683
7343 121.676 484.13 687.008 14684 -107.418
7344 123.563 484.784 686.909 14686 -114.66
7345 125.455 485.422 686.799 14688 -106.938
7346 127.351 486.044 686.679 14690 -119.367
7347 129.248 486.651 686.55 14692 -109.701
7348 131.151 487.245 686.41 14694 -106.904
7349 133.054 487.824 686.262 14696 -113.523
7350 134.96 488.39 686.105 14698 -113.029
7351 136.874 488.945 685.939 14700 -105.689
7352 138.79 489.488 685.766 14702 -105.621
7353 140.706 490.018 685.584 14704 -110.653
7354 142.627 490.538 685.396 14706 -117.271
7355 144.546 491.047 685.2 14708 -106.319
7356 146.469 491.545 684.998 14710 -103.232
7357 148.394 492.034 684.789 14712 -102.175
7358 150.321 492.513 684.573 14714 -103.297
7359 152.249 492.983 684.352 14716 -105.161
7360 154.177 493.443 684.125 14718 -108.398
7361 156.105 493.894 683.892 14720 -111.566
7362 158.039 494.338 683.653 14722 -108.976
7363 159.97 494.772 683.41 14724 -106.656
7364 161.906 495.2 683.161 14726 -105.129
7365 163.839 495.618 682.907 14728 -104.016
7366 165.774 496.03 682.648 14730 -103.49
7367 167.713 496.434 682.384 14732 -103.651
7368 169.653 496.832 682.116 14734 -103.527
7369 171.595 497.223 681.843 14736 -104.34
7370 173.532 497.606 681.566 14738 -104.9
7371 175.469 497.982 681.286 14740 -105.306
7372 177.413 498.353 681 14742 -106.373
7373 179.357 498.718 680.711 14744 -106.279
7374 181.301 499.076 680.417 14746 -106.93
7375 183.243 499.428 680.121 14748 -106.668
7376 185.184 499.774 679.821 14750 -106.714
7377 187.131 500.115 679.516 14752 -106.994
7378 189.076 500.451 679.208 14754 -106.849
7379 191.018 500.78 678.898 14756 -107.512
7380 192.964 501.105 678.583 14758 -109.142
7381 194.908 501.423 678.266 14760 -111.548
7382 196.855 501.738 677.945 14762 -115.475
7383 198.799 502.047 677.622 14764 -113.154
7384 200.746 502.351 677.295 14766 -112.676
7385 202.688 502.65 676.966 14768 -114.528
7386 204.634 502.945 676.633 14770 -116.226
7387 206.582 503.235 676.297 14772 -113.809
7388 208.524 503.521 675.96 14774 -113.669
7389 210.469 503.802 675.619 14776 -114.258
7390 212.416 504.079 675.275 14778 -109.962
7391 214.365 504.352 674.929 14780 -110.312
7392 216.315 504.621 674.58 14782 -109.924
7393 218.258 504.885 674.229 14784 -108.569
7394 220.202 505.145 673.876 14786 -107.18
7395 222.148 505.402 673.52 14788 -107.315
7396 224.094 505.654 673.162 14790 -106.151
7397 226.04 505.903 672.801 14792 -105.812
7398 227.987 506.148 672.438 14794 -105.486
7399 229.933 506.39 672.073 14796 -105.018
7400 231.88 506.628 671.705 14798 -104.949
7401 233.827 506.862 671.336 14800 -104.387
7402 235.772 507.093 670.964 14802 -104.58
7403 237.718 507.32 670.59 14804 -104.168
7404 239.662 507.544 670.215 14806 -104.333
7405 241.606 507.764 669.838 14808 -104.13
7406 243.556 507.982 669.457 14810 -104.377
7407 245.506 508.197 669.074 14812 -104.294
7408 247.454 508.408 668.69 14814 -104.556
7409 249.401 508.616 668.304 14816 -104.707
7410 251.345 508.82 667.917 14818 -104.899
7411 253.288 509.022 667.528 14820 -105.302
7412 255.237 509.221 667.137 14822 -105.608
7413 257.185 509.417 666.743 14824 -106.109
7414 259.13 509.61 666.349 14826 -106.474
7415 261.072 509.799 665.953 14828 -107.254
7416 263.02 509.987 665.554 14830 -107.671
7417 264.966 510.171 665.154 14832 -108.553
7418 266.909 510.353 664.753 14834 -109.307
7419 268.858 510.532 664.349 14836 -110.28
7420 270.804 510.708 663.945 14838 -111.481
7421 272.746 510.881 663.539 14840 -112.323
7422 274.694 511.052 663.13 14842 -113.961
7423 276.638 511.221 662.721 14844 -114.85
7424 278.588 511.387 662.309 14846 -116.812
7425 280.534 511.55 661.896 14848 -116.61
7426 282.476 511.711 661.482 14850 -116.823
7427 284.424 511.869 661.066 14852 -116.61
7428 286.367 512.025 660.649 14854 -114.958
7429 288.315 512.179 660.23 14856 -114.272
7430 290.259 512.33 659.81 14858 -112.695
7431 292.207 512.479 659.388 14860 -111.648
7432 294.152 512.625 658.965 14862 -110.938
7433 296.1 512.769 658.54 14864 -109.724
7434 298.044 512.911 658.115 14866 -109.353
7435 299.993 513.051 657.687 14868 -108.275
7436 301.936 513.188 657.259 14870 -108.133
7437 303.884 513.324 656.828 14872 -107.379
7438 305.827 513.456 656.397 14874 -107.001
7439 307.774 513.587 655.964 14876 -106.782
7440 309.715 513.716 655.531 14878 -106.204
7441 311.661 513.842 655.096 14880 -106.37
7442 313.601 513.966 654.661 14882 -105.805
7443 315.545 514.089 654.223 14884 -105.837
7444 317.483 514.209 653.786 14886 -105.83
7445 319.425 514.327 653.347 14888 -105.522
7446 321.371 514.443 652.905 14890 -105.895
7447 323.31 514.557 652.464 14892 -105.588
7448 325.253 514.669 652.02 14894 -105.815
7449 327.2 514.779 651.575 14896 -106.118
7450 329.14 514.887 651.13 14898 -105.954
7451 331.084 514.994 650.683 14900 -106.489
7452 333.021 515.098 650.236 14902 -106.595
7453 334.962 515.2 649.787 14904 -106.867
7454 336.906 515.301 649.336 14906 -107.461
7455 338.843 515.399 648.886 14908 -107.686
7456 340.783 515.496 648.434 14910 -108.141
7457 342.726 515.591 647.98 14912 -108.825
7458 344.662 515.684 647.527 14914 -109.421
7459 346.601 515.776 647.072 14916 -109.919
7460 348.543 515.865 646.615 14918 -110.858
7461 350.487 515.953 646.156 14920 -111.722
7462 352.425 516.039 645.698 14922 -112.4
7463 354.365 516.123 645.238 14924 -113.684
7464 356.307 516.206 644.777 14926 -115.069
7465 358.243 516.286 644.316 14928 -115.632
7466 360.18 516.365 643.854 14930 -116.941
7467 362.12 516.443 643.39 14932 -118.913
7468 364.062 516.519 642.924 14934 -119.114
7469 365.997 516.592 642.46 14936 -119.188
7470 367.934 516.665 641.993 14938 -118.439
7471 369.873 516.735 641.525 14940 -118.27
7472 371.814 516.804 641.056 14942 -117.306
7473 373.748 516.871 640.588 14944 -115.323
7474 375.683 516.937 640.118 14946 -114.885
7475 377.62 517.001 639.646 14948 -113.828
7476 379.56 517.064 639.173 14950 -113.171
7477 381.5 517.125 638.699 14952 -112.242
7478 383.433 517.184 638.226 14954 -111.438
7479 385.368 517.242 637.751 14956 -111.033
7480 387.304 517.298 637.275 14958 -110.821
7481 389.242 517.352 636.798 14960 -109.971
7482 391.182 517.405 636.319 14962 -109.573
7483 393.113 517.457 635.841 14964 -109.45
7484 395.045 517.507 635.363 14966 -109.156
7485 396.979 517.555 634.882 14968 -108.898
7486 398.915 517.602 634.401 14970 -108.729
7487 400.851 517.648 633.918 14972 -108.36
7488 402.789 517.692 633.434 14974 -108.382
7489 404.729 517.734 632.949 14976 -108.525
7490 406.659 517.775 632.465 14978 -108.383
7491 408.591 517.814 631.98 14980 -108.169
7492 410.523 517.852 631.494 14982 -108.344
7493 412.457 517.889 631.006 14984 -108.299
7494 414.392 517.924 630.518 14986 -108.444
7495 416.328 517.958 630.028 14988 -108.681
7496 418.264 517.99 629.537 14990 -108.945
7497 420.202 518.021 629.045 14992 -108.789
7498 422.13 518.05 628.555 14994 -109.085
7499 424.059 518.078 628.063 14996 -109.311
7500 425.989 518.104 627.57 14998 -109.618
7501 427.919 518.129 627.077 15000 -109.84
7502 429.851 518.153 626.582 15002 -110.474
7503 431.782 518.175 626.086 15004 -110.821
7504 433.715 518.196 625.589 15006 -111.03
7505 435.647 518.215 625.092 15008 -111.509
7506 437.581 518.233 624.593 15010 -111.971
7507 439.514 518.25 624.093 15012 -112.433
7508 441.449 518.265 623.593 15014 -112.728
7509 443.383 518.279 623.091 15016 -113.682
7510 445.318 518.292 622.589 15018 -114.297
7511 447.253 518.303 622.085 15020 -114.93
7512 449.188 518.313 621.581 15022 -115.787
7513 451.113 518.322 621.078 15024 -116.87
7514 453.038 518.329 620.575 15026 -117.712
7515 454.964 518.335 620.071 15028 -118.335
7516 456.889 518.339 619.566 15030 -119.793
7517 458.814 518.342 619.06 15032 -120.718
7518 460.74 518.344 618.553 15034 -121.507
7519 462.665 518.344 618.046 15036 -122.379
7520 464.59 518.344 617.537 15038 -123.438
7521 466.515 518.341 617.028 15040 -123.835
7522 468.44 518.338 616.518 15042 -123.319
7523 470.364 518.333 616.008 15044 -123.67
7524 472.288 518.327 615.497 15046 -123.137
7525 474.212 518.32 614.985 15048 -122.254
7526 476.135 518.311 614.472 15050 -121.199
7527 478.058 518.301 613.959 15052 -120.882
7528 479.98 518.289 613.445 15054 -120.355
7529 481.912 518.277 612.927 15056 -119.16
7530 483.843 518.263 612.409 15058 -118.589
7531 485.773 518.248 611.891 15060 -118.115
7532 487.703 518.231 611.371 15062 -117.73
7533 489.632 518.213 610.851 15064 -117.286
7534 491.561 518.194 610.331 15066 -116.432
7535 493.488 518.173 609.81 15068 -116.188
7536 495.415 518.152 609.288 15070 -116.213
7537 497.341 518.129 608.766 15072 -115.78
7538 499.265 518.104 608.243 15074 -115.563
7539 501.189 518.079 607.72 15076 -115.383
7540 503.112 518.052 607.196 15078 -115.126
7541 505.034 518.024 606.672 15080 -115.291
7542 506.954 517.994 606.147 15082 -115.23
7543 508.873 517.964 605.622 15084 -114.763
7544 510.802 517.932 605.093 15086 -114.682
7545 512.728 517.898 604.564 15088 -114.702
7546 514.654 517.864 604.035 15090 -114.5
7547 516.578 517.828 603.505 15092 -114.505
7548 518.501 517.791 602.975 15094 -114.598
7549 520.422 517.752 602.444 15096 -114.533
7550 522.342 517.713 601.913 15098 -114.63
7551 524.26 517.672 601.382 15100 -114.776
7552 526.187 517.629 600.848 15102 -114.615
7553 528.112 517.586 600.313 15104 -114.472
7554 530.035 517.541 599.778 15106 -114.615
7555 531.956 517.495 599.242 15108 -114.844
7556 533.876 517.447 598.706 15110 -115.027
7557 535.794 517.399 598.17 15112 -115.117
7558 537.71 517.349 597.634 15114 -115.014
7559 539.634 517.298 597.095 15116 -114.95
7560 541.555 517.245 596.555 15118 -115.2
7561 543.475 517.191 596.015 15120 -115.546
7562 545.393 517.136 595.475 15122 -115.633
7563 547.309 517.08 594.935 15124 -115.634
7564 549.232 517.022 594.391 15126 -115.808
7565 551.153 516.963 593.848 15128 -115.993
7566 553.071 516.903 593.304 15130 -116.028
7567 554.988 516.841 592.761 15132 -116.137
7568 556.902 516.778 592.217 15134 -116.477
7569 558.823 516.714 591.67 15136 -116.781
7570 560.742 516.648 591.123 15138 -116.782
7571 562.658 516.581 590.576 15140 -116.733
7572 564.571 516.513 590.029 15142 -117.014
7573 566.492 516.444 589.479 15144 -117.425
7574 568.41 516.373 588.929 15146 -117.527
7575 570.325 516.301 588.379 15148 -117.543
7576 572.237 516.228 587.829 15150 -117.863
7577 574.156 516.153 587.276 15152 -118.168
7578 576.072 516.077 586.724 15154 -118.103
7579 577.985 515.999 586.171 15156 -118.196
7580 579.904 515.92 585.615 15158 -118.627
7581 581.821 515.84 585.06 15160 -118.898
7582 583.734 515.759 584.504 15162 -119.052
7583 585.644 515.676 583.949 15164 -119.229
7584 587.56 515.592 583.391 15166 -119.188
7585 589.473 515.506 582.833 15168 -119.326
7586 591.382 515.419 582.275 15170 -119.793
7587 593.298 515.331 581.715 15172 -119.955
7588 595.21 515.241 581.155 15174 -120.102
7589 597.118 515.15 580.595 15176 -120.457
7590 599.032 515.058 580.032 15178 -120.537
7591 600.942 514.964 579.47 15180 -120.785
7592 602.858 514.868 578.905 15182 -120.94
7593 604.77 514.772 578.34 15184 -120.837
7594 606.678 514.674 577.776 15186 -121.161
7595 608.591 514.574 577.209 15188 -121.38
7596 610.5 514.473 576.642 15190 -121.686
7597 612.414 514.37 576.073 15192 -122.018
7598 614.324 514.266 575.505 15194 -121.885
7599 616.23 514.161 574.936 15196 -122.054
7600 618.141 514.054 574.366 15198 -122.058
7601 620.047 513.946 573.795 15200 -122.338
7602 621.958 513.836 573.223 15202 -122.843
7603 623.864 513.725 572.65 15204 -122.932
7604 625.775 513.612 572.076 15206 -123.186
7605 627.681 513.498 571.502 15208 -123.012
7606 629.591 513.382 570.925 15210 -123.244
7607 631.496 513.265 570.35 15212 -123.264
7608 633.405 513.145 569.772 15214 -123.595
7609 635.31 513.025 569.194 15216 -123.738
7610 637.218 512.903 568.614 15218 -123.909
7611 639.121 512.78 568.035 15220 -124.116
7612 641.027 512.654 567.454 15222 -124.248
7613 642.928 512.528 566.874 15224 -124.541
7614 644.832 512.399 566.291 15226 -124.628
7615 646.74 512.269 565.706 15228 -124.803
7616 648.642 512.138 565.122 15230 -124.788
7617 650.547 512.004 564.536 15232 -125.224
7618 652.446 511.87 563.951 15234 -125.401
7619 654.348 511.733 563.364 15236 -125.63
7620 656.252 511.594 562.775 15238 -125.534
7621 658.151 511.455 562.187 15240 -126.107
7622 660.051 511.313 561.597 15242 -126.341
7623 661.954 511.169 561.005 15244 -126.187
7624 663.851 511.024 560.414 15246 -126.201
7625 665.749 510.878 559.821 15248 -126.94
7626 667.649 510.729 559.226 15250 -126.993
7627 669.551 510.578 558.63 15252 -126.669
7628 671.446 510.426 558.035 15254 -127.27
7629 673.343 510.271 557.438 15256 -127.909
7630 675.24 510.115 556.84 15258 -127.783
7631 677.139 509.957 556.24 15260 -127.664
7632 679.038 509.797 555.638 15262 -129.005
7633 680.931 509.635 555.038 15264 -128.641
7634 682.823 509.472 554.436 15266 -128.569
7635 684.716 509.306 553.833 15268 -129.625
7636 686.61 509.139 553.228 15270 -129.87
7637 688.503 508.969 552.622 15272 -129.649
7638 690.397 508.797 552.015 15274 -130.498
7639 692.29 508.623 551.406 15276 -131.541
7640 694.183 508.447 550.796 15278 -130.81
7641 696.075 508.269 550.185 15280 -131.952
7642 697.966 508.088 549.573 15282 -132.174
7643 699.856 507.906 548.96 15284 -133.29
7644 701.745 507.721 548.346 15286 -124.597
7645 703.632 507.534 547.731 15288 -131.855
7646 705.518 507.345 547.114 15290 -135.397
7647 707.41 507.153 546.495 15292 -136.047
7648 709.3 506.959 545.874 15294 -133.626
7649 711.187 506.763 545.253 15296 -138.836
7650 713.072 506.564 544.631 15298 -138.576
7651 714.954 506.363 544.008 15300 -139.308
7652 716.84 506.159 543.382 15302 -141.487
7653 718.724 505.953 542.756 15304 -141.888
7654 720.603 505.744 542.128 15306 -142.127
7655 722.487 505.532 541.498 15308 -137.052
7656 724.366 505.318 540.868 15310 -144.736
7657 726.248 505.101 540.235 15312 -137.133
7658 728.126 504.882 539.601 15314 -136.922
7659 730.006 504.659 538.965 15316 -134.546
7660 731.88 504.433 538.329 15318 -135.245
7661 733.757 504.205 537.69 15320 -132.836
7662 735.634 503.973 537.048 15322 -132.607
7663 737.513 503.738 536.405 15324 -131.482
7664 739.384 503.5 535.761 15326 -130.86
7665 741.256 503.259 535.116 15328 -129.369
7666 743.128 503.015 534.468 15330 -129.529
7667 744.998 502.767 533.818 15332 -128.107
7668 746.868 502.516 533.167 15334 -127.94
7669 748.736 502.261 532.513 15336 -127.331
7670 750.601 502.003 531.858 15338 -127.541
7671 752.471 501.74 531.199 15340 -126.381
7672 754.337 501.474 530.539 15342 -127.081
7673 756.199 501.204 529.877 15344 -126.397
7674 758.064 500.93 529.212 15346 -126.354
7675 759.924 500.652 528.546 15348 -125.955
7676 761.784 500.369 527.876 15350 -126.029
7677 763.645 500.082 527.204 15352 -125.038
7678 765.499 499.791 526.531 15354 -125.945
7679 767.352 499.495 525.855 15356 -126.292
7680 769.203 499.194 525.176 15358 -127.275
7681 771.058 498.887 524.493 15360 -126.287
7682 772.908 498.576 523.808 15362 -126.595
7683 774.754 498.26 523.121 15364 -128.361
7684 776.601 497.937 522.43 15366 -129.538
7685 778.447 497.609 521.735 15368 -128.856
7686 780.286 497.275 521.038 15370 -130.129
7687 782.127 496.934 520.337 15372 -133.623
7688 783.964 496.587 519.632 15374 -133.813
7689 785.797 496.234 518.925 15376 -137.351
7690 787.628 495.873 518.213 15378 -137.106
7691 789.456 495.505 517.497 15380 -135.997
7692 791.281 495.129 516.778 15382 -135.851
7693 793.104 494.745 516.053 15384 -133.231
7694 794.92 494.353 515.325 15386 -132.854
7695 796.732 493.951 514.592 15388 -129.737
7696 798.542 493.54 513.853 15390 -128.274
7697 800.349 493.119 513.109 15392 -128.412
7698 802.149 492.687 512.36 15394 -126.984
7699 803.944 492.244 511.605 15396 -125.979
7700 805.732 491.789 510.844 15398 -125.498
7701 807.514 491.321 510.076 15400 -125.319
7702 809.291 490.839 509.3 15402 -125.185
7703 811.062 490.341 508.516 15404 -124.948
7704 812.823 489.828 507.725 15406 -125.474
7705 814.574 489.297 506.925 15408 -126.783
7706 816.316 488.747 506.115 15410 -126.982
7707 818.046 488.176 505.294 15412 -128.253
7708 819.761 487.582 504.463 15414 -130.396
7709 821.463 486.962 503.618 15416 -131.693
7710 823.148 486.313 502.759 15418 -135.691
7711 824.811 485.632 501.885 15420 -142.772
7712 826.449 484.913 500.994 15422 -145.129
7713 828.057 484.151 500.082 15424 -146.64
7714 829.627 483.34 499.149 15426 -145.408
7715 831.15 482.47 498.19 15428 -140.41
7716 832.61 481.528 497.201 15430 -139.412
7717 833.986 480.499 496.178 15432 -136.339
7718 835.239 479.359 495.116 15434 -130.772
7719 836.318 478.088 494.015 15436 -129.53
7720 837.183 476.686 492.886 15438 -133.656
7721 837.796 475.165 491.746 15440 -133.53
7722 838.134 473.552 490.618 15442 -120.668
7723 838.195 471.881 489.526 15444 -115.034
7724 837.999 470.187 488.487 15446 -111.671
7725 837.577 468.497 487.509 15448 -109.446
7726 836.966 466.828 486.594 15450 -107.744
7727 836.2 465.193 485.742 15452 -106.909
7728 835.307 463.593 484.946 15454 -106.147
7729 834.309 462.031 484.202 15456 -105.521
7730 833.225 460.504 483.503 15458 -105.111
7731 832.07 459.011 482.845 15460 -104.77
7732 830.855 457.551 482.223 15462 -104.729
7733 829.589 456.122 481.634 15464 -104.599
7734 828.279 454.719 481.075 15466 -104.319
7735 826.933 453.343 480.542 15468 -104.323
7736 825.553 451.99 480.033 15470 -104.169
7737 824.145 450.66 479.546 15472 -104.068
7738 822.712 449.351 479.079 15474 -104.113
7739 821.254 448.058 478.629 15476 -104.12
7740 819.776 446.784 478.197 15478 -103.944
7741 818.281 445.527 477.78 15480 -104.066
7742 816.768 444.284 477.376 15482 -103.758
7743 815.24 443.056 476.987 15484 -104.062
7744 813.698 441.841 476.609 15486 -103.923
7745 812.145 440.64 476.244 15488 -103.88
7746 810.581 439.451 475.889 15490 -103.947
7747 809.006 438.273 475.544 15492 -103.956
7748 807.421 437.107 475.209 15494 -104.033
7749 805.826 435.949 474.883 15496 -103.966
7750 804.222 434.801 474.565 15498 -103.896
7751 802.612 433.664 474.256 15500 -104.11
7752 800.994 432.534 473.954 15502 -103.941
7753 799.369 431.414 473.659 15504 -104.145
7754 797.735 430.299 473.37 15506 -104.022
7755 796.098 429.194 473.089 15508 -104.01
7756 794.455 428.096 472.814 15510 -104.084
7757 792.802 427.003 472.544 15512 -104.103
7758 791.146 425.917 472.28 15514 -104.151
7759 789.483 424.836 472.022 15516 -104.123
7760 787.819 423.764 471.769 15518 -104.112
7761 786.15 422.698 471.521 15520 -104.154
7762 784.478 421.637 471.278 15522 -104.105
7763 782.798 420.58 471.039 15524 -104.3
7764 781.116 419.53 470.805 15526 -104.268
7765 779.429 418.483 470.575 15528 -104.111
7766 777.741 417.444 470.349 15530 -104.252
7767 776.05 416.408 470.127 15532 -104.351
7768 774.354 415.377 469.909 15534 -104.149
7769 772.656 414.351 469.695 15536 -104.285
7770 770.956 413.329 469.484 15538 -104.45
7771 769.25 412.309 469.277 15540 -104.239
7772 767.542 411.294 469.073 15542 -104.078
7773 765.83 410.282 468.872 15544 -104.284
7774 764.117 409.275 468.674 15546 -104.269
7775 762.4 408.271 468.479 15548 -104.189
7776 760.684 407.272 468.288 15550 -104.121
7777 758.965 406.276 468.099 15552 -104.515
7778 757.243 405.283 467.913 15554 -104.206
7779 755.518 404.293 467.729 15556 -104.101
7780 753.791 403.306 467.548 15558 -104.49
7781 752.063 402.322 467.37 15560 -104.231
7782 750.333 401.342 467.194 15562 -104.258
7783 748.602 400.365 467.021 15564 -104.21
7784 746.865 399.388 466.85 15566 -104.186
7785 745.128 398.415 466.681 15568 -104.347
7786 743.391 397.446 466.514 15570 -104.03
7787 741.649 396.478 466.35 15572 -104.098
7788 739.908 395.513 466.187 15574 -104.177
7789 738.168 394.552 466.027 15576 -104.262
7790 736.424 393.593 465.869 15578 -104.082
7791 734.676 392.634 465.712 15580 -103.868
7792 732.93 391.679 465.558 15582 -104.284
7793 731.18 390.726 465.405 15584 -103.975
7794 729.433 389.777 465.255 15586 -104.189
7795 727.683 388.83 465.106 15588 -104.028
7796 725.931 387.883 464.958 15590 -103.846
7797 724.176 386.938 464.813 15592 -104.335
7798 722.418 385.995 464.668 15594 -103.906
7799 720.665 385.056 464.526 15596 -103.904
7800 718.91 384.119 464.386 15598 -104.258
7801 717.153 383.183 464.247 15600 -104.077
7802 715.395 382.25 464.109 15602 -103.722
7803 713.636 381.318 463.973 15604 -103.904
7804 711.876 380.387 463.838 15606 -104.411
7805 710.116 379.459 463.705 15608 -104.268
7806 708.354 378.533 463.573 15610 -103.843
7807 706.593 377.608 463.443 15612 -103.813
7808 704.825 376.682 463.313 15614 -104.185
7809 703.057 375.759 463.185 15616 -104.105
7810 701.289 374.837 463.058 15618 -104.402
7811 699.521 373.918 462.933 15620 -104.887
7812 697.755 373 462.809 15622 -104.98
7813 695.988 372.085 462.686 15624 -104.771
7814 694.217 371.17 462.564 15626 -104.082
7815 692.446 370.256 462.443 15628 -103.943
7816 690.676 369.345 462.324 15630 -103.869
7817 688.902 368.433 462.205 15632 -103.858
7818 687.129 367.523 462.088 15634 -104.057
7819 685.358 366.616 461.972 15636 -104.252
7820 683.582 365.708 461.856 15638 -104.507
7821 681.808 364.803 461.742 15640 -104.626
7822 680.029 363.897 461.629 15642 -105.182
7823 678.253 362.994 461.516 15644 -105.525
7824 676.473 362.09 461.405 15646 -106.174
7825 674.695 361.189 461.295 15648 -106.684
7826 672.914 360.287 461.185 15650 -107.468
7827 671.135 359.388 461.076 15652 -107.397
7828 669.353 358.489 460.969 15654 -107.616
7829 667.573 357.592 460.862 15656 -107.593
7830 665.79 356.696 460.756 15658 -108.354
7831 664.011 355.802 460.651 15660 -108.884
7832 662.228 354.907 460.547 15662 -109.673
7833 660.443 354.013 460.443 15664 -110.114
7834 658.661 353.122 460.341 15666 -110.837
7835 656.876 352.23 460.239 15668 -111.646
7836 655.095 351.341 460.138 15670 -112.255
7837 653.312 350.453 460.038 15672 -113.618
7838 651.526 349.564 459.938 15674 -113.878
7839 649.738 348.675 459.839 15676 -115.005
7840 647.954 347.789 459.741 15678 -115.447
7841 646.168 346.904 459.643 15680 -116.085
7842 644.379 346.018 459.547 15682 -115.755
7843 642.589 345.132 459.45 15684 -115.103
7844 640.804 344.25 459.355 15686 -114.724
7845 639.017 343.368 459.26 15688 -113.241
7846 637.228 342.485 459.166 15690 -112.299
7847 635.438 341.603 459.072 15692 -111.215
7848 633.647 340.722 458.979 15694 -110.28
7849 631.86 339.843 458.887 15696 -109.475
7850 630.073 338.965 458.796 15698 -108.478
7851 628.284 338.088 458.704 15700 -107.964
7852 626.495 337.21 458.614 15702 -107.244
7853 624.704 336.333 458.524 15704 -106.331
7854 622.913 335.456 458.434 15706 -105.895
7855 621.12 334.58 458.345 15708 -105.236
7856 619.328 333.704 458.257 15710 -104.922
7857 617.534 332.828 458.169 15712 -104.332
7858 615.74 331.953 458.081 15714 -104.023
7859 613.946 331.079 457.994 15716 -103.78
7860 612.152 330.205 457.907 15718 -103.236
7861 610.357 329.331 457.821 15720 -103.045
7862 608.563 328.458 457.736 15722 -102.789
7863 606.768 327.586 457.65 15724 -102.696
7864 604.974 326.715 457.566 15726 -102.558
7865 603.18 325.844 457.481 15728 -102.304
7866 601.386 324.974 457.397 15730 -102.252
7867 599.593 324.104 457.314 15732 -102.263
7868 597.8 323.236 457.231 15734 -102.38
7869 596.008 322.368 457.148 15736 -102.356
7870 594.21 321.498 457.066 15738 -102.346
7871 592.412 320.628 456.984 15740 -102.708
7872 590.616 319.76 456.902 15742 -102.861
7873 588.821 318.892 456.821 15744 -103.129
7874 587.027 318.026 456.74 15746 -103.41
7875 585.227 317.157 456.659 15748 -103.776
7876 583.429 316.289 456.579 15750 -104.386
7877 581.632 315.423 456.499 15752 -104.74
7878 579.837 314.557 456.419 15754 -105.541
7879 578.037 313.69 456.339 15756 -106.308
7880 576.238 312.823 456.26 15758 -107.183
7881 574.442 311.958 456.181 15760 -108.316
7882 572.647 311.094 456.102 15762 -109.097
7883 570.848 310.228 456.024 15764 -110.68
7884 569.051 309.363 455.946 15766 -111.965
7885 567.256 308.5 455.868 15768 -113.06
7886 565.457 307.634 455.79 15770 -113.874
7887 563.661 306.771 455.713 15772 -113.678
7888 561.861 305.905 455.635 15774 -112.809
7889 560.063 305.041 455.558 15776 -111.173
7890 558.262 304.175 455.481 15778 -109.741
7891 556.463 303.311 455.404 15780 -108.552
7892 554.668 302.449 455.327 15782 -107.099
7893 552.87 301.585 455.251 15784 -106.028
7894 551.074 300.722 455.175 15786 -105.124
7895 549.276 299.858 455.098 15788 -104.274
7896 547.475 298.993 455.022 15790 -103.578
7897 545.677 298.13 454.946 15792 -102.871
7898 543.877 297.265 454.87 15794 -102.505
7899 542.081 296.402 454.794 15796 -102.032
7900 540.282 295.538 454.718 15798 -101.729
7901 538.481 294.673 454.642 15800 -101.269
7902 536.685 293.81 454.567 15802 -101.179
7903 534.887 292.945 454.491 15804 -100.941
7904 533.086 292.08 454.415 15806 -100.997
7905 531.291 291.217 454.34 15808 -100.847
7906 529.494 290.353 454.264 15810 -101.104
7907 527.696 289.488 454.188 15812 -101.12
7908 525.897 288.623 454.113 15814 -101.443
7909 524.096 287.756 454.037 15816 -101.629
7910 522.302 286.893 453.961 15818 -102.229
7911 520.506 286.028 453.886 15820 -102.518
7912 518.71 285.163 453.81 15822 -103.27
7913 516.914 284.297 453.734 15824 -103.907
7914 515.118 283.431 453.658 15826 -104.903
7915 513.322 282.565 453.582 15828 -105.968
7916 511.526 281.699 453.505 15830 -107.122
7917 509.731 280.832 453.429 15832 -108.406
7918 507.936 279.965 453.352 15834 -110.133
7919 506.143 279.098 453.276 15836 -111.272
7920 504.344 278.228 453.199 15838 -112.076
7921 502.547 277.358 453.121 15840 -111.921
7922 500.751 276.488 453.044 15842 -110.281
7923 498.957 275.619 452.966 15844 -108.937
7924 497.159 274.747 452.888 15846 -107.331
7925 495.364 273.875 452.81 15848 -105.9
7926 493.571 273.004 452.732 15850 -104.787
7927 491.775 272.131 452.653 15852 -103.576
7928 489.982 271.258 452.574 15854 -103.004
7929 488.186 270.383 452.494 15856 -101.981
7930 486.394 269.509 452.414 15858 -101.587
7931 484.6 268.633 452.334 15860 -100.953
7932 482.81 267.758 452.253 15862 -100.667
7933 481.019 266.882 452.172 15864 -100.335
7934 479.227 266.004 452.091 15866 -100.068
7935 477.434 265.124 452.009 15868 -100.094
7936 475.641 264.243 451.926 15870 -99.9144
7937 473.848 263.361 451.843 15872 -99.9868
7938 472.056 262.479 451.759 15874 -100.287
7939 470.265 261.595 451.674 15876 -100.371
7940 468.475 260.71 451.589 15878 -100.915
7941 466.687 259.825 451.504 15880 -101.237
7942 464.901 258.939 451.418 15882 -101.799
7943 463.113 258.051 451.33 15884 -102.72
7944 461.327 257.162 451.243 15886 -103.472
7945 459.54 256.271 451.154 15888 -104.534
7946 457.757 255.38 451.064 15890 -105.769
7947 455.974 254.487 450.974 15892 -107.324
7948 454.19 253.591 450.883 15894 -109.025
7949 452.408 252.694 450.79 15896 -110.16
7950 450.626 251.796 450.697 15898 -110.778
7951 448.847 250.896 450.602 15900 -110.181
7952 447.07 249.995 450.507 15902 -108.851
7953 445.291 249.09 450.41 15904 -107.447
7954 443.512 248.183 450.312 15906 -105.735
7955 441.738 247.275 450.212 15908 -104.399
7956 439.965 246.365 450.111 15910 -103.33
7957 438.194 245.453 450.009 15912 -102.206
7958 436.421 244.536 449.905 15914 -101.406
7959 434.652 243.619 449.799 15916 -100.888
7960 432.884 242.697 449.692 15918 -100.342
7961 431.117 241.773 449.583 15920 -99.9237
7962 429.353 240.846 449.471 15922 -99.6421
7963 427.589 239.915 449.358 15924 -99.3295
7964 425.827 238.979 449.242 15926 -99.3214
7965 424.068 238.041 449.124 15928 -99.3449
7966 422.309 237.097 449.003 15930 -99.5215
7967 420.553 236.15 448.88 15932 -99.8048
7968 418.801 235.198 448.754 15934 -100.094
7969 417.051 234.242 448.624 15936 -100.694
7970 415.307 233.281 448.492 15938 -101.378
7971 413.563 232.312 448.355 15940 -102.131
7972 411.825 231.34 448.215 15942 -103.219
7973 410.089 230.359 448.07 15944 -104.167
7974 408.359 229.373 447.921 15946 -105.768
7975 406.633 228.377 447.767 15948 -107.271
7976 404.913 227.374 447.607 15950 -108.845
7977 403.199 226.362 447.441 15952 -110.067
7978 401.491 225.338 447.268 15954 -109.657
7979 399.791 224.303 447.088 15956 -108.664
7980 398.098 223.255 446.899 15958 -107.096
7981 396.416 222.192 446.7 15960 -105.625
7982 394.747 221.114 446.49 15962 -104.014
7983 393.091 220.016 446.267 15964 -103.064
7984 391.453 218.898 446.03 15966 -102.037
7985 389.836 217.752 445.773 15968 -101.366
7986 388.245 216.576 445.495 15970 -100.738
7987 386.672 215.379 445.199 15972 -100.43
7988 385.111 214.172 444.888 15974 -100.175
7989 383.561 212.952 444.562 15976 -100.081
7990 382.024 211.72 444.22 15978 -100.147
7991 380.503 210.475 443.862 15980 -100.277
7992 378.996 209.216 443.485 15982 -100.86
7993 377.507 207.943 443.09 15984 -101.315
7994 376.036 206.654 442.674 15986 -102.331
7995 374.587 205.349 442.237 15988 -103.422
7996 373.161 204.027 441.776 15990 -104.64
7997 371.76 202.686 441.291 15992 -106.428
7998 370.388 201.324 440.779 15994 -108.677
7999 369.049 199.941 440.237 15996 -110.3
8000 367.748 198.536 439.665 15998 -112.145
8001 366.49 197.106 439.057 16000 -111.572
8002 365.282 195.649 438.411 16002 -110.287
8003 364.133 194.165 437.723 16004 -108.535
8004 363.055 192.65 436.989 16006 -107.102
8005 362.063 191.104 436.202 16008 -106.234
8006 361.174 189.525 435.357 16010 -105.926
8007 360.414 187.915 434.449 16012 -105.961
8008 359.817 186.277 433.47 16014 -106.115
8009 359.426 184.623 432.419 16016 -106.48
8010 359.29 182.975 431.298 16018 -106.25
8011 359.464 181.37 430.122 16020 -104.965
8012 359.984 179.861 428.923 16022 -103.351
8013 360.853 178.504 427.744 16024 -101.787
8014 362.029 177.338 426.629 16026 -100.869
8015 363.449 176.374 425.606 16028 -100.405
8016 365.045 175.601 424.684 16030 -100.283
8017 366.763 174.995 423.863 16032 -100.401
8018 368.566 174.533 423.135 16034 -100.537
8019 370.428 174.192 422.491 16036 -100.572
8020 372.329 173.953 421.922 16038 -100.324
8021 374.258 173.801 421.42 16040 -100.277
8022 376.206 173.725 420.978 16042 -100.09
8023 378.167 173.714 420.59 16044 -99.7354
8024 380.137 173.761 420.251 16046 -99.5728
8025 382.113 173.858 419.957 16048 -99.435
8026 384.09 174.001 419.705 16050 -99.2187
8027 386.069 174.185 419.491 16052 -99.0395
8028 388.047 174.406 419.314 16054 -98.8627
8029 390.024 174.66 419.169 16056 -98.4523
8030 392 174.946 419.056 16058 -98.2074
8031 393.973 175.26 418.974 16060 -98.0359
8032 395.942 175.6 418.919 16062 -97.8293
8033 397.906 175.965 418.891 16064 -97.7627
8034 399.867 176.353 418.889 16066 -97.7874
8035 401.824 176.762 418.911 16068 -97.5427
8036 403.775 177.192 418.957 16070 -97.5253
8037 405.723 177.64 419.026 16072 -97.5861
8038 407.665 178.106 419.117 16074 -97.717
8039 409.602 178.59 419.228 16076 -97.9313
8040 411.534 179.089 419.36 16078 -98.0705
8041 413.46 179.604 419.512 16080 -98.3709
8042 415.38 180.133 419.683 16082 -98.6303
8043 417.295 180.677 419.873 16084 -99.0987
8044 419.204 181.233 420.081 16086 -99.6882
8045 421.106 181.802 420.307 16088 -100.377
8046 423.003 182.384 420.55 16090 -100.984
8047 424.892 182.977 420.809 16092 -101.717
8048 426.777 183.581 421.085 16094 -102.896
8049 428.656 184.197 421.378 16096 -104.335
8050 430.529 184.823 421.686 16098 -105.415
8051 432.396 185.459 422.01 16100 -106.822
8052 434.257 186.105 422.349 16102 -108.527
8053 436.112 186.761 422.702 16104 -109.204
8054 437.962 187.426 423.071 16106 -109.467
8055 439.804 188.099 423.454 16108 -108.097
8056 441.641 188.782 423.851 16110 -107.182
8057 443.471 189.472 424.262 16112 -105.507
8058 445.296 190.171 424.686 16114 -104.37
8059 447.114 190.878 425.125 16116 -103.346
8060 448.926 191.592 425.576 16118 -102.414
8061 450.73 192.314 426.04 16120 -101.743
8062 452.529 193.043 426.517 16122 -101.131
8063 454.32 193.782 427.006 16124 -100.769
8064 456.103 194.542 427.502 16126 -100.361
8065 457.874 195.317 428.004 16128 -100.176
8066 459.637 196.107 428.511 16130 -100.17
8067 461.394 196.911 429.024 16132 -100.151
8068 463.142 197.727 429.54 16134 -100.336
8069 464.886 198.555 430.062 16136 -100.696
8070 466.622 199.391 430.587 16138 -101.145
8071 468.353 200.238 431.115 16140 -101.629
8072 470.081 201.094 431.647 16142 -102.507
8073 471.802 201.956 432.182 16144 -103.471
8074 473.518 202.826 432.719 16146 -104.47
8075 475.229 203.702 433.259 16148 -106.03
8076 476.938 204.585 433.802 16150 -107.45
8077 478.642 205.473 434.346 16152 -109.497
8078 480.344 206.368 434.893 16154 -111.277
8079 482.041 207.267 435.442 16156 -112.093
8080 483.737 208.172 435.993 16158 -111.225
8081 485.43 209.081 436.547 16160 -109.153
8082 487.119 209.994 437.101 16162 -107.604
8083 488.806 210.911 437.657 16164 -106.195
8084 490.491 211.833 438.215 16166 -104.854
8085 492.172 212.757 438.775 16168 -103.795
8086 493.849 213.684 439.335 16170 -103.055
8087 495.525 214.614 439.896 16172 -102.512
8088 497.198 215.547 440.459 16174 -101.882
8089 498.868 216.483 441.023 16176 -101.66
8090 500.538 217.422 441.588 16178 -101.608
8091 502.208 218.365 442.156 16180 -101.428
8092 503.873 219.309 442.723 16182 -101.692
8093 505.536 220.255 443.292 16184 -101.834
8094 507.197 221.203 443.861 16186 -102.177
8095 508.86 222.155 444.432 16188 -102.889
8096 510.519 223.108 445.004 16190 -103.402
8097 512.178 224.063 445.577 16192 -104.417
8098 513.834 225.02 446.15 16194 -105.391
8099 515.488 225.978 446.725 16196 -106.699
8100 517.142 226.938 447.3 16198 -108.495
8101 518.795 227.9 447.876 16200 -110.169
8102 520.445 228.863 448.453 16202 -112.464
8103 522.094 229.827 449.03 16204 -113.098
8104 523.745 230.795 449.609 16206 -113.419
8105 525.392 231.762 450.188 16208 -111.531
8106 527.041 232.732 450.769 16210 -110.084
8107 528.686 233.702 451.349 16212 -108.187
8108 530.332 234.675 451.931 16214 -106.897
8109 531.979 235.648 452.514 16216 -105.722
8110 533.621 236.622 453.096 16218 -104.762
8111 535.262 237.596 453.679 16220 -104.142
8112 536.904 238.572 454.263 16222 -103.587
8113 538.544 239.548 454.847 16224 -103.173
8114 540.183 240.526 455.432 16226 -102.858
8115 541.822 241.503 456.017 16228 -102.721
8116 543.459 242.482 456.603 16230 -102.713
8117 545.098 243.463 457.191 16232 -102.871
8118 546.736 244.444 457.778 16234 -103.011
8119 548.371 245.425 458.366 16236 -103.449
8120 550.009 246.409 458.955 16238 -103.913
8121 551.645 247.391 459.544 16240 -104.542
8122 553.282 248.376 460.134 16242 -105.344
8123 554.916 249.361 460.724 16244 -106.154
8124 556.552 250.346 461.315 16246 -107.423
8125 558.185 251.331 461.906 16248 -108.705
8126 559.818 252.318 462.497 16250 -110.285
8127 561.453 253.305 463.09 16252 -112.336
8128 563.084 254.291 463.682 16254 -114.032
8129 564.716 255.279 464.275 16256 -115.629
8130 566.349 256.267 464.869 16258 -114.882
8131 567.982 257.256 465.463 16260 -113.487
8132 569.61 258.243 466.056 16262 -111.836
8133 571.239 259.23 466.65 16264 -109.758
8134 572.868 260.218 467.245 16266 -108.65
8135 574.497 261.207 467.84 16268 -107.416
8136 576.125 262.196 468.435 16270 -106.489
8137 577.753 263.184 469.031 16272 -105.89
8138 579.381 264.173 469.627 16274 -105.061
8139 581.008 265.162 470.223 16276 -104.613
8140 582.635 266.151 470.82 16278 -104.407
8141 584.265 267.142 471.418 16280 -104.22
8142 585.894 268.133 472.017 16282 -103.974
8143 587.523 269.124 472.616 16284 -103.981
8144 589.15 270.114 473.214 16286 -104.022
8145 590.776 271.104 473.813 16288 -104.119
8146 592.405 272.095 474.413 16290 -104.516
8147 594.033 273.086 475.013 16292 -104.848
8148 595.659 274.076 475.613 16294 -105.23
8149 597.284 275.065 476.212 16296 -105.729
8150 598.911 276.056 476.813 16298 -106.602
8151 600.537 277.045 477.414 16300 -107.323
8152 602.165 278.036 478.016 16302 -108.153
8153 603.792 279.026 478.618 16304 -109.462
8154 605.416 280.015 479.219 16306 -110.853
8155 607.043 281.005 479.822 16308 -112.078
8156 608.668 281.993 480.424 16310 -113.843
8157 610.295 282.983 481.027 16312 -115.843
8158 611.919 283.971 481.63 16314 -116.699
8159 613.546 284.96 482.234 16316 -117.007
8160 615.175 285.95 482.838 16318 -116.23
8161 616.801 286.938 483.442 16320 -114.649
8162 618.429 287.927 484.048 16322 -112.921
8163 620.054 288.914 484.652 16324 -111.55
8164 621.681 289.902 485.257 16326 -110.405
8165 623.31 290.89 485.863 16328 -109.44
8166 624.935 291.876 486.468 16330 -108.336
8167 626.562 292.863 487.075 16332 -107.678
8168 628.191 293.85 487.681 16334 -107.272
8169 629.816 294.835 488.287 16336 -106.615
8170 631.443 295.82 488.894 16338 -106.218
8171 633.071 296.805 489.501 16340 -105.775
8172 634.7 297.791 490.109 16342 -105.732
8173 636.33 298.776 490.718 16344 -105.553
8174 637.957 299.759 491.325 16346 -105.287
8175 639.584 300.742 491.933 16348 -105.204
8176 641.213 301.725 492.541 16350 -105.383
8177 642.842 302.707 493.151 16352 -105.424
8178 644.472 303.689 493.76 16354 -105.483
8179 646.103 304.672 494.37 16356 -105.643
8180 647.735 305.653 494.98 16358 -105.77
8181 649.367 306.635 495.591 16360 -106.273
8182 650.995 307.613 496.2 16362 -106.656
8183 652.623 308.59 496.81 16364 -106.756
8184 654.251 309.567 497.42 16366 -107.279
8185 655.88 310.543 498.03 16368 -108.109
8186 657.509 311.519 498.64 16370 -108.572
8187 659.138 312.493 499.251 16372 -109.063
8188 660.773 313.47 499.863 16374 -110.03
8189 662.407 314.446 500.476 16376 -110.688
8190 664.041 315.421 501.089 16378 -111.92
8191 665.675 316.395 501.702 16380 -112.794
8192 667.309 317.367 502.314 16382 -114.017
8193 668.943 318.339 502.927 16384 -114.762
8194 670.576 319.309 503.54 16386 -116.979
8195 672.209 320.278 504.153 16388 -117.874
8196 673.846 321.248 504.767 16390 -119.141
8197 675.483 322.217 505.382 16392 -117.992
8198 677.119 323.184 505.996 16394 -118.266
8199 678.754 324.15 506.61 16396 -117.654
8200 680.389 325.114 507.224 16398 -117.445
8201 682.027 326.079 507.839 16400 -115.869
8202 683.665 327.042 508.454 16402 -114.677
8203 685.302 328.004 509.069 16404 -113.024
8204 686.942 328.966 509.685 16406 -112.066
8205 688.582 329.926 510.301 16408 -110.895
8206 690.22 330.884 510.917 16410 -110.251
8207 691.862 331.843 511.533 16412 -109.55
8208 693.502 332.799 512.15 16414 -109.331
8209 695.146 333.756 512.767 16416 -108.907
8210 696.788 334.711 513.384 16418 -108.78
8211 698.429 335.663 514.001 16420 -108.489
8212 700.073 336.615 514.618 16422 -108.39
8213 701.715 337.565 515.235 16424 -108.071
8214 703.36 338.515 515.853 16426 -107.802
8215 705.003 339.462 516.471 16428 -107.378
8216 706.649 340.408 517.089 16430 -106.931
8217 708.297 341.355 517.709 16432 -106.753
8218 709.944 342.299 518.327 16434 -106.421
8219 711.593 343.242 518.947 16436 -106.261
8220 713.24 344.182 519.565 16438 -105.991
8221 714.889 345.121 520.184 16440 -106.065
8222 716.54 346.06 520.805 16442 -106.068
8223 718.194 346.997 521.425 16444 -106.303
8224 719.845 347.932 522.045 16446 -106.233
8225 721.497 348.865 522.666 16448 -106.388
8226 723.152 349.797 523.287 16450 -106.402
8227 724.808 350.728 523.909 16452 -106.382
8228 726.462 351.655 524.529 16454 -105.979
8229 728.117 352.581 525.15 16456 -106.028
8230 729.773 353.505 525.771 16458 -105.935
8231 731.431 354.428 526.393 16460 -106.235
8232 733.09 355.349 527.015 16462 -106.215
8233 734.75 356.268 527.637 16464 -106.256
8234 736.411 357.184 528.26 16466 -106.375
8235 738.073 358.099 528.883 16468 -106.377
8236 739.735 359.012 529.506 16470 -106.442
8237 741.399 359.922 530.129 16472 -106.454
8238 743.062 360.83 530.752 16474 -106.834
8239 744.731 361.738 531.376 16476 -106.789
8240 746.4 362.643 532.001 16478 -106.806
8241 748.07 363.545 532.625 16480 -106.79
8242 749.739 364.444 533.249 16482 -107.234
8243 751.412 365.343 533.875 16484 -106.887
8244 753.086 366.238 534.5 16486 -107.307
8245 754.758 367.129 535.125 16488 -107.022
8246 756.435 368.02 535.752 16490 -107.615
8247 758.111 368.906 536.377 16492 -107.33
8248 759.791 369.791 537.004 16494 -107.54
8249 761.469 370.672 537.63 16496 -107.76
8250 763.151 371.551 538.257 16498 -107.674
8251 764.832 372.426 538.883 16500 -107.9
8252 766.515 373.299 539.51 16502 -108.128
8253 768.201 374.168 540.138 16504 -107.75
8254 769.89 375.036 540.766 16506 -108.074
8255 771.576 375.898 541.393 16508 -108.349
8256 773.264 376.756 542.02 16510 -108.084
8257 774.955 377.612 542.648 16512 -108.368
8258 776.647 378.464 543.276 16514 -108.339
8259 778.34 379.312 543.904 16516 -108.294
8260 780.039 380.158 544.534 16518 -108.689
8261 781.739 381 545.164 16520 -108.227
8262 783.44 381.838 545.793 16522 -108.393
8263 785.141 382.67 546.422 16524 -108.696
8264 786.846 383.5 547.053 16526 -108.319
8265 788.552 384.324 547.683 16528 -108.725
8266 790.261 385.145 548.313 16530 -108.478
8267 791.973 385.961 548.945 16532 -108.362
8268 793.685 386.771 549.575 16534 -108.59
8269 795.4 387.577 550.206 16536 -108.541
8270 797.117 388.378 550.838 16538 -108.371
8271 798.836 389.173 551.469 16540 -108.28
8272 800.557 389.962 552.101 16542 -108.422
8273 802.284 390.747 552.733 16544 -108.065
8274 804.011 391.526 553.366 16546 -108.219
8275 805.743 392.299 553.999 16548 -108.165
8276 807.476 393.065 554.632 16550 -107.866
8277 809.211 393.825 555.265 16552 -107.79
8278 810.95 394.578 555.899 16554 -107.915
8279 812.692 395.324 556.532 16556 -107.489
8280 814.436 396.062 557.165 16558 -107.428
8281 816.185 396.793 557.8 16560 -107.396
8282 817.935 397.515 558.433 16562 -107.266
8283 819.689 398.229 559.068 16564 -106.988
8284 821.446 398.935 559.702 16566 -106.887
8285 823.207 399.631 560.336 16568 -106.864
8286 824.973 400.318 560.971 16570 -106.585
8287 826.743 400.996 561.606 16572 -106.321
8288 828.518 401.662 562.242 16574 -106.314
8289 830.296 402.318 562.877 16576 -106.099
8290 832.079 402.962 563.513 16578 -105.712
8291 833.867 403.594 564.148 16580 -105.728
8292 835.658 404.213 564.784 16582 -105.618
8293 837.455 404.818 565.419 16584 -105.503
8294 839.256 405.408 566.055 16586 -105.064
8295 841.061 405.982 566.689 16588 -104.973
8296 842.87 406.54 567.323 16590 -104.873
8297 844.686 407.08 567.957 16592 -104.72
8298 846.507 407.602 568.591 16594 -104.422
8299 848.334 408.103 569.224 16596 -104.164
8300 850.168 408.583 569.856 16598 -104.134
8301 852.006 409.039 570.488 16600 -103.961
8302 853.854 409.47 571.119 16602 -103.818
8303 855.706 409.874 571.749 16604 -103.576
8304 857.567 410.248 572.378 16606 -103.422
8305 859.433 410.589 573.004 16608 -103.185
8306 861.305 410.895 573.628 16610 -103.19
8307 863.185 411.161 574.25 16612 -103.04
8308 865.074 411.376 574.869 16614 -102.964
8309 866.971 411.516 575.48 16616 -102.646
8310 868.875 411.582 576.084 16618 -102.753
8311 870.782 411.576 576.68 16620 -102.819
8312 872.691 411.5 577.267 16622 -102.742
8313 874.599 411.357 577.846 16624 -102.846
8314 876.504 411.151 578.415 16626 -102.991
8315 878.402 410.884 578.975 16628 -103.206
8316 880.296 410.559 579.525 16630 -103.373
8317 882.181 410.179 580.067 16632 -103.849
8318 884.059 409.747 580.599 16634 -104.268
8319 885.928 409.265 581.122 16636 -104.833
8320 887.785 408.735 581.636 16638 -105.314
8321 889.63 408.162 582.14 16640 -106.241
8322 891.465 407.545 582.636 16642 -107.036
8323 893.29 406.888 583.123 16644 -108.083
8324 895.1 406.194 583.602 16646 -109.428
8325 896.899 405.463 584.072 16648 -110.827
8326 898.684 404.698 584.534 16650 -112.747
8327 900.46 403.9 584.989 16652 -114.129
8328 902.222 403.07 585.435 16654 -114.958
8329 903.972 402.211 585.875 16656 -114.624
8330 905.71 401.323 586.307 16658 -113.795
8331 907.436 400.408 586.732 16660 -112.287
8332 909.149 399.468 587.15 16662 -110.852
8333 910.849 398.504 587.562 16664 -108.884
8334 912.537 397.515 587.966 16666 -107.834
8335 914.215 396.504 588.365 16668 -106.473
8336 915.881 395.471 588.758 16670 -105.921
8337 917.535 394.418 589.144 16672 -104.973
8338 919.177 393.345 589.524 16674 -104.125
8339 920.809 392.252 589.899 16676 -103.889
8340 922.428 391.142 590.268 16678 -103.275
8341 924.036 390.014 590.632 16680 -102.675
8342 925.634 388.869 590.99 16682 -102.456
8343 927.221 387.707 591.344 16684 -102.268
8344 928.796 386.53 591.692 16686 -102.168
8345 930.363 385.337 592.035 16688 -102.057
8346 931.918 384.13 592.374 16690 -102.131
8347 933.464 382.907 592.707 16692 -102.173
8348 935 381.671 593.037 16694 -102.394
8349 936.526 380.42 593.362 16696 -102.606
8350 938.043 379.157 593.682 16698 -102.986
8351 939.549 377.881 593.998 16700 -103.394
8352 941.045 376.594 594.309 16702 -103.859
8353 942.532 375.293 594.617 16704 -104.71
8354 944.009 373.982 594.92 16706 -105.11
8355 945.477 372.659 595.22 16708 -106.359
8356 946.934 371.327 595.515 16710 -107.319
8357 948.382 369.983 595.806 16712 -108.453
8358 949.821 368.629 596.094 16714 -109.991
8359 951.253 367.262 596.378 16716 -111.614
8360 952.676 365.886 596.658 16718 -113.195
8361 954.088 364.501 596.935 16720 -114.98
8362 955.493 363.104 597.208 16722 -113.835
8363 956.888 361.7 597.477 16724 -113.523
8364 958.275 360.285 597.743 16726 -111.229
8365 959.654 358.86 598.006 16728 -110.133
8366 961.021 357.429 598.265 16730 -108.138
8367 962.38 355.989 598.52 16732 -107.145
8368 963.733 354.537 598.772 16734 -105.895
8369 965.076 353.078 599.021 16736 -104.888
8370 966.409 351.611 599.267 16738 -104.37
8371 967.736 350.134 599.509 16740 -103.526
8372 969.052 348.651 599.749 16742 -103.18
8373 970.36 347.158 599.984 16744 -102.664
8374 971.66 345.657 600.217 16746 -102.269
8375 972.951 344.147 600.447 16748 -102.149
8376 974.234 342.63 600.673 16750 -101.868
8377 975.507 341.105 600.897 16752 -101.833
8378 976.77 339.573 601.116 16754 -101.854
8379 978.026 338.032 601.333 16756 -101.82
8380 979.271 336.484 601.547 16758 -102.009
8381 980.508 334.928 601.758 16760 -102.273
8382 981.736 333.364 601.965 16762 -102.384
8383 982.955 331.793 602.169 16764 -102.907
8384 984.164 330.214 602.37 16766 -103.605
8385 985.362 328.628 602.568 16768 -103.889
8386 986.553 327.034 602.763 16770 -104.619
8387 987.731 325.434 602.954 16772 -105.547
8388 988.9 323.825 603.142 16774 -106.667
8389 990.059 322.21 603.327 16776 -107.496
8390 991.209 320.584 603.509 16778 -108.818
8391 992.348 318.952 603.687 16780 -110.555
8392 993.476 317.311 603.862 16782 -112.304
8393 994.594 315.662 604.034 16784 -113.511
8394 995.699 314.006 604.202 16786 -112.858
8395 996.793 312.343 604.366 16788 -112.669
8396 997.875 310.671 604.527 16790 -112.225
8397 998.944 308.991 604.684 16792 -110.771
8398 1000 307.301 604.838 16794 -108.815
8399 1001.05 305.604 604.988 16796 -107.342
8400 1002.08 303.9 605.134 16798 -106.282
8401 1003.09 302.184 605.276 16800 -105.396
8402 1004.1 300.46 605.413 16802 -104.576
8403 1005.08 298.728 605.547 16804 -104.036
8404 1006.05 296.986 605.676 16806 -103.562
8405 1007.01 295.236 605.8 16808 -103.077
8406 1007.95 293.473 605.92 16810 -102.564
8407 1008.86 291.703 606.035 16812 -102.07
8408 1009.76 289.92 606.144 16814 -101.794
8409 1010.64 288.128 606.248 16816 -101.654
8410 1011.5 286.325 606.347 16818 -101.647
8411 1012.33 284.512 606.439 16820 -101.595
8412 1013.14 282.685 606.525 16822 -101.597
8413 1013.92 280.848 606.604 16824 -101.71
8414 1014.67 278.998 606.675 16826 -102.029
8415 1015.39 277.134 606.739 16828 -102.34
8416 1016.07 275.256 606.794 16830 -102.746
8417 1016.71 273.363 606.84 16832 -103.117
8418 1017.31 271.457 606.875 16834 -103.734
8419 1017.87 269.536 606.899 16836 -104.317
8420 1018.36 267.6 606.91 16838 -105.059
8421 1018.8 265.649 606.907 16840 -105.86
8422 1019.16 263.682 606.887 16842 -106.977
8423 1019.43 261.704 606.848 16844 -107.908
8424 1019.6 259.713 606.787 16846 -109.116
8425 1019.65 257.716 606.7 16848 -110.131
8426 1019.56 255.723 606.582 16850 -111.17
8427 1019.27 253.751 606.427 16852 -112.222
8428 1018.77 251.828 606.228 16854 -112.966
8429 1018 250.001 605.98 16856 -113.187
8430 1016.94 248.338 605.678 16858 -113.154
8431 1015.59 246.915 605.329 16860 -113.515
8432 1013.98 245.788 604.945 16862 -113.071
8433 1012.21 244.971 604.54 16864 -111.868
8434 1010.33 244.437 604.13 16866 -111.882
8435 1008.39 244.144 603.721 16868 -111.712
8436 1006.44 244.047 603.319 16870 -110.536
8437 1004.48 244.11 602.925 16872 -109.627
8438 1002.53 244.303 602.538 16874 -108.946
8439 1000.59 244.602 602.161 16876 -107.672
8440 998.663 244.99 601.791 16878 -106.748
8441 996.752 245.454 601.428 16880 -105.827
8442 994.858 245.981 601.073 16882 -105.247
8443 992.979 246.564 600.724 16884 -103.978
8444 991.113 247.196 600.38 16886 -103.698
8445 989.261 247.87 600.042 16888 -103.318
8446 987.422 248.583 599.708 16890 -102.372
8447 985.598 249.329 599.38 16892 -101.94
8448 983.784 250.106 599.055 16894 -101.745
8449 981.983 250.91 598.735 16896 -101.237
8450 980.192 251.74 598.418 16898 -100.956
8451 978.414 252.591 598.105 16900 -100.902
8452 976.644 253.465 597.796 16902 -100.573
8453 974.883 254.358 597.489 16904 -100.547
8454 973.13 255.27 597.185 16906 -100.53
8455 971.388 256.198 596.884 16908 -100.456
8456 969.65 257.141 596.585 16910 -100.636
8457 967.92 258.095 596.286 16912 -100.953
8458 966.195 259.058 595.987 16914 -101.018
8459 964.476 260.029 595.688 16916 -101.117
8460 962.759 261.009 595.39 16918 -101.469
8461 961.048 261.995 595.091 16920 -101.894
8462 959.343 262.988 594.793 16922 -102.534
8463 957.641 263.985 594.496 16924 -103.008
8464 955.941 264.989 594.198 16926 -103.515
8465 954.245 265.998 593.901 16928 -104.709
8466 952.552 267.012 593.603 16930 -105.543
8467 950.863 268.029 593.306 16932 -106.138
8468 949.174 269.051 593.009 16934 -108.014
8469 947.489 270.077 592.712 16936 -109.324
8470 945.802 271.109 592.414 16938 -110.072
8471 944.122 272.141 592.118 16940 -112.286
8472 942.443 273.177 591.821 16942 -113.064
8473 940.762 274.219 591.524 16944 -112.535
8474 939.086 275.262 591.227 16946 -111.482
8475 937.41 276.308 590.93 16948 -110.581
8476 935.735 277.358 590.633 16950 -108.836
8477 934.062 278.41 590.336 16952 -107.455
8478 932.392 279.463 590.04 16954 -106.471
8479 930.726 280.517 589.744 16956 -105.25
8480 929.059 281.574 589.448 16958 -104.548
8481 927.392 282.635 589.152 16960 -103.721
8482 925.726 283.698 588.855 16962 -103.115
8483 924.06 284.763 588.559 16964 -102.568
8484 922.396 285.83 588.262 16966 -102.254
8485 920.734 286.898 587.966 16968 -101.828
8486 919.075 287.966 587.671 16970 -101.55
8487 917.414 289.038 587.374 16972 -101.404
8488 915.757 290.11 587.079 16974 -101.144
8489 914.097 291.185 586.782 16976 -101.334
8490 912.444 292.259 586.487 16978 -101.059
8491 910.789 293.335 586.192 16980 -101.504
8492 909.134 294.414 585.896 16982 -101.448
8493 907.479 295.494 585.6 16984 -101.751
8494 905.824 296.576 585.304 16986 -102.069
8495 904.17 297.659 585.008 16988 -102.391
8496 902.518 298.743 584.713 16990 -102.95
8497 900.867 299.828 584.417 16992 -103.553
8498 899.217 300.913 584.122 16994 -104.117
8499 897.571 301.998 583.827 16996 -105.065
8500 895.926 303.083 583.532 16998 -105.977
8501 894.278 304.172 583.237 17000 -107.178
8502 892.633 305.26 582.942 17002 -108.412
8503 890.985 306.352 582.647 17004 -109.904
8504 889.34 307.443 582.352 17006 -111.924
8505 887.692 308.537 582.056 17008 -113.04
8506 886.049 309.629 581.762 17010 -114.662
8507 884.403 310.724 581.466 17012 -113.707
8508 882.762 311.817 581.172 17014 -112.736
8509 881.119 312.913 580.877 17016 -111.027
8510 879.474 314.011 580.581 17018 -109.706
8511 877.835 315.107 580.287 17020 -108.16
8512 876.194 316.204 579.992 17022 -106.868
8513 874.552 317.303 579.697 17024 -105.902
8514 872.909 318.405 579.402 17026 -105.272
8515 871.273 319.502 579.108 17028 -104.337
8516 869.636 320.601 578.814 17030 -103.836
8517 867.998 321.702 578.519 17032 -103.188
8518 866.36 322.803 578.225 17034 -102.976
8519 864.722 323.906 577.93 17036 -102.658
8520 863.084 325.01 577.636 17038 -102.444
8521 861.445 326.114 577.341 17040 -102.253
8522 859.807 327.219 577.046 17042 -102.113
8523 858.17 328.325 576.751 17044 -102.161
8524 856.533 329.431 576.457 17046 -102.245
8525 854.897 330.537 576.162 17048 -102.55
8526 853.262 331.643 575.868 17050 -102.71
8527 851.627 332.75 575.574 17052 -102.983
8528 849.994 333.856 575.28 17054 -103.257
8529 848.363 334.962 574.986 17056 -103.961
8530 846.732 336.068 574.692 17058 -104.581
8531 845.104 337.174 574.399 17060 -105.365
8532 843.469 338.284 574.104 17062 -106.017
8533 841.835 339.394 573.81 17064 -107.081
8534 840.204 340.504 573.516 17066 -108.171
8535 838.574 341.612 573.223 17068 -109.708
8536 836.947 342.72 572.929 17070 -111.334
8537 835.314 343.832 572.635 17072 -113.136
8538 833.684 344.943 572.341 17074 -114.648
8539 832.056 346.053 572.048 17076 -115.349
8540 830.422 347.168 571.753 17078 -115.524
8541 828.79 348.281 571.459 17080 -114.306
8542 827.162 349.393 571.165 17082 -112.588
8543 825.537 350.503 570.872 17084 -110.668
8544 823.906 351.618 570.578 17086 -109.156
8545 822.279 352.731 570.285 17088 -107.94
8546 820.654 353.842 569.992 17090 -107.049
8547 819.025 354.957 569.698 17092 -106.411
8548 817.399 356.07 569.404 17094 -105.699
8549 815.768 357.187 569.11 17096 -105.207
8550 814.14 358.303 568.816 17098 -104.697
8551 812.517 359.416 568.523 17100 -104.249
8552 810.888 360.532 568.23 17102 -103.768
8553 809.263 361.647 567.936 17104 -103.616
8554 807.634 362.765 567.642 17106 -103.65
8555 806.008 363.881 567.349 17108 -103.632
8556 804.378 365 567.055 17110 -103.637
8557 802.753 366.117 566.761 17112 -103.753
8558 801.122 367.238 566.467 17114 -104.078
8559 799.497 368.355 566.174 17116 -104.175
8560 797.875 369.47 565.881 17118 -104.489
8561 796.25 370.589 565.587 17120 -104.785
8562 794.629 371.704 565.295 17122 -105.385
8563 793.004 372.823 565.001 17124 -105.908
8564 791.383 373.938 564.709 17126 -106.734
8565 789.759 375.057 564.416 17128 -107.787
8566 788.13 376.179 564.121 17130 -108.564
8567 786.507 377.298 563.828 17132 -110.03
8568 784.879 378.42 563.534 17134 -111.061
8569 783.257 379.539 563.241 17136 -113.141
8570 781.631 380.66 562.948 17138 -114.342
8571 780.01 381.778 562.655 17140 -116.59
8572 778.385 382.899 562.362 17142 -117.387
8573 776.766 384.017 562.069 17144 -117.849
8574 775.143 385.137 561.776 17146 -116.457
8575 773.516 386.261 561.482 17148 -114.911
8576 771.896 387.38 561.189 17150 -113.228
8577 770.271 388.502 560.896 17152 -112.075
8578 768.652 389.621 560.604 17154 -110.71
8579 767.03 390.742 560.311 17156 -109.739
8580 765.405 391.866 560.017 17158 -108.859
8581 763.785 392.986 559.724 17160 -108.109
8582 762.162 394.108 559.431 17162 -107.481
8583 760.536 395.233 559.137 17164 -106.838
8584 758.916 396.354 558.845 17166 -106.444
8585 757.292 397.477 558.551 17168 -106.23
8586 755.666 398.603 558.258 17170 -106.038
8587 754.045 399.725 557.965 17172 -105.822
8588 752.422 400.849 557.672 17174 -105.628
8589 750.805 401.968 557.38 17176 -105.669
8590 749.185 403.09 557.087 17178 -105.811
8591 747.562 404.214 556.794 17180 -105.876
8592 745.936 405.341 556.5 17182 -105.965
8593 744.317 406.463 556.207 17184 -106.194
8594 742.695 407.587 555.914 17186 -106.509
8595 741.069 408.713 555.621 17188 -106.857
8596 739.451 409.835 555.328 17190 -107.34
8597 737.83 410.959 555.035 17192 -107.921
8598 736.206 412.085 554.742 17194 -108.587
8599 734.589 413.206 554.45 17196 -109.411
8600 732.97 414.33 554.157 17198 -110.225
8601 731.347 415.455 553.864 17200 -111.208
8602 729.722 416.582 553.57 17202 -112.505
8603 728.105 417.704 553.278 17204 -113.669
8604 726.484 418.829 552.985 17206 -114.843
8605 724.861 419.955 552.692 17208 -116.491
8606 723.246 421.076 552.4 17210 -118.658
8607 721.628 422.199 552.108 17212 -120.556
8608 720.007 423.324 551.815 17214 -121.566
8609 718.384 424.451 551.522 17216 -121.737
8610 716.769 425.572 551.23 17218 -120.297
8611 715.151 426.695 550.938 17220 -117.851
8612 713.531 427.82 550.645 17222 -116.319
8613 711.909 428.947 550.352 17224 -114.605
8614 710.284 430.075 550.059 17226 -113.436
8615 708.667 431.198 549.766 17228 -113.667
8616 707.048 432.323 549.474 17230 -113.236
8617 705.426 433.449 549.181 17232 -111.754
8618 703.803 434.577 548.888 17234 -110.344
8619 702.187 435.7 548.596 17236 -109.524
8620 700.569 436.824 548.304 17238 -110.501
8621 698.949 437.949 548.011 17240 -110.525
8622 697.327 439.076 547.718 17242 -108.597
8623 695.703 440.205 547.425 17244 -108.591
8624 694.087 441.328 547.133 17246 -109.945
8625 692.469 442.452 546.84 17248 -109.12
8626 690.85 443.578 546.548 17250 -107.613
8627 689.228 444.705 546.255 17252 -110.247
8628 687.604 445.833 545.962 17254 -108.415
8629 685.989 446.956 545.67 17256 -108.515
8630 684.371 448.08 545.378 17258 -109.869
8631 682.752 449.206 545.085 17260 -108.337
8632 681.131 450.332 544.793 17262 -110.706
8633 679.508 451.46 544.5 17264 -108.582
8634 677.894 452.582 544.208 17266 -111.349
8635 676.278 453.705 543.916 17268 -109.401
8636 674.661 454.83 543.624 17270 -112.188
8637 673.041 455.956 543.332 17272 -110.357
8638 671.42 457.082 543.039 17274 -112.563
8639 669.798 458.21 542.746 17276 -111.518
8640 668.173 459.339 542.453 17278 -113.044
8641 666.558 460.462 542.161 17280 -113.415
8642 664.94 461.587 541.869 17282 -114.064
8643 663.322 462.712 541.577 17284 -115.758
8644 661.702 463.838 541.284 17286 -115.395
8645 660.08 464.965 540.992 17288 -117.438
8646 658.457 466.094 540.699 17290 -117.723
8647 656.842 467.216 540.407 17292 -118.487
8648 655.227 468.339 540.116 17294 -121.184
8649 653.609 469.463 539.824 17296 -120.289
8650 651.991 470.588 539.532 17298 -123.79
8651 650.371 471.713 539.239 17300 -124.025
8652 648.75 472.84 538.947 17302 -125.192
8653 647.127 473.968 538.654 17304 -127.836
8654 645.503 475.096 538.361 17306 -125.453
8655 643.888 476.219 538.069 17308 -125.93
8656 642.272 477.341 537.778 17310 -124.998
8657 640.655 478.465 537.486 17312 -123.193
8658 639.037 479.59 537.194 17314 -122.36
8659 637.417 480.715 536.902 17316 -121.871
8660 635.796 481.841 536.609 17318 -121.085
8661 634.174 482.968 536.317 17320 -119.683
8662 632.551 484.096 536.024 17322 -119.309
8663 630.927 485.224 535.731 17324 -119.213
8664 629.312 486.346 535.44 17326 -118.181
8665 627.696 487.468 535.148 17328 -118.033
8666 626.079 488.591 534.857 17330 -117.448
8667 624.461 489.715 534.565 17332 -117.595
8668 622.842 490.839 534.273 17334 -116.721
8669 621.222 491.964 533.981 17336 -116.767
8670 619.601 493.09 533.688 17338 -116.194
8671 617.979 494.216 533.396 17340 -116.635
8672 616.356 495.342 533.103 17342 -116.315
8673 614.732 496.47 532.81 17344 -116.074
8674 613.108 497.597 532.517 17346 -116.188
8675 611.493 498.718 532.226 17348 -115.651
8676 609.877 499.84 531.935 17350 -115.803
8677 608.26 500.962 531.644 17352 -116.149
8678 606.643 502.084 531.352 17354 -115.802
8679 605.024 503.207 531.06 17356 -115.691
8680 603.405 504.33 530.769 17358 -116.06
8681 601.785 505.454 530.477 17360 -116.139
8682 600.165 506.578 530.185 17362 -115.942
8683 598.543 507.702 529.892 17364 -115.859
8684 596.921 508.827 529.6 17366 -115.979
8685 595.298 509.952 529.308 17368 -116.185
8686 593.675 511.078 529.015 17370 -116.35
8687 592.051 512.204 528.723 17372 -116.469
8688 590.426 513.33 528.43 17374 -116.571
8689 588.801 514.457 528.137 17376 -116.646
8690 587.175 515.583 527.845 17378 -116.723
8691 585.559 516.703 527.554 17380 -116.773
8692 583.943 517.823 527.262 17382 -116.921
8693 582.326 518.943 526.971 17384 -117.069
8694 580.709 520.063 526.68 17386 -117.273
8695 579.091 521.184 526.389 17388 -117.44
8696 577.472 522.305 526.097 17390 -117.502
8697 575.853 523.426 525.806 17392 -117.546
8698 574.234 524.547 525.514 17394 -117.591
8699 572.614 525.668 525.223 17396 -117.623
8700 570.994 526.789 524.931 17398 -117.742
8701 569.374 527.911 524.64 17400 -117.84
8702 567.753 529.032 524.348 17402 -118.074
8703 566.131 530.154 524.056 17404 -118.371
8704 564.51 531.275 523.764 17406 -118.608
8705 562.888 532.397 523.472 17408 -118.564
8706 561.266 533.519 523.181 17410 -118.598
8707 559.643 534.641 522.889 17412 -118.776
8708 558.02 535.762 522.597 17414 -118.968
8709 556.397 536.884 522.305 17416 -118.87
8710 554.774 538.006 522.013 17418 -119
8711 553.15 539.128 521.721 17420 -119.066
8712 551.527 540.249 521.429 17422 -119.165
8713 549.903 541.371 521.137 17424 -119.228
8714 548.279 542.493 520.845 17426 -119.246
8715 546.655 543.614 520.553 17428 -119.324
8716 545.03 544.735 520.261 17430 -119.445
8717 543.406 545.856 519.969 17432 -119.574
8718 541.782 546.977 519.677 17434 -119.635
8719 540.157 548.098 519.385 17436 -119.669
8720 538.533 549.219 519.093 17438 -119.708
8721 536.908 550.339 518.801 17440 -119.678
8722 535.283 551.46 518.509 17442 -119.771
8723 533.659 552.58 518.218 17444 -119.882
8724 532.034 553.7 517.926 17446 -119.878
8725 530.409 554.819 517.634 17448 -119.746
8726 528.785 555.939 517.342 17450 -119.674
8727 527.161 557.058 517.05 17452 -119.649
8728 525.536 558.176 516.759 17454 -119.772
8729 523.912 559.295 516.467 17456 -119.812
8730 522.288 560.413 516.175 17458 -119.853
8731 520.664 561.53 515.884 17460 -119.903
8732 519.04 562.648 515.592 17462 -119.909
8733 517.417 563.765 515.301 17464 -119.961
8734 515.793 564.882 515.01 17466 -119.959
8735 514.17 565.998 514.718 17468 -119.88
8736 512.547 567.114 514.427 17470 -119.884
8737 510.924 568.229 514.136 17472 -119.989
8738 509.302 569.344 513.845 17474 -120.031
8739 507.68 570.458 513.554 17476 -119.952
8740 506.058 571.572 513.263 17478 -119.879
8741 504.437 572.686 512.972 17480 -119.908
8742 502.816 573.799 512.682 17482 -120.074
8743 501.195 574.911 512.391 17484 -120.138
8744 499.564 576.03 512.099 17486 -120.248
8745 497.933 577.149 511.806 17488 -120.428
8746 496.303 578.267 511.514 17490 -120.634
8747 494.673 579.385 511.222 17492 -120.75
8748 493.044 580.502 510.93 17494 -120.769
8749 491.415 581.618 510.638 17496 -120.962
8750 489.786 582.734 510.346 17498 -121.209
8751 488.158 583.849 510.055 17500 -121.299
8752 486.531 584.963 509.763 17502 -121.398
8753 484.904 586.077 509.472 17504 -121.8
8754 483.278 587.189 509.181 17506 -122.328
8755 481.653 588.302 508.89 17508 -122.641
8756 480.028 589.413 508.599 17510 -123.139
8757 478.403 590.524 508.308 17512 -124.049
8758 476.779 591.634 508.017 17514 -124.699
8759 475.156 592.743 507.727 17516 -124.971
8760 473.523 593.859 507.434 17518 -125.763
8761 471.891 594.974 507.142 17520 -126.588
8762 470.259 596.088 506.85 17522 -127.295
8763 468.629 597.201 506.559 17524 -128.124
8764 466.998 598.313 506.267 17526 -129.175
8765 465.369 599.424 505.976 17528 -129.894
8766 463.741 600.535 505.685 17530 -130.217
8767 462.113 601.645 505.393 17532 -129.433
8768 460.486 602.753 505.103 17534 -127.995
8769 458.86 603.861 504.812 17536 -126.512
8770 457.235 604.968 504.522 17538 -124.947
8771 455.6 606.081 504.229 17540 -123.648
8772 453.966 607.193 503.937 17542 -122.613
8773 452.334 608.304 503.646 17544 -121.385
8774 450.702 609.414 503.354 17546 -120.349
8775 449.071 610.523 503.063 17548 -119.496
8776 447.441 611.63 502.772 17550 -118.466
8777 445.812 612.737 502.481 17552 -117.791
8778 444.184 613.843 502.19 17554 -117.201
8779 442.557 614.947 501.9 17556 -116.432
8780 440.921 616.058 501.608 17558 -116.017
8781 439.285 617.167 501.316 17560 -115.562
8782 437.651 618.275 501.025 17562 -115.019
8783 436.019 619.382 500.733 17564 -114.695
8784 434.387 620.488 500.442 17566 -114.135
8785 432.756 621.592 500.151 17568 -113.953
8786 431.127 622.696 499.861 17570 -113.854
8787 429.499 623.798 499.571 17572 -113.634
8788 427.862 624.905 499.279 17574 -113.723
8789 426.226 626.012 498.987 17576 -113.598
8790 424.591 627.117 498.696 17578 -113.549
8791 422.957 628.221 498.405 17580 -113.626
8792 421.325 629.323 498.114 17582 -113.698
8793 419.695 630.424 497.824 17584 -114.184
8794 418.055 631.531 497.531 17586 -114.596
8795 416.417 632.636 497.24 17588 -115.092
8796 414.78 633.74 496.948 17590 -115.413
8797 413.145 634.842 496.657 17592 -115.877
8798 411.511 635.943 496.366 17594 -116.755
8799 409.878 637.043 496.076 17596 -117.942
8800 408.237 638.148 495.784 17598 -119.359
8801 406.597 639.251 495.492 17600 -120.659
8802 404.959 640.352 495.201 17602 -121.497
8803 403.323 641.453 494.91 17604 -123.349
8804 401.688 642.551 494.619 17606 -123.734
8805 400.055 643.648 494.329 17608 -122.628
8806 398.413 644.75 494.037 17610 -120.506
8807 396.773 645.85 493.746 17612 -119.013
8808 395.135 646.949 493.455 17614 -117.448
8809 393.498 648.046 493.164 17616 -115.733
8810 391.863 649.142 492.874 17618 -114.269
8811 390.22 650.242 492.582 17620 -113.127
8812 388.578 651.341 492.29 17622 -112.29
8813 386.939 652.437 491.999 17624 -111.756
8814 385.301 653.532 491.709 17626 -111.047
8815 383.665 654.626 491.419 17628 -110.534
8816 382.021 655.724 491.127 17630 -109.962
8817 380.379 656.82 490.836 17632 -109.65
8818 378.739 657.914 490.545 17634 -109.384
8819 377.101 659.006 490.254 17636 -109.289
8820 375.455 660.104 489.963 17638 -109.28
8821 373.81 661.199 489.671 17640 -109.458
8822 372.168 662.292 489.38 17642 -109.604
8823 370.529 663.383 489.09 17644 -109.905
8824 368.891 664.472 488.8 17646 -110.462
8825 367.245 665.565 488.509 17648 -111.204
8826 365.602 666.657 488.218 17650 -111.969
8827 363.961 667.746 487.927 17652 -112.573
8828 362.322 668.833 487.637 17654 -114.273
8829 360.675 669.925 487.346 17656 -116.257
8830 359.031 671.014 487.055 17658 -117.826
8831 357.389 672.102 486.765 17660 -118.911
8832 355.74 673.193 486.473 17662 -119.552
8833 354.092 674.282 486.182 17664 -118.497
8834 352.448 675.369 485.892 17666 -116.612
8835 350.806 676.454 485.601 17668 -114.635
8836 349.156 677.542 485.31 17670 -112.909
8837 347.509 678.628 485.019 17672 -111.22
8838 345.865 679.712 484.729 17674 -110.095
8839 344.213 680.8 484.438 17676 -109.289
8840 342.564 681.885 484.147 17678 -108.046
8841 340.918 682.968 483.856 17680 -107.619
8842 339.265 684.055 483.565 17682 -107.432
8843 337.614 685.139 483.274 17684 -106.512
8844 335.967 686.22 482.983 17686 -106.408
8845 334.322 687.299 482.694 17688 -106.671
8846 332.67 688.382 482.403 17690 -106.443
8847 331.021 689.462 482.112 17692 -106.467
8848 329.375 690.539 481.822 17694 -107.222
8849 327.722 691.619 481.531 17696 -107.413
8850 326.073 692.697 481.241 17698 -108.081
8851 324.416 693.778 480.95 17700 -109.331
8852 322.763 694.857 480.659 17702 -110.14
8853 321.113 695.932 480.369 17704 -111.47
8854 319.457 697.011 480.078 17706 -114.042
8855 317.803 698.087 479.787 17708 -114.916
8856 316.153 699.16 479.498 17710 -116.66
8857 314.497 700.236 479.207 17712 -117.592
8858 312.844 701.309 478.917 17714 -114.278
8859 311.185 702.384 478.625 17716 -112.842
8860 309.529 703.457 478.335 17718 -110.845
8861 307.877 704.527 478.045 17720 -109.022
8862 306.219 705.599 477.754 17722 -108.07
8863 304.564 706.668 477.464 17724 -106.643
8864 302.904 707.74 477.174 17726 -106.016
8865 301.247 708.809 476.883 17728 -105.483
8866 299.585 709.88 476.592 17730 -104.547
8867 297.926 710.947 476.302 17732 -104.866
8868 296.262 712.018 476.011 17734 -104.171
8869 294.602 713.084 475.72 17736 -104.498
8870 292.945 714.147 475.431 17738 -104.478
8871 291.284 715.213 475.14 17740 -104.789
8872 289.626 716.274 474.851 17742 -105.578
8873 287.963 717.338 474.56 17744 -105.852
8874 286.304 718.399 474.271 17746 -106.886
8875 284.64 719.461 473.98 17748 -108.337
8876 282.98 720.519 473.691 17750 -109.957
8877 281.316 721.579 473.4 17752 -111.172
8878 279.646 722.642 473.109 17754 -113.513
8879 277.981 723.7 472.819 17756 -114.762
8880 276.312 724.76 472.529 17758 -114.69
8881 274.647 725.815 472.239 17760 -112.351
8882 272.977 726.873 471.948 17762 -110.148
8883 271.312 727.926 471.658 17764 -108.248
8884 269.643 728.98 471.368 17766 -107.018
8885 267.97 730.036 471.077 17768 -105.683
8886 266.301 731.087 470.787 17770 -105.045
8887 264.629 732.14 470.497 17772 -103.882
8888 262.961 733.188 470.208 17774 -103.658
8889 261.29 734.237 469.918 17776 -102.87
8890 259.614 735.287 469.627 17778 -103.042
8891 257.944 736.332 469.338 17780 -102.571
8892 256.271 737.378 469.048 17782 -103.057
8893 254.594 738.425 468.757 17784 -103.047
8894 252.922 739.467 468.468 17786 -103.765
8895 251.248 740.509 468.178 17788 -104.382
8896 249.57 741.552 467.888 17790 -105.295
8897 247.889 742.594 467.598 17792 -106.863
8898 246.214 743.632 467.308 17794 -107.823
8899 244.536 744.67 467.019 17796 -110.322
8900 242.855 745.708 466.729 17798 -111.047
8901 241.172 746.745 466.438 17800 -113.232
8902 239.495 747.777 466.149 17802 -111.884
8903 237.815 748.809 465.86 17804 -111.182
8904 236.134 749.84 465.571 17806 -109.072
8905 234.45 750.871 465.281 17808 -107.111
8906 232.764 751.901 464.991 17810 -105.813
8907 231.077 752.931 464.701 17812 -104.054
8908 229.388 753.959 464.411 17814 -103.536
8909 227.697 754.986 464.121 17816 -102.657
8910 226.005 756.013 463.831 17818 -101.921
8911 224.32 757.032 463.542 17820 -102.016
8912 222.634 758.051 463.254 17822 -101.491
8913 220.947 759.068 462.965 17824 -101.529
8914 219.26 760.083 462.676 17826 -101.917
8915 217.563 761.102 462.386 17828 -101.929
8916 215.866 762.118 462.096 17830 -102.392
8917 214.169 763.132 461.807 17832 -103.515
8918 212.471 764.144 461.517 17834 -104.027
8919 210.774 765.154 461.228 17836 -105.4
8920 209.077 766.161 460.939 17838 -107.308
8921 207.38 767.165 460.65 17840 -108.267
8922 205.676 768.171 460.361 17842 -110.425
8923 203.973 769.174 460.072 17844 -112.254
8924 202.27 770.174 459.783 17846 -110.257
8925 200.569 771.17 459.494 17848 -110.296
8926 198.862 772.168 459.205 17850 -107.436
8927 197.156 773.161 458.916 17852 -105.565
8928 195.452 774.151 458.628 17854 -104.483
8929 193.742 775.141 458.339 17856 -103.215
8930 192.035 776.126 458.051 17858 -102.147
8931 190.322 777.112 457.763 17860 -101.634
8932 188.612 778.092 457.475 17862 -101.281
8933 186.898 779.072 457.186 17864 -100.649
8934 185.18 780.051 456.898 17866 -100.424
8935 183.465 781.024 456.61 17868 -100.836
8936 181.747 781.996 456.322 17870 -101.015
8937 180.025 782.966 456.033 17872 -100.938
8938 178.301 783.934 455.745 17874 -101.341
8939 176.574 784.9 455.457 17876 -102.498
8940 174.845 785.862 455.168 17878 -103.394
8941 173.115 786.822 454.88 17880 -104.134
8942 171.383 787.778 454.592 17882 -105.62
8943 169.65 788.73 454.304 17884 -108.093
8944 167.917 789.678 454.016 17886 -109.636
8945 166.184 790.621 453.729 17888 -109.66
8946 164.444 791.563 453.441 17890 -110.37
8947 162.705 792.5 453.154 17892 -109.153
8948 160.961 793.435 452.866 17894 -106.58
8949 159.218 794.364 452.58 17896 -104.65
8950 157.471 795.289 452.293 17898 -103.792
8951 155.721 796.211 452.005 17900 -102.909
8952 153.967 797.129 451.718 17902 -101.619
8953 152.211 798.041 451.432 17904 -100.708
8954 150.454 798.949 451.145 17906 -100.249
8955 148.695 799.85 450.859 17908 -100.194
8956 146.936 800.745 450.573 17910 -100.126
8957 145.172 801.636 450.287 17912 -99.7822
8958 143.402 802.522 450.002 17914 -99.6836
8959 141.635 803.399 449.717 17916 -100.096
8960 139.859 804.272 449.431 17918 -100.863
8961 138.081 805.138 449.146 17920 -101.598
8962 136.302 805.996 448.862 17922 -102.14
8963 134.518 806.847 448.577 17924 -102.813
8964 132.729 807.69 448.293 17926 -104.03
8965 130.938 808.525 448.009 17928 -106.251
8966 129.139 809.352 447.726 17930 -108.55
8967 127.341 810.168 447.443 17932 -109.612
8968 125.533 810.975 447.16 17934 -108.971
8969 123.724 811.771 446.878 17936 -108.185
8970 121.91 812.556 446.596 17938 -107.151
8971 120.087 813.329 446.314 17940 -105.635
8972 118.259 814.09 446.033 17942 -103.926
8973 116.428 814.835 445.753 17944 -102.49
8974 114.591 815.564 445.474 17946 -101.519
8975 112.743 816.276 445.195 17948 -100.939
8976 110.89 816.966 444.916 17950 -100.567
8977 109.028 817.633 444.636 17952 -100.26
8978 107.157 818.277 444.356 17954 -99.8807
8979 105.28 818.895 444.077 17956 -99.4213
8980 103.392 819.488 443.797 17958 -99.2187
8981 101.495 820.054 443.517 17960 -99.2177
8982 99.5908 820.592 443.238 17962 -99.5945
8983 97.6798 821.099 442.959 17964 -100.285
8984 95.7593 821.574 442.68 17966 -101.04
8985 93.8311 822.016 442.401 17968 -101.711
8986 91.8963 822.423 442.123 17970 -102.328
8987 89.9528 822.794 441.846 17972 -102.995
8988 88.0021 823.125 441.569 17974 -104.094
8989 86.046 823.416 441.293 17976 -105.513
8990 84.0824 823.664 441.019 17978 -106.854
8991 82.1132 823.866 440.746 17980 -108.682
8992 80.1404 824.021 440.474 17982 -109.678
8993 78.1624 824.125 440.204 17984 -108.131
8994 76.1814 824.176 439.936 17986 -105.333
8995 74.1994 824.171 439.671 17988 -104.027
8996 72.2187 824.108 439.408 17990 -102.34
8997 70.2414 823.984 439.149 17992 -101.728
8998 68.2697 823.796 438.894 17994 -100.873
8999 66.3027 823.54 438.642 17996 -100.803
9000 64.3458 823.216 438.395 17998 -99.9684
9001 62.4012 822.819 438.154 18000 -99.8374
9002 60.474 822.349 437.918 18002 -99.5789
9003 58.566 821.803 437.689 18004 -98.8398
9004 56.6791 821.18 437.467 18006 -98.2913
9005 54.8206 820.478 437.252 18008 -97.9972
9006 52.9919 819.698 437.045 18010 -97.8187
9007 51.1994 818.839 436.847 18012 -97.6421
9008 49.4439 817.902 436.658 18014 -97.5633
9009 47.7311 816.889 436.479 18016 -97.6339
9010 46.0636 815.801 436.31 18018 -97.7596
9011 44.4439 814.641 436.152 18020 -98.2025
9012 42.876 813.412 436.004 18022 -98.7005
9013 41.3595 812.116 435.866 18024 -98.972
9014 39.8979 810.758 435.74 18026 -99.518
9015 38.492 809.342 435.624 18028 -100.24
9016 37.1427 807.872 435.52 18030 -100.737
9017 35.8504 806.352 435.425 18032 -101.567
9018 34.6134 804.784 435.342 18034 -102.123
9019 33.4322 803.174 435.268 18036 -102.831
9020 32.3049 801.523 435.204 18038 -103.604
9021 31.2316 799.837 435.15 18040 -103.875
9022 30.2104 798.119 435.105 18042 -104.646
9023 29.2411 796.373 435.07 18044 -105.088
9024 28.3206 794.599 435.042 18046 -105.196
9025 27.4484 792.802 435.023 18048 -105.397
9026 26.6216 790.983 435.012 18050 -105.46
9027 25.8387 789.143 435.009 18052 -105.712
9028 25.0993 787.288 435.013 18054 -105.81
9029 24.4008 785.416 435.024 18056 -105.626
9030 23.7417 783.529 435.041 18058 -105.637
9031 23.1206 781.631 435.065 18060 -105.449
9032 22.5362 779.721 435.096 18062 -105.242
9033 21.9864 777.8 435.132 18064 -105.256
9034 21.47 775.869 435.174 18066 -105.022
9035 20.9866 773.932 435.221 18068 -104.942
9036 20.5336 771.985 435.274 18070 -104.789
9037 20.1108 770.032 435.332 18072 -104.422
9038 19.717 768.074 435.395 18074 -104.341
9039 19.3507 766.111 435.463 18076 -104.117
9040 19.011 764.142 435.535 18078 -104.204
9041 18.697 762.17 435.612 18080 -104.377
9042 18.408 760.195 435.693 18082 -104.169
9043 18.1427 758.215 435.778 18084 -103.538
9044 17.9007 756.234 435.867 18086 -103.538
9045 17.6809 754.251 435.961 18088 -103.75
9046 17.4828 752.265 436.058 18090 -103.587
9047 17.3055 750.279 436.159 18092 -103.891
9048 17.1482 748.289 436.263 18094 -103.408
9049 17.0107 746.3 436.371 18096 -102.878
9050 16.892 744.31 436.483 18098 -103.017
9051 16.7918 742.318 436.598 18100 -102.843
9052 16.7094 740.325 436.717 18102 -103.44
9053 16.6443 738.33 436.839 18104 -102.995
9054 16.5961 736.336 436.964 18106 -103.089
9055 16.5644 734.341 437.093 18108 -102.409
9056 16.5487 732.348 437.224 18110 -102.388
9057 16.5486 730.355 437.359 18112 -102.17
9058 16.5637 728.363 437.497 18114 -101.961
9059 16.5937 726.369 437.638 18116 -102.263
9060 16.6381 724.376 437.782 18118 -101.984
9061 16.6968 722.382 437.929 18120 -102.093
9062 16.7693 720.392 438.079 18122 -102.157
9063 16.8554 718.402 438.232 18124 -101.862
9064 16.9548 716.413 438.388 18126 -101.544
9065 17.0671 714.426 438.547 18128 -101.498
9066 17.1924 712.437 438.709 18130 -101.353
9067 17.3301 710.452 438.874 18132 -101.076
9068 17.4803 708.466 439.042 18134 -100.7
9069 17.6426 706.482 439.213 18136 -100.635
9070 17.8169 704.498 439.386 18138 -100.474
9071 18.0029 702.518 439.563 18140 -100.424
9072 18.2007 700.536 439.743 18142 -100.277
9073 18.4097 698.558 439.926 18144 -100.193
9074 18.6301 696.582 440.112 18146 -99.9403
9075 18.8618 694.607 440.301 18148 -99.8064
9076 19.1044 692.634 440.493 18150 -99.6492
9077 19.3582 690.661 440.689 18152 -99.5433
9078 19.6231 688.69 440.888 18154 -99.4567
9079 19.8989 686.719 441.09 18156 -99.318
9080 20.1853 684.752 441.296 18158 -99.2346
9081 20.4822 682.788 441.505 18160 -99.0684
9082 20.79 680.826 441.717 18162 -98.973
9083 21.1083 678.865 441.933 18164 -98.8479
9084 21.4376 676.906 442.153 18166 -98.7735
9085 21.7772 674.951 442.377 18168 -98.8501
9086 22.128 672.995 442.604 18170 -98.8337
9087 22.4892 671.044 442.836 18172 -98.7341
9088 22.8612 669.095 443.072 18174 -98.6227
9089 23.2445 667.147 443.312 18176 -98.5353
9090 23.6388 665.202 443.557 18178 -98.598
9091 24.044 663.261 443.807 18180 -98.4888
9092 24.4604 661.323 444.062 18182 -98.2667
9093 24.8885 659.388 444.322 18184 -98.3581
9094 25.3279 657.458 444.587 18186 -98.4192
9095 25.7797 655.53 444.858 18188 -98.4257
9096 26.2437 653.606 445.135 18190 -98.6291
9097 26.7201 651.688 445.419 18192 -98.8853
9098 27.21 649.772 445.71 18194 -98.8315
9099 27.7136 647.86 446.008 18196 -99.1125
9100 28.2312 645.955 446.315 18198 -99.0926
9101 28.7636 644.055 446.63 18200 -99.4073
9102 29.3123 642.16 446.955 18202 -99.787
9103 29.8772 640.274 447.29 18204 -100.342
9104 30.4603 638.394 447.638 18206 -101
9105 31.0633 636.521 447.999 18208 -101.239
9106 31.687 634.661 448.374 18210 -102.037
9107 32.3347 632.81 448.767 18212 -102.691
9108 33.0091 630.974 449.18 18214 -104.285
9109 33.7137 629.155 449.616 18216 -105.57
9110 34.4542 627.358 450.082 18218 -107.225
9111 35.2382 625.589 450.585 18220 -108.613
9112 36.0773 623.86 451.136 18222 -112.176
9113 36.9896 622.192 451.754 18224 -114.229
9114 38.0081 620.63 452.474 18226 -112.617
9115 39.1969 619.303 453.37 18228 -116.849
9116 40.6268 618.713 454.576 18230 -111.68
9117 41.8051 619.694 455.775 18232 -104.287
9118 42.4717 621.375 456.621 18234 -102.287
9119 43.0063 623.151 457.368 18236 -101.563
9120 43.4818 624.962 458.067 18238 -100.967
9121 43.9207 626.794 458.735 18240 -101.435
9122 44.335 628.641 459.38 18242 -100.603
9123 44.7311 630.497 460.006 18244 -100.446
9124 45.1135 632.361 460.619 18246 -100.655
9125 45.4854 634.23 461.219 18248 -100.128
9126 45.849 636.105 461.81 18250 -100.414
9127 46.2059 637.983 462.391 18252 -100.046
9128 46.5577 639.865 462.965 18254 -99.3413
9129 46.9051 641.749 463.532 18256 -99.7548
9130 47.2489 643.636 464.092 18258 -99.3699
9131 47.5901 645.526 464.648 18260 -99.2874
9132 47.9292 647.418 465.198 18262 -98.9772
9133 48.2662 649.31 465.742 18264 -98.6873
9134 48.6021 651.204 466.283 18266 -98.9496
9135 48.9369 653.1 466.819 18268 -98.5984
9136 49.2709 654.996 467.351 18270 -98.6793
9137 49.6046 656.895 467.88 18272 -98.422
9138 49.938 658.792 468.404 18274 -98.7863
9139 50.2716 660.693 468.926 18276 -98.7967
9140 50.6054 662.594 469.445 18278 -99.1094
9141 50.9396 664.495 469.96 18280 -99.1199
9142 51.2746 666.399 470.473 18282 -99.4949
9143 51.6101 668.303 470.983 18284 -99.9717
9144 51.9461 670.205 471.49 18286 -100.34
9145 52.2836 672.11 471.995 18288 -100.599
9146 52.6216 674.014 472.497 18290 -100.959
9147 52.9609 675.919 472.996 18292 -101.774
9148 53.3017 677.826 473.494 18294 -102.246
9149 53.6434 679.73 473.988 18296 -102.347
9150 53.9865 681.635 474.48 18298 -102.815
9151 54.3315 683.542 474.971 18300 -103.481
9152 54.6776 685.448 475.459 18302 -103.719
9153 55.0255 687.354 475.945 18304 -103.439
9154 55.3749 689.26 476.429 18306 -103.427
9155 55.7266 691.168 476.911 18308 -104.112
9156 56.0797 693.075 477.391 18310 -104.498
9157 56.4349 694.983 477.869 18312 -104.461
9158 56.7921 696.891 478.345 18314 -104.977
9159 57.1512 698.798 478.819 18316 -105.526
9160 57.5121 700.705 479.291 18318 -105.478
9161 57.8756 702.614 479.762 18320 -105.884
9162 58.2408 704.521 480.231 18322 -106.913
9163 58.6084 706.429 480.697 18324 -107.746
9164 58.9783 708.338 481.163 18326 -108.559
9165 59.3506 710.247 481.626 18328 -109.634
9166 59.7252 712.155 482.088 18330 -110.968
9167 60.102 714.062 482.547 18332 -111.685
9168 60.4809 715.968 483.005 18334 -109.98
9169 60.8629 717.877 483.462 18336 -109.136
9170 61.2468 719.783 483.916 18338 -109.107
9171 61.6337 721.69 484.369 18340 -108.347
9172 62.0234 723.599 484.82 18342 -107.541
9173 62.4151 725.504 485.27 18344 -106.662
9174 62.8096 727.409 485.717 18346 -106.04
9175 63.2069 729.315 486.163 18348 -105.876
9176 63.6068 731.22 486.607 18350 -105.757
9177 64.0095 733.124 487.05 18352 -105.367
9178 64.4158 735.031 487.491 18354 -105.453
9179 64.8247 736.937 487.931 18356 -105.143
9180 65.2363 738.842 488.369 18358 -105.545
9181 65.6515 740.749 488.805 18360 -105.073
9182 66.0692 742.653 489.24 18362 -105.002
9183 66.4905 744.559 489.673 18364 -104.991
9184 66.9143 746.463 490.104 18366 -104.342
9185 67.3417 748.367 490.534 18368 -103.774
9186 67.7716 750.269 490.961 18370 -103.685
9187 68.205 752.171 491.388 18372 -102.615
9188 68.6418 754.073 491.812 18374 -102.328
9189 69.0822 755.976 492.235 18376 -102.102
9190 69.526 757.879 492.657 18378 -101.506
9191 69.9733 759.781 493.077 18380 -101.361
9192 70.4241 761.683 493.495 18382 -101.166
9193 70.8784 763.585 493.911 18384 -101.125
9194 71.3361 765.485 494.326 18386 -101.113
9195 71.7973 767.384 494.739 18388 -101.077
9196 72.262 769.282 495.149 18390 -101.082
9197 72.7302 771.179 495.558 18392 -101.127
9198 73.2029 773.078 495.966 18394 -101.158
9199 73.6791 774.975 496.372 18396 -101.124
9200 74.1587 776.87 496.776 18398 -101.01
9201 74.643 778.767 497.179 18400 -100.807
9202 75.1307 780.662 497.579 18402 -100.54
9203 75.6231 782.558 497.978 18404 -100.233
9204 76.119 784.451 498.375 18406 -99.9526
9205 76.6195 786.346 498.77 18408 -99.7142
9206 77.1236 788.237 499.163 18410 -99.5501
9207 77.6323 790.129 499.555 18412 -99.4573
9208 78.1458 792.022 499.945 18414 -99.4479
9209 78.6628 793.911 500.332 18416 -99.4848
9210 79.1846 795.801 500.718 18418 -99.5612
9211 79.7111 797.691 501.102 18420 -99.6483
9212 80.2425 799.58 501.485 18422 -99.7413
9213 80.7775 801.465 501.864 18424 -99.7992
9214 81.3172 803.35 502.242 18426 -99.8154
9215 81.8619 805.234 502.618 18428 -99.7734
9216 82.4114 807.118 502.992 18430 -99.7039
9217 82.9659 809.001 503.364 18432 -99.6416
9218 83.5253 810.882 503.734 18434 -99.5297
9219 84.0897 812.762 504.101 18436 -99.2648
9220 84.6591 814.641 504.467 18438 -99.1606
9221 85.2336 816.519 504.83 18440 -99.0952
9222 85.813 818.394 505.191 18442 -99.0923
9223 86.399 820.272 505.551 18444 -99.1461
9224 86.9902 822.148 505.908 18446 -99.2435
9225 87.5864 824.021 506.263 18448 -99.3665
9226 88.1879 825.892 506.615 18450 -99.4811
9227 88.796 827.765 506.965 18452 -99.5373
9228 89.4094 829.635 507.313 18454 -99.5993
9229 90.0281 831.501 507.658 18456 -99.6128
9230 90.6536 833.369 508.002 18458 -99.5317
9231 91.2845 835.233 508.342 18460 -99.4434
9232 91.9223 837.098 508.68 18462 -99.3569
9233 92.5656 838.96 509.016 18464 -99.324
9234 93.2158 840.821 509.349 18466 -99.3156
9235 93.8716 842.678 509.679 18468 -99.3609
9236 94.5346 844.535 510.007 18470 -99.4617
9237 95.2031 846.387 510.332 18472 -99.5849
9238 95.8789 848.239 510.654 18474 -99.6836
9239 96.562 850.09 510.974 18476 -99.756
9240 97.2508 851.936 511.29 18478 -99.8037
9241 97.9471 853.781 511.604 18480 -99.8087
9242 98.6509 855.624 511.915 18482 -99.7911
9243 99.3622 857.465 512.223 18484 -99.7574
9244 100.081 859.305 512.528 18486 -99.7526
9245 100.808 861.142 512.83 18488 -99.7896
9246 101.542 862.977 513.129 18490 -99.8738
9247 102.284 864.809 513.425 18492 -99.9913
9248 103.035 866.639 513.717 18494 -100.024
9249 103.793 868.465 514.006 18496 -100.296
9250 104.559 870.288 514.292 18498 -100.236
9251 105.333 872.107 514.574 18500 -100.329
9252 106.116 873.922 514.853 18502 -100.168
9253 106.909 875.737 515.128 18504 -100.451
9254 107.71 877.548 515.399 18506 -100.052
9255 108.519 879.354 515.667 18508 -100.612
9256 109.339 881.158 515.931 18510 -100.498
9257 110.168 882.958 516.191 18512 -100.331
9258 111.005 884.751 516.447 18514 -101.202
9259 111.853 886.543 516.699 18516 -100.906
9260 112.71 888.328 516.946 18518 -100.273
9261 113.578 890.111 517.189 18520 -100.924
9262 114.456 891.891 517.429 18522 -101.521
9263 115.345 893.663 517.663 18524 -100.628
9264 116.244 895.431 517.893 18526 -99.938
9265 117.155 897.196 518.119 18528 -100.569
9266 118.077 898.956 518.339 18530 -102.034
9267 119.011 900.71 518.555 18532 -102.567
9268 119.957 902.46 518.766 18534 -101.669
9269 120.915 904.203 518.972 18536 -100.587
9270 121.885 905.941 519.172 18538 -99.9785
9271 122.868 907.671 519.367 18540 -99.9543
9272 123.862 909.395 519.557 18542 -100.523
9273 124.869 911.111 519.74 18544 -101.424
9274 125.889 912.818 519.918 18546 -102.579
9275 126.922 914.518 520.089 18548 -104.136
9276 127.97 916.212 520.255 18550 -105.548
9277 129.031 917.896 520.414 18552 -107.437
9278 130.107 919.574 520.566 18554 -109.069
9279 131.197 921.241 520.712 18556 -111.257
9280 132.303 922.9 520.851 18558 -112.8
9281 133.423 924.547 520.983 18560 -114.999
9282 134.559 926.186 521.108 18562 -116.991
9283 135.712 927.815 521.225 18564 -119.11
9284 136.881 929.433 521.335 18566 -121.534
9285 138.065 931.038 521.436 18568 -122.242
9286 139.267 932.631 521.529 18570 -124.834
9287 140.485 934.211 521.614 18572 -123.399
9288 141.721 935.779 521.69 18574 -125.928
9289 142.975 937.332 521.758 18576 -123.903
9290 144.247 938.871 521.816 18578 -124.52
9291 145.538 940.395 521.865 18580 -125.068
9292 146.847 941.902 521.904 18582 -123.544
9293 148.175 943.393 521.933 18584 -124.746
9294 149.524 944.869 521.951 18586 -124.994
9295 150.893 946.326 521.96 18588 -122.961
9296 152.281 947.763 521.957 18590 -124.976
9297 153.69 949.18 521.943 18592 -124.108
9298 155.118 950.576 521.917 18594 -123.592
9299 156.567 951.949 521.88 18596 -122.228
9300 158.039 953.302 521.83 18598 -125.26
9301 159.532 954.631 521.768 18600 -122.957
9302 161.046 955.935 521.693 18602 -124.47
9303 162.582 957.212 521.605 18604 -122.569
9304 164.137 958.46 521.504 18606 -125.527
9305 165.714 959.681 521.388 18608 -124.178
9306 167.313 960.872 521.259 18610 -128.293
9307 168.935 962.033 521.115 18612 -126.217
9308 170.576 963.162 520.957 18614 -129.622
9309 172.238 964.256 520.783 18616 -128.811
9310 173.921 965.316 520.595 18618 -131.441
9311 175.613 966.358 520.392 18620 -129.759
9312 177.308 967.394 520.176 18622 -129.804
9313 179.006 968.425 519.948 18624 -133.96
9314 180.704 969.449 519.708 18626 -130.188
9315 182.406 970.468 519.457 18628 -143.616
9316 184.108 971.481 519.196 18630 -130.89
9317 185.813 972.488 518.924 18632 -138.701
9318 187.519 973.49 518.642 18634 -130.877
9319 189.226 974.485 518.351 18636 -134.322
9320 190.936 975.476 518.052 18638 -132.6
9321 192.648 976.461 517.743 18640 -130.515
9322 194.362 977.441 517.426 18642 -137.372
9323 196.077 978.416 517.101 18644 -133.445
9324 197.791 979.384 516.769 18646 -144.617
9325 199.509 980.348 516.43 18648 -140.29
9326 201.229 981.307 516.083 18650 -131.068
9327 202.95 982.26 515.729 18652 -131.9
9328 204.673 983.209 515.369 18654 -129.881
9329 206.396 984.152 515.002 18656 -131.131
9330 208.12 985.089 514.629 18658 -129.256
9331 209.847 986.022 514.25 18660 -127.9
9332 211.572 986.949 513.866 18662 -126.463
9333 213.301 987.872 513.476 18664 -125.541
9334 215.031 988.789 513.08 18666 -127.659
9335 216.763 989.702 512.679 18668 -126.213
9336 218.496 990.61 512.273 18670 -125.522
9337 220.23 991.513 511.862 18672 -125.562
9338 221.965 992.41 511.446 18674 -126.567
9339 223.703 993.304 511.025 18676 -127.923
9340 225.441 994.191 510.6 18678 -125.939
9341 227.183 995.075 510.169 18680 -127.517
9342 228.923 995.953 509.735 18682 -131.848
9343 230.667 996.827 509.296 18684 -127.534
9344 232.409 997.695 508.854 18686 -134.1
9345 234.153 998.558 508.408 18688 -133.99
9346 235.899 999.416 507.957 18690 -133.855
9347 237.647 1000.27 507.503 18692 -143.891
9348 239.396 1001.12 507.044 18694 -139.686
9349 241.147 1001.96 506.582 18696 -132.966
9350 242.898 1002.8 506.117 18698 -134.377
9351 244.65 1003.64 505.648 18700 -133.533
9352 246.403 1004.46 505.176 18702 -129.076
9353 248.16 1005.29 504.699 18704 -131.324
9354 249.918 1006.11 504.22 18706 -127.274
9355 251.675 1006.92 503.738 18708 -132.39
9356 253.436 1007.73 503.252 18710 -125.753
9357 255.197 1008.54 502.764 18712 -130.407
9358 256.961 1009.34 502.271 18714 -125.227
9359 258.724 1010.13 501.777 18716 -131.573
9360 260.491 1010.93 501.279 18718 -133.225
9361 262.256 1011.71 500.779 18720 -127.704
9362 264.024 1012.49 500.276 18722 -136.654
9363 265.795 1013.27 499.769 18724 -130.524
9364 267.564 1014.04 499.261 18726 -138.192
9365 269.336 1014.8 498.75 18728 -127.601
9366 271.109 1015.56 498.236 18730 -130.494
9367 272.885 1016.32 497.719 18732 -134.506
9368 274.663 1017.07 497.2 18734 -125.437
9369 276.443 1017.81 496.678 18736 -125.177
9370 278.225 1018.55 496.153 18738 -138.304
9371 280.009 1019.29 495.626 18740 -126.666
9372 281.789 1020.02 495.098 18742 -125.942
9373 283.575 1020.75 494.567 18744 -128.383
9374 285.363 1021.47 494.033 18746 -128.388
9375 287.151 1022.18 493.497 18748 -121.835
9376 288.941 1022.89 492.959 18750 -120.663
9377 290.731 1023.59 492.419 18752 -121.599
9378 292.522 1024.29 491.877 18754 -128.362
9379 294.314 1024.99 491.334 18756 -131.196
9380 296.106 1025.67 490.789 18758 -121.104
9381 297.904 1026.36 490.24 18760 -116.935
9382 299.701 1027.03 489.69 18762 -115.873
9383 301.499 1027.71 489.138 18764 -114.834
9384 303.297 1028.37 488.585 18766 -113.59
9385 305.1 1029.03 488.03 18768 -113.381
9386 306.902 1029.69 487.472 18770 -113.724
9387 308.704 1030.34 486.914 18772 -114.233
9388 310.511 1030.98 486.353 18774 -114.847
9389 312.317 1031.62 485.79 18776 -113.541
9390 314.128 1032.26 485.225 18778 -112.387
9391 315.937 1032.88 484.659 18780 -110.433
9392 317.746 1033.5 484.093 18782 -108.488
9393 319.559 1034.12 483.523 18784 -106.2
9394 321.371 1034.73 482.953 18786 -104.196
9395 323.187 1035.33 482.381 18788 -102.315
9396 325.002 1035.93 481.808 18790 -100.915
9397 326.82 1036.52 481.232 18792 -100.011
9398 328.642 1037.11 480.655 18794 -99.9128
9399 330.463 1037.69 480.076 18796 -100.831
9400 332.287 1038.27 479.496 18798 -102.235
9401 334.109 1038.83 478.916 18800 -102.057
9402 335.935 1039.4 478.333 18802 -100.63
9403 337.764 1039.95 477.749 18804 -100.877
9404 339.591 1040.5 477.164 18806 -101.949
9405 341.421 1041.04 476.577 18808 -100.995
9406 343.254 1041.58 475.989 18810 -101.184
9407 345.085 1042.11 475.4 18812 -101.935
9408 346.919 1042.64 474.81 18814 -100.875
9409 348.756 1043.15 474.218 18816 -101.787
9410 350.595 1043.67 473.625 18818 -100.683
9411 352.432 1044.17 473.031 18820 -101.554
9412 354.271 1044.67 472.436 18822 -100.829
9413 356.113 1045.16 471.84 18824 -101.554
9414 357.957 1045.65 471.242 18826 -101.469
9415 359.803 1046.12 470.643 18828 -101.035
9416 361.647 1046.59 470.044 18830 -101.497
9417 363.493 1047.06 469.444 18832 -101.593
9418 365.34 1047.52 468.843 18834 -101.117
9419 367.19 1047.97 468.24 18836 -101.218
9420 369.042 1048.41 467.637 18838 -101.401
9421 370.896 1048.84 467.032 18840 -101.563
9422 372.752 1049.27 466.426 18842 -101.506
9423 374.609 1049.7 465.819 18844 -101.601
9424 376.468 1050.11 465.211 18846 -101.525
9425 378.329 1050.52 464.603 18848 -101.437
9426 380.191 1050.92 463.993 18850 -101.292
9427 382.054 1051.31 463.382 18852 -101.399
9428 383.919 1051.69 462.771 18854 -101.619
9429 385.786 1052.07 462.159 18856 -101.751
9430 387.653 1052.44 461.546 18858 -101.72
9431 389.522 1052.8 460.933 18860 -101.484
9432 391.392 1053.15 460.318 18862 -101.427
9433 393.263 1053.5 459.704 18864 -101.495
9434 395.135 1053.83 459.088 18866 -101.79
9435 397.008 1054.16 458.473 18868 -101.624
9436 398.882 1054.48 457.856 18870 -101.533
9437 400.756 1054.79 457.24 18872 -101.737
9438 402.632 1055.1 456.623 18874 -101.568
9439 404.508 1055.39 456.005 18876 -101.881
9440 406.384 1055.68 455.388 18878 -101.551
9441 408.261 1055.96 454.77 18880 -101.761
9442 410.138 1056.22 454.152 18882 -101.77
9443 412.021 1056.48 453.532 18884 -101.833
9444 413.905 1056.74 452.911 18886 -101.63
9445 415.788 1056.98 452.291 18888 -101.86
9446 417.672 1057.21 451.671 18890 -101.9
9447 419.555 1057.43 451.051 18892 -101.782
9448 421.439 1057.65 450.431 18894 -101.768
9449 423.328 1057.85 449.809 18896 -101.832
9450 425.217 1058.05 449.187 18898 -101.857
9451 427.105 1058.23 448.566 18900 -101.978
9452 428.994 1058.41 447.945 18902 -101.943
9453 430.887 1058.58 447.322 18904 -101.89
9454 432.779 1058.73 446.699 18906 -102.032
9455 434.672 1058.88 446.078 18908 -101.872
9456 436.563 1059.02 445.456 18910 -102.048
9457 438.46 1059.14 444.833 18912 -101.937
9458 440.355 1059.26 444.211 18914 -101.936
9459 442.25 1059.37 443.589 18916 -101.893
9460 444.144 1059.46 442.968 18918 -101.727
9461 446.042 1059.54 442.345 18920 -101.973
9462 447.939 1059.62 441.724 18922 -101.892
9463 449.835 1059.68 441.103 18924 -101.891
9464 451.736 1059.73 440.481 18926 -101.744
9465 453.634 1059.77 439.86 18928 -101.944
9466 455.532 1059.8 439.24 18930 -101.712
9467 457.428 1059.82 438.621 18932 -101.899
9468 459.328 1059.83 438.001 18934 -101.684
9469 461.227 1059.82 437.382 18936 -101.858
9470 463.124 1059.81 436.764 18938 -101.598
9471 465.024 1059.78 436.146 18940 -101.819
9472 466.923 1059.74 435.528 18942 -101.6
9473 468.819 1059.69 434.912 18944 -101.539
9474 470.719 1059.62 434.296 18946 -101.715
9475 472.617 1059.54 433.68 18948 -101.566
9476 474.513 1059.46 433.067 18950 -101.347
9477 476.412 1059.35 432.452 18952 -101.329
9478 478.309 1059.24 431.84 18954 -101.407
9479 480.203 1059.11 431.228 18956 -101.447
9480 482.101 1058.97 430.617 18958 -101.417
9481 483.995 1058.82 430.007 18960 -101.354
9482 485.892 1058.65 429.398 18962 -101.291
9483 487.787 1058.47 428.79 18964 -101.221
9484 489.679 1058.28 428.183 18966 -101.126
9485 491.573 1058.07 427.577 18968 -100.963
9486 493.464 1057.85 426.973 18970 -100.734
9487 495.353 1057.62 426.37 18972 -100.547
9488 497.243 1057.37 425.768 18974 -100.569
9489 499.13 1057.11 425.168 18976 -100.679
9490 501.014 1056.83 424.57 18978 -100.436
9491 502.9 1056.54 423.973 18980 -100.191
9492 504.782 1056.23 423.377 18982 -100.377
9493 506.661 1055.91 422.784 18984 -100.039
9494 508.541 1055.58 422.192 18986 -99.9864
9495 510.418 1055.23 421.601 18988 -99.9274
9496 512.291 1054.86 421.014 18990 -99.7411
9497 514.16 1054.48 420.428 18992 -99.6345
9498 516.03 1054.09 419.844 18994 -99.5928
9499 517.897 1053.68 419.262 18996 -99.2741
9500 519.759 1053.25 418.683 18998 -99.3945
9501 521.617 1052.81 418.106 19000 -99.1459
9502 523.476 1052.35 417.53 19002 -98.8754
9503 525.33 1051.88 416.957 19004 -98.9163
9504 527.18 1051.39 416.387 19006 -98.9044
9505 529.026 1050.88 415.82 19008 -98.6522
9506 530.871 1050.36 415.254 19010 -98.4278
9507 532.713 1049.82 414.692 19012 -98.221
9508 534.549 1049.27 414.132 19014 -98.1142
9509 536.381 1048.7 413.575 19016 -97.9786
9510 538.207 1048.11 413.021 19018 -97.8772
9511 540.029 1047.51 412.471 19020 -97.7356
9512 541.845 1046.89 411.923 19022 -97.606
9513 543.657 1046.25 411.379 19024 -97.5052
9514 545.463 1045.6 410.839 19026 -97.4274
9515 547.264 1044.93 410.301 19028 -97.4376
9516 549.059 1044.24 409.767 19030 -97.3834
9517 550.849 1043.54 409.237 19032 -97.1867
9518 552.634 1042.82 408.71 19034 -96.9874
9519 554.413 1042.08 408.186 19036 -96.983
9520 556.186 1041.33 407.666 19038 -96.9978
9521 557.953 1040.55 407.15 19040 -96.7696
9522 559.714 1039.76 406.637 19042 -96.7953
9523 561.47 1038.96 406.129 19044 -96.7639
9524 563.219 1038.13 405.624 19046 -96.6024
9525 564.958 1037.29 405.124 19048 -96.7471
9526 566.69 1036.43 404.628 19050 -96.5677
9527 568.416 1035.55 404.136 19052 -96.7134
9528 570.136 1034.66 403.648 19054 -96.5836
9529 571.845 1033.75 403.166 19056 -96.6857
9530 573.548 1032.82 402.687 19058 -96.7884
9531 575.243 1031.87 402.213 19060 -96.7255
9532 576.928 1030.91 401.744 19062 -96.9467
9533 578.606 1029.93 401.279 19064 -97.0436
9534 580.273 1028.93 400.819 19066 -97.0339
9535 581.933 1027.92 400.364 19068 -97.2444
9536 583.582 1026.88 399.915 19070 -97.5739
9537 585.224 1025.83 399.469 19072 -97.8152
9538 586.855 1024.77 399.03 19074 -97.9994
9539 588.478 1023.69 398.594 19076 -98.2313
9540 590.09 1022.59 398.165 19078 -98.5438
9541 591.691 1021.47 397.74 19080 -98.9507
9542 593.28 1020.34 397.322 19082 -99.4246
9543 594.862 1019.19 396.908 19084 -99.9343
9544 596.433 1018.03 396.5 19086 -100.526
9545 597.991 1016.85 396.097 19088 -101.164
9546 599.539 1015.65 395.701 19090 -101.837
9547 601.074 1014.44 395.309 19092 -102.557
9548 602.603 1013.21 394.923 19094 -103.322
9549 604.119 1011.96 394.542 19096 -104.203
9550 605.624 1010.7 394.167 19098 -105.308
9551 607.117 1009.43 393.798 19100 -106.67
9552 608.599 1008.14 393.435 19102 -107.757
9553 610.069 1006.83 393.077 19104 -107.446
9554 611.527 1005.51 392.725 19106 -106.352
9555 612.973 1004.17 392.379 19108 -106.18
9556 614.408 1002.82 392.038 19110 -106.645
9557 615.827 1001.46 391.705 19112 -104.638
9558 617.234 1000.09 391.377 19114 -102.04
9559 618.63 998.695 391.054 19116 -101.612
9560 620.014 997.289 390.738 19118 -103.29
9561 621.387 995.87 390.427 19120 -101.603
9562 622.743 994.44 390.123 19122 -98.7714
9563 624.089 992.996 389.825 19124 -97.9636
9564 625.422 991.538 389.532 19126 -97.8154
9565 626.744 990.065 389.245 19128 -97.8557
9566 628.051 988.584 388.965 19130 -98.1698
9567 629.346 987.088 388.69 19132 -97.9844
9568 630.629 985.579 388.421 19134 -98.0273
9569 631.898 984.06 388.158 19136 -97.6421
9570 633.154 982.532 387.9 19138 -97.3101
9571 634.401 980.99 387.646 19140 -96.816
9572 635.636 979.441 387.396 19142 -96.5037
9573 636.862 977.88 387.149 19144 -96.3006
9574 638.075 976.315 386.907 19146 -96.7938
9575 639.279 974.741 386.668 19148 -98.0277
9576 640.473 973.161 386.433 19150 -99.5401
9577 641.66 971.569 386.201 19152 -100.058
9578 642.837 969.973 385.972 19154 -98.9752
9579 644.008 968.367 385.746 19156 -98.763
9580 645.168 966.759 385.523 19158 -101.269
9581 646.32 965.144 385.303 19160 -104.874
9582 647.465 963.522 385.086 19162 -103.343
9583 648.603 961.896 384.871 19164 -102.925
9584 649.733 960.264 384.659 19166 -106.753
9585 650.855 958.629 384.45 19168 -113.576
9586 651.973 956.985 384.242 19170 -106.652
9587 653.083 955.339 384.038 19172 -104.672
9588 654.188 953.685 383.835 19174 -109.326
9589 655.285 952.031 383.635 19176 -106.041
9590 656.377 950.37 383.436 19178 -101.433
9591 657.464 948.703 383.24 19180 -104.323
9592 658.543 947.037 383.046 19182 -101.23
9593 659.616 945.367 382.854 19184 -99.3756
9594 660.684 943.692 382.664 19186 -101.771
9595 661.747 942.013 382.476 19188 -97.8601
9596 662.805 940.332 382.29 19190 -100.001
9597 663.857 938.648 382.105 19192 -97.64
9598 664.903 936.961 381.922 19194 -98.4427
9599 665.948 935.266 381.741 19196 -98.1543
9600 666.988 933.569 381.561 19198 -97.5914
9601 668.021 931.872 381.383 19200 -98.8768
9602 669.048 930.174 381.207 19202 -97.6622
9603 670.074 928.469 381.032 19204 -99.5062
9604 671.094 926.764 380.859 19206 -98.5066
9605 672.111 925.052 380.687 19208 -99.9341
9606 673.122 923.341 380.517 19210 -100.389
9607 674.131 921.625 380.348 19212 -100.643
9608 675.134 919.91 380.18 19214 -102.514
9609 676.135 918.19 380.014 19216 -103.075
9610 677.128 916.472 379.849 19218 -103.907
9611 678.12 914.75 379.686 19220 -105.711
9612 679.109 913.023 379.523 19222 -108.164
9613 680.096 911.291 379.362 19224 -109.353
9614 681.075 909.563 379.203 19226 -109.997
9615 682.052 907.832 379.044 19228 -109.229
9616 683.027 906.097 378.887 19230 -108.164
9617 683.999 904.359 378.73 19232 -106.528
9618 684.968 902.617 378.575 19234 -105.024
9619 685.934 900.873 378.421 19236 -103.598
9620 686.893 899.134 378.268 19238 -102.415
9621 687.849 897.393 378.116 19240 -101.62
9622 688.802 895.649 377.966 19242 -100.984
9623 689.752 893.904 377.816 19244 -100.613
9624 690.699 892.156 377.668 19246 -99.9916
9625 691.644 890.408 377.521 19248 -99.5687
9626 692.584 888.658 377.374 19250 -99.5321
9627 693.522 886.906 377.229 19252 -99.7083
9628 694.457 885.154 377.085 19254 -99.3836
9629 695.393 883.392 376.941 19256 -99.515
9630 696.325 881.63 376.798 19258 -99.7171
9631 697.254 879.868 376.656 19260 -99.9006
9632 698.18 878.105 376.515 19262 -100.623
9633 699.102 876.342 376.375 19264 -100.635
9634 700.022 874.578 376.236 19266 -101.667
9635 700.937 872.816 376.098 19268 -102.149
9636 701.854 871.044 375.96 19270 -103.157
9637 702.767 869.274 375.824 19272 -104.175
9638 703.676 867.504 375.688 19274 -105.255
9639 704.582 865.734 375.553 19276 -107.168
9640 705.489 863.957 375.419 19278 -108.033
9641 706.392 862.181 375.286 19280 -110.292
9642 707.291 860.407 375.153 19282 -111.673
9643 708.187 858.633 375.022 19284 -112.317
9644 709.083 856.853 374.891 19286 -111.381
9645 709.976 855.073 374.761 19288 -109.7
9646 710.865 853.296 374.632 19290 -108.277
9647 711.754 851.512 374.503 19292 -107.098
9648 712.64 849.729 374.376 19294 -105.83
9649 713.522 847.949 374.249 19296 -104.763
9650 714.404 846.162 374.122 19298 -104.058
9651 715.283 844.377 373.997 19300 -103.348
9652 716.162 842.586 373.872 19302 -102.676
9653 717.037 840.797 373.748 19304 -102.175
9654 717.908 839.012 373.624 19306 -101.757
9655 718.78 837.219 373.501 19308 -101.481
9656 719.647 835.43 373.379 19310 -101.351
9657 720.515 833.635 373.258 19312 -101.264
9658 721.379 831.842 373.137 19314 -101.258
9659 722.244 830.044 373.017 19316 -101.316
9660 723.104 828.249 372.897 19318 -101.329
9661 723.965 826.448 372.778 19320 -101.522
9662 724.821 824.651 372.66 19322 -101.839
9663 725.678 822.848 372.542 19324 -102.114
9664 726.531 821.049 372.425 19326 -102.495
9665 727.384 819.244 372.309 19328 -102.888
9666 728.232 817.443 372.193 19330 -103.501
9667 729.081 815.637 372.078 19332 -104.035
9668 729.926 813.835 371.963 19334 -104.639
9669 730.771 812.027 371.849 19336 -105.255
9670 731.612 810.224 371.736 19338 -106.156
9671 732.452 808.416 371.623 19340 -107.326
9672 733.289 806.612 371.511 19342 -108.602
9673 734.126 804.804 371.4 19344 -109.813
9674 734.958 803 371.289 19346 -110.88
9675 735.79 801.191 371.179 19348 -111.866
9676 736.623 799.377 371.069 19350 -113.221
9677 737.451 797.568 370.96 19352 -114.357
9678 738.279 795.755 370.851 19354 -114.703
9679 739.103 793.946 370.743 19356 -113.742
9680 739.927 792.133 370.635 19358 -113.882
9681 740.751 790.316 370.528 19360 -112.515
9682 741.57 788.503 370.422 19362 -111.07
9683 742.389 786.687 370.316 19364 -110.344
9684 743.209 784.865 370.21 19366 -109.721
9685 744.024 783.05 370.105 19368 -108.342
9686 744.838 781.23 370.001 19370 -107.9
9687 745.649 779.416 369.897 19372 -107.271
9688 746.459 777.598 369.794 19374 -106.532
9689 747.269 775.775 369.691 19376 -106.021
9690 748.074 773.959 369.589 19378 -105.891
9691 748.88 772.138 369.487 19380 -105.261
9692 749.685 770.313 369.385 19382 -105.193
9693 750.486 768.495 369.285 19384 -105.039
9694 751.286 766.673 369.185 19386 -104.437
9695 752.087 764.847 369.085 19388 -104.483
9696 752.887 763.017 368.985 19390 -104.338
9697 753.683 761.193 368.886 19392 -104.093
9698 754.478 759.366 368.788 19394 -104.201
9699 755.273 757.535 368.69 19396 -103.896
9700 756.064 755.711 368.592 19398 -103.931
9701 756.854 753.883 368.495 19400 -103.972
9702 757.644 752.051 368.399 19402 -103.779
9703 758.429 750.227 368.303 19404 -103.9
9704 759.214 748.399 368.207 19406 -103.885
9705 759.999 746.567 368.112 19408 -103.882
9706 760.783 744.733 368.017 19410 -103.966
9707 761.563 742.905 367.923 19412 -103.913
9708 762.342 741.074 367.83 19414 -104.002
9709 763.121 739.239 367.736 19416 -104.141
9710 763.9 737.402 367.643 19418 -103.956
9711 764.674 735.572 367.551 19420 -104.124
9712 765.447 733.738 367.459 19422 -104.309
9713 766.22 731.902 367.368 19424 -104.148
9714 766.993 730.062 367.277 19426 -104.298
9715 767.761 728.23 367.186 19428 -104.568
9716 768.529 726.396 367.096 19430 -104.412
9717 769.296 724.558 367.006 19432 -104.343
9718 770.063 722.717 366.917 19434 -104.675
9719 770.829 720.873 366.828 19436 -104.83
9720 771.59 719.037 366.739 19438 -104.672
9721 772.351 717.199 366.651 19440 -104.624
9722 773.112 715.357 366.564 19442 -104.845
9723 773.872 713.513 366.477 19444 -105.019
9724 774.631 711.666 366.389 19446 -104.877
9725 775.386 709.827 366.303 19448 -104.75
9726 776.14 707.986 366.217 19450 -104.932
9727 776.894 706.142 366.132 19452 -104.985
9728 777.647 704.295 366.047 19454 -105.1
9729 778.399 702.446 365.962 19456 -105.058
9730 779.147 700.605 365.878 19458 -104.916
9731 779.894 698.762 365.794 19460 -104.871
9732 780.64 696.917 365.71 19462 -104.788
9733 781.386 695.068 365.627 19464 -104.914
9734 782.131 693.218 365.544 19466 -104.892
9735 782.876 691.365 365.462 19468 -104.956
9736 783.616 689.521 365.38 19470 -105.142
9737 784.355 687.675 365.299 19472 -105.096
9738 785.093 685.826 365.218 19474 -104.881
9739 785.831 683.975 365.137 19476 -104.882
9740 786.568 682.122 365.057 19478 -104.958
9741 787.305 680.267 364.977 19480 -104.698
9742 788.041 678.41 364.897 19482 -104.65
9743 788.772 676.562 364.818 19484 -104.783
9744 789.502 674.711 364.739 19486 -104.577
9745 790.231 672.859 364.661 19488 -104.405
9746 790.96 671.005 364.583 19490 -104.384
9747 791.688 669.148 364.505 19492 -104.301
9748 792.415 667.29 364.428 19494 -104.284
9749 793.142 665.43 364.351 19496 -104.336
9750 793.868 663.568 364.274 19498 -104.386
9751 794.588 661.715 364.198 19500 -104.475
9752 795.308 659.861 364.123 19502 -104.44
9753 796.028 658.005 364.048 19504 -104.403
9754 796.746 656.146 363.973 19506 -104.501
9755 797.464 654.287 363.898 19508 -104.455
9756 798.181 652.425 363.824 19510 -104.274
9757 798.897 650.562 363.75 19512 -104.634
9758 799.612 648.697 363.676 19514 -105.091
9759 800.326 646.831 363.603 19516 -105.049
9760 801.035 644.974 363.531 19518 -105.594
9761 801.744 643.116 363.459 19520 -105.48
9762 802.451 641.256 363.387 19522 -105.805
9763 803.158 639.395 363.315 19524 -105.983
9764 803.864 637.532 363.244 19526 -106.939
9765 804.569 635.668 363.173 19528 -107.186
9766 805.273 633.802 363.103 19530 -107.764
9767 805.976 631.935 363.033 19532 -108.225
9768 806.678 630.067 362.963 19534 -109.039
9769 807.38 628.197 362.893 19536 -110.544
9770 808.08 626.326 362.824 19538 -111.003
9771 808.779 624.454 362.755 19540 -111.766
9772 809.474 622.592 362.687 19542 -114.453
9773 810.167 620.728 362.62 19544 -115.092
9774 810.859 618.864 362.552 19546 -115.569
9775 811.55 616.998 362.485 19548 -116.824
9776 812.241 615.131 362.418 19550 -114.216
9777 812.93 613.263 362.352 19552 -114.065
9778 813.619 611.394 362.286 19554 -112.096
9779 814.306 609.524 362.22 19556 -110.374
9780 814.992 607.653 362.155 19558 -109.8
9781 815.677 605.781 362.09 19560 -108.005
9782 816.362 603.907 362.025 19562 -107.263
9783 817.045 602.033 361.961 19564 -106.092
9784 817.727 600.158 361.897 19566 -105.394
9785 818.408 598.282 361.833 19568 -104.63
9786 819.088 596.405 361.77 19570 -103.841
9787 819.767 594.528 361.707 19572 -103.595
9788 820.444 592.649 361.645 19574 -102.793
9789 821.121 590.77 361.583 19576 -102.895
9790 821.797 588.89 361.521 19578 -102.152
9791 822.471 587.009 361.459 19580 -102.145
9792 823.144 585.127 361.398 19582 -101.848
9793 823.816 583.245 361.337 19584 -102.197
9794 824.487 581.362 361.277 19586 -101.856
9795 825.153 579.49 361.217 19588 -102.261
9796 825.817 577.617 361.158 19590 -102.469
9797 826.48 575.744 361.099 19592 -102.611
9798 827.142 573.87 361.04 19594 -103.409
9799 827.803 571.995 360.981 19596 -103.643
9800 828.463 570.121 360.924 19598 -104.778
9801 829.121 568.245 360.866 19600 -105.4
9802 829.778 566.369 360.809 19602 -106.798
9803 830.434 564.493 360.752 19604 -108.4
9804 831.089 562.616 360.695 19606 -109.616
9805 831.742 560.739 360.639 19608 -112.119
9806 832.394 558.862 360.583 19610 -113.583
9807 833.045 556.984 360.528 19612 -113.438
9808 833.695 555.106 360.473 19614 -111.531
9809 834.343 553.227 360.418 19616 -109.733
9810 834.994 551.337 360.363 19618 -108.453
9811 835.643 549.447 360.309 19620 -105.874
9812 836.291 547.556 360.255 19622 -104.15
9813 836.938 545.665 360.201 19624 -103.664
9814 837.584 543.774 360.148 19626 -102.768
9815 838.228 541.883 360.095 19628 -101.695
9816 838.871 539.991 360.043 19630 -101.09
9817 839.512 538.1 359.991 19632 -100.849
9818 840.152 536.209 359.939 19634 -100.569
9819 840.79 534.317 359.887 19636 -100.325
9820 841.427 532.426 359.836 19638 -100.189
9821 842.063 530.534 359.786 19640 -100.156
9822 842.697 528.643 359.736 19642 -100.481
9823 843.329 526.752 359.686 19644 -101.068
9824 843.96 524.86 359.636 19646 -101.608
9825 844.59 522.969 359.587 19648 -102.034
9826 845.218 521.078 359.538 19650 -103.185
9827 845.845 519.188 359.49 19652 -104.289
9828 846.47 517.297 359.442 19654 -105.732
9829 847.094 515.407 359.395 19656 -108.326
9830 847.716 513.517 359.347 19658 -110.266
9831 848.336 511.627 359.301 19660 -111.493
9832 848.955 509.737 359.254 19662 -111.744
9833 849.573 507.848 359.208 19664 -109.018
9834 850.192 505.948 359.162 19666 -106.724
9835 850.81 504.048 359.117 19668 -104.996
9836 851.426 502.148 359.072 19670 -103.395
9837 852.041 500.249 359.027 19672 -101.876
9838 852.654 498.35 358.983 19674 -101.059
9839 853.266 496.452 358.939 19676 -100.173
9840 853.875 494.555 358.895 19678 -99.4652
9841 854.484 492.657 358.852 19680 -98.9844
9842 855.09 490.761 358.809 19682 -98.9191
9843 855.695 488.865 358.767 19684 -98.9974
9844 856.298 486.97 358.725 19686 -99.0447
9845 856.899 485.075 358.684 19688 -99.3497
9846 857.502 483.17 358.642 19690 -99.6231
9847 858.104 481.265 358.601 19692 -99.948
9848 858.703 479.361 358.561 19694 -100.586
9849 859.301 477.457 358.521 19696 -101.491
9850 859.897 475.555 358.481 19698 -102.803
9851 860.492 473.653 358.442 19700 -105.016
9852 861.084 471.752 358.403 19702 -108.806
9853 861.675 469.853 358.364 19704 -114.564
9854 862.264 467.954 358.326 19706 -110.656
9855 862.854 466.044 358.288 19708 -106.264
9856 863.443 464.135 358.251 19710 -104.157
9857 864.03 462.228 358.214 19712 -103.767
9858 864.615 460.321 358.177 19714 -103.353
9859 865.198 458.415 358.141 19716 -101.076
9860 865.779 456.511 358.105 19718 -99.2486
9861 866.358 454.608 358.07 19720 -99.2088
9862 866.935 452.705 358.035 19722 -98.8452
9863 867.514 450.793 358 19724 -97.7435
9864 868.091 448.881 357.966 19726 -97.5463
9865 868.666 446.971 357.932 19728 -97.9751
9866 869.238 445.063 357.899 19730 -97.8242
9867 869.809 443.155 357.866 19732 -98.4146
9868 870.378 441.249 357.833 19734 -98.9066
9869 870.948 439.332 357.801 19736 -98.7998
9870 871.516 437.418 357.769 19738 -100.695
9871 872.081 435.504 357.738 19740 -100.959
9872 872.645 433.592 357.707 19742 -104.17
9873 873.207 431.681 357.677 19744 -104.731
9874 873.766 429.772 357.647 19746 -105.356
9875 874.327 427.853 357.617 19748 -112.357
9876 874.886 425.936 357.588 19750 -108.186
9877 875.442 424.02 357.559 19752 -104.008
9878 875.996 422.106 357.53 19754 -105.407
9879 876.548 420.194 357.503 19756 -103.087
9880 877.098 418.283 357.475 19758 -99.8532
9881 877.649 416.363 357.448 19760 -99.0506
9882 878.197 414.444 357.421 19762 -99.462
9883 878.743 412.527 357.395 19764 -98.4494
9884 879.287 410.613 357.369 19766 -96.9451
9885 879.829 408.699 357.344 19768 -96.4522
9886 880.371 406.777 357.319 19770 -97.0667
9887 880.911 404.857 357.295 19772 -97.6636
9888 881.449 402.938 357.271 19774 -97.5635
9889 881.984 401.022 357.247 19776 -97.5435
9890 882.521 399.096 357.224 19778 -98.1212
9891 883.054 397.172 357.202 19780 -98.8166
9892 883.585 395.251 357.179 19782 -99.5011
9893 884.114 393.332 357.158 19784 -100.712
9894 884.644 391.403 357.136 19786 -102.242
9895 885.17 389.477 357.116 19788 -104.06
9896 885.695 387.554 357.095 19790 -105.437
9897 886.217 385.632 357.075 19792 -106.062
9898 886.739 383.702 357.056 19794 -106.23
9899 887.258 381.774 357.037 19796 -106.018
9900 887.776 379.848 357.019 19798 -104.462
9901 888.29 377.925 357.001 19800 -101.784
9902 888.805 375.994 356.983 19802 -99.6523
9903 889.317 374.065 356.966 19804 -98.0673
9904 889.826 372.138 356.95 19806 -97.269
9905 890.333 370.215 356.934 19808 -97.4498
9906 890.84 368.282 356.919 19810 -97.4729
9907 891.344 366.353 356.904 19812 -96.6303
9908 891.846 364.426 356.889 19814 -95.7691
9909 892.347 362.491 356.875 19816 -96.4083
9910 892.846 360.559 356.862 19818 -97.302
9911 893.342 358.63 356.849 19820 -96.5821
9912 893.837 356.693 356.837 19822 -96.9157
9913 894.33 354.758 356.825 19824 -98.9565
9914 894.82 352.827 356.813 19826 -99.0475
9915 895.31 350.888 356.802 19828 -99.73
9916 895.797 348.952 356.792 19830 -102.307
9917 896.28 347.019 356.782 19832 -102.462
9918 896.764 345.079 356.773 19834 -105.994
9919 897.244 343.142 356.765 19836 -106.391
9920 897.722 341.208 356.757 19838 -106.443
9921 898.199 339.266 356.749 19840 -104.956
9922 898.673 337.328 356.742 19842 -103.205
9923 899.144 335.394 356.736 19844 -101.889
9924 899.614 333.452 356.73 19846 -100.086
9925 900.081 331.514 356.725 19848 -99.0839
9926 900.544 329.579 356.72 19850 -97.8566
9927 901.008 327.637 356.716 19852 -97.1905
9928 901.467 325.699 356.712 19854 -97.0947
9929 901.926 323.754 356.709 19856 -95.8988
9930 902.382 321.813 356.707 19858 -96.746
9931 902.834 319.876 356.705 19860 -95.4294
9932 903.286 317.932 356.704 19862 -95.9374
9933 903.734 315.992 356.704 19864 -96.6366
9934 904.181 314.046 356.704 19866 -95.8483
9935 904.624 312.103 356.705 19868 -97.215
9936 905.067 310.155 356.706 19870 -98.0923
9937 905.505 308.21 356.708 19872 -97.3232
9938 905.943 306.26 356.711 19874 -98.9887
9939 906.377 304.313 356.714 19876 -101.572
9940 906.809 302.361 356.718 19878 -101.5
9941 907.238 300.413 356.723 19880 -102.002
9942 907.666 298.459 356.728 19882 -104.306
9943 908.089 296.51 356.734 19884 -106.928
9944 908.511 294.555 356.741 19886 -107.162
9945 908.929 292.605 356.748 19888 -104.34
9946 909.346 290.65 356.756 19890 -102.085
9947 909.759 288.699 356.765 19892 -100.564
9948 910.169 286.743 356.774 19894 -99.7157
9949 910.576 284.792 356.784 19896 -99.1427
9950 910.981 282.836 356.795 19898 -98.4116
9951 911.382 280.885 356.807 19900 -97.4861
9952 911.781 278.93 356.819 19902 -96.574
9953 912.175 276.979 356.832 19904 -96.0554
9954 912.568 275.024 356.846 19906 -95.7278
9955 912.958 273.064 356.861 19908 -95.5578
9956 913.344 271.11 356.877 19910 -95.5871
9957 913.727 269.151 356.893 19912 -95.7261
9958 914.108 267.188 356.91 19914 -96.1464
9959 914.485 265.231 356.928 19916 -96.6119
9960 914.859 263.27 356.946 19918 -97.1167
9961 915.231 261.305 356.966 19920 -97.6701
9962 915.598 259.346 356.986 19922 -98.3747
9963 915.962 257.383 357.007 19924 -99.1429
9964 916.323 255.417 357.03 19926 -100.059
9965 916.679 253.457 357.052 19928 -101.388
9966 917.033 251.494 357.076 19930 -103.13
9967 917.383 249.528 357.101 19932 -104.498
9968 917.73 247.559 357.127 19934 -104.736
9969 918.073 245.596 357.153 19936 -104.031
9970 918.411 243.631 357.181 19938 -103.11
9971 918.747 241.663 357.209 19940 -102.216
9972 919.079 239.692 357.238 19942 -102.162
9973 919.406 237.729 357.269 19944 -102.075
9974 919.729 235.763 357.3 19946 -101.599
9975 920.048 233.796 357.332 19948 -100.019
9976 920.363 231.826 357.365 19950 -98.2415
9977 920.675 229.855 357.4 19952 -96.8663
9978 920.982 227.882 357.435 19954 -96.129
9979 921.285 225.908 357.472 19956 -96.1095
9980 921.584 223.932 357.509 19958 -96.4273
9981 921.879 221.956 357.548 19960 -96.4582
9982 922.169 219.978 357.588 19962 -95.8004
9983 922.455 218 357.629 19964 -95.2246
9984 922.736 216.022 357.671 19966 -95.2985
9985 923.012 214.043 357.714 19968 -95.868
9986 923.283 212.064 357.759 19970 -96.275
9987 923.549 210.084 357.804 19972 -95.8588
9988 923.81 208.106 357.851 19974 -95.8473
9989 924.066 206.127 357.899 19976 -96.8419
9990 924.316 204.149 357.949 19978 -97.8689
9991 924.561 202.172 357.999 19980 -98.1443
9992 924.801 200.196 358.051 19982 -98.3944
9993 925.036 198.212 358.105 19984 -100.087
9994 925.265 196.23 358.16 19986 -101.301
9995 925.487 194.25 358.216 19988 -101.617
9996 925.705 192.263 358.273 19990 -102.543
9997 925.917 190.278 358.332 19992 -103.741
9998 926.122 188.295 358.393 19994 -103.659
9999 926.321 186.307 358.455 19996 -103.471
10000 926.513 184.322 358.519 19998 -104.69
10001 926.699 182.34 358.584 20000 -102.538
10002 926.879 180.353 358.651 20002 -101.912
10003 927.052 178.362 358.719 20004 -101.668
10004 927.217 176.374 358.789 20006 -99.6718
10005 927.376 174.383 358.861 20008 -99.1256
10006 927.527 172.397 358.935 20010 -99.0059
10007 927.671 170.408 359.01 20012 -97.1012
10008 927.807 168.415 359.088 20014 -97.6079
10009 927.935 166.429 359.167 20016 -96.6509
10010 928.055 164.441 359.248 20018 -95.9355
10011 928.166 162.451 359.331 20020 -96.4815
10012 928.27 160.46 359.416 20022 -95.3777
10013 928.364 158.468 359.504 20024 -95.7169
10014 928.45 156.476 359.593 20026 -95.6939
10015 928.526 154.485 359.685 20028 -95.084
10016 928.593 152.494 359.779 20030 -96.084
10017 928.649 150.504 359.875 20032 -95.0907
10018 928.696 148.509 359.973 20034 -96.2373
10019 928.733 146.516 360.075 20036 -95.5726
10020 928.759 144.526 360.178 20038 -96.3527
10021 928.774 142.532 360.284 20040 -96.5794
10022 928.777 140.542 360.393 20042 -96.492
10023 928.769 138.549 360.505 20044 -97.867
10024 928.748 136.555 360.62 20046 -97.1861
10025 928.715 134.56 360.737 20048 -99.0005
10026 928.669 132.564 360.858 20050 -98.1971
10027 928.61 130.569 360.982 20052 -100.214
10028 928.536 128.576 361.109 20054 -99.4595
10029 928.448 126.584 361.24 20056 -101.636
10030 928.345 124.595 361.374 20058 -100.668
10031 928.226 122.604 361.512 20060 -102.943
10032 928.092 120.618 361.653 20062 -101.766
10033 927.94 118.631 361.798 20064 -104.287
10034 927.77 116.645 361.948 20066 -102.788
10035 927.583 114.66 362.102 20068 -104.258
10036 927.376 112.679 362.26 20070 -102.958
10037 927.149 110.702 362.422 20072 -103.92
10038 926.903 108.73 362.589 20074 -101.763
10039 926.634 106.759 362.761 20076 -102.72
10040 926.342 104.791 362.938 20078 -100.789
10041 926.026 102.827 363.121 20080 -101.292
10042 925.686 100.869 363.309 20082 -99.8074
10043 925.319 98.9132 363.504 20084 -100.091
10044 924.925 96.967 363.704 20086 -98.7012
10045 924.502 95.0271 363.911 20088 -99.0879
10046 924.049 93.0956 364.124 20090 -98.2148
10047 923.563 91.1698 364.345 20092 -98.4445
10048 923.043 89.2523 364.573 20094 -97.5783
10049 922.487 87.3458 364.81 20096 -97.663
10050 921.893 85.4532 365.054 20098 -97.222
10051 921.261 83.5772 365.306 20100 -97.352
10052 920.587 81.7166 365.568 20102 -96.8447
10053 919.868 79.8747 365.839 20104 -96.8792
10054 919.101 78.0509 366.12 20106 -96.4147
10055 918.285 76.2493 366.412 20108 -96.4135
10056 917.415 74.4742 366.714 20110 -96.1134
10057 916.489 72.733 367.027 20112 -96.3776
10058 915.494 71.0281 367.347 20114 -96.2306
10059 914.435 69.3659 367.675 20116 -96.6042
10060 913.313 67.7459 368.009 20118 -96.1461
10061 912.132 66.1711 368.349 20120 -96.3602
10062 910.893 64.6407 368.695 20122 -95.7923
10063 909.6 63.1572 369.045 20124 -96.5657
10064 908.259 61.7229 369.4 20126 -96.1003
10065 906.867 60.3334 369.759 20128 -96.6923
10066 905.432 58.9909 370.121 20130 -96.2138
10067 903.957 57.6971 370.485 20132 -96.225
10068 902.442 56.4479 370.853 20134 -96.8965
10069 900.893 55.2449 371.222 20136 -96.4479
10070 899.307 54.0842 371.594 20138 -96.4612
10071 897.692 52.9674 371.967 20140 -97.0837
10072 896.048 51.8931 372.341 20142 -96.9188
10073 894.378 50.8602 372.717 20144 -96.5754
10074 892.685 49.8675 373.093 20146 -97.1501
10075 890.97 48.9138 373.469 20148 -97.6577
10076 889.236 47.998 373.845 20150 -97.3273
10077 887.483 47.119 374.222 20152 -97.0513
10078 885.715 46.2756 374.598 20154 -97.423
10079 883.928 45.4648 374.975 20156 -97.5997
10080 882.129 44.6876 375.351 20158 -98.0353
10081 880.314 43.941 375.728 20160 -98.6124
10082 878.49 43.2262 376.103 20162 -98.7152
10083 876.653 42.5402 376.479 20164 -99.056
10084 874.806 41.8824 376.854 20166 -99.4172
10085 872.948 41.2518 377.228 20168 -99.3901
10086 871.082 40.6478 377.602 20170 -99.8889
10087 869.209 40.0695 377.976 20172 -100.211
10088 867.324 39.5147 378.349 20174 -100.447
10089 865.435 38.9842 378.722 20176 -101.286
10090 863.541 38.4774 379.093 20178 -101.457
10091 861.639 37.9922 379.465 20180 -101.594
10092 859.73 37.528 379.836 20182 -101.854
10093 857.821 37.0855 380.205 20184 -101.592
10094 855.905 36.6629 380.574 20186 -101.718
10095 853.986 36.2597 380.943 20188 -102.556
10096 852.062 35.8752 381.31 20190 -103.96
10097 850.135 35.5091 381.677 20192 -104.728
10098 848.207 35.1609 382.044 20194 -105.25
10099 846.27 34.8289 382.41 20196 -103.864
10100 844.333 34.5139 382.775 20198 -103.734
10101 842.396 34.2154 383.14 20200 -105.699
10102 840.453 33.9321 383.504 20202 -106.283
10103 838.505 33.6635 383.868 20204 -104.54
10104 836.559 33.4103 384.231 20206 -103.812
10105 834.609 33.1711 384.594 20208 -105.368
10106 832.656 32.9457 384.956 20210 -103.999
10107 830.706 32.7345 385.317 20212 -102.735
10108 828.754 32.5364 385.678 20214 -103.24
10109 826.8 32.3511 386.038 20216 -102.607
10110 824.845 32.1783 386.397 20218 -101.135
10111 822.888 32.0177 386.756 20220 -102.316
10112 820.932 31.869 387.115 20222 -100.296
10113 818.975 31.7319 387.472 20224 -100.581
10114 817.011 31.6058 387.831 20226 -100.449
10115 815.048 31.4909 388.188 20228 -98.9562
10116 813.087 31.3868 388.545 20230 -100.148
10117 811.127 31.2934 388.901 20232 -98.3748
10118 809.161 31.2101 389.258 20234 -99.1722
10119 807.198 31.1369 389.613 20236 -97.9882
10120 805.238 31.0737 389.968 20238 -98.7166
10121 803.273 31.0199 390.323 20240 -97.3038
10122 801.312 30.9756 390.676 20242 -98.4996
10123 799.346 30.9405 391.03 20244 -97.0652
10124 797.385 30.9144 391.383 20246 -97.7284
10125 795.421 30.8971 391.736 20248 -97.2875
10126 793.454 30.8884 392.089 20250 -97.0371
10127 791.492 30.8882 392.441 20252 -97.5017
10128 789.527 30.8962 392.793 20254 -96.6485
10129 787.56 30.9125 393.146 20256 -97.5099
10130 785.599 30.9366 393.496 20258 -96.9182
10131 783.637 30.9685 393.847 20260 -96.8065
10132 781.672 31.0081 394.198 20262 -97.8462
10133 779.707 31.0553 394.548 20264 -96.893
10134 777.741 31.1099 394.899 20266 -97.0135
10135 775.774 31.1719 395.249 20268 -98.1075
10136 773.806 31.241 395.6 20270 -97.612
10137 771.846 31.3168 395.949 20272 -97.3312
10138 769.885 31.3995 396.297 20274 -98.2468
10139 767.925 31.489 396.646 20276 -98.7883
10140 765.965 31.585 396.994 20278 -98.2908
10141 764.005 31.6876 397.342 20280 -98.5033
10142 762.046 31.7966 397.689 20282 -99.4142
10143 760.088 31.9119 398.037 20284 -99.8752
10144 758.123 32.0338 398.385 20286 -100.118
10145 756.158 32.1618 398.734 20288 -100.155
10146 754.195 32.2959 399.081 20290 -100.715
10147 752.233 32.4358 399.429 20292 -101.788
10148 750.273 32.5814 399.776 20294 -102.369
10149 748.315 32.7327 400.123 20296 -102.667
10150 746.359 32.8896 400.469 20298 -103.056
10151 744.396 33.0526 400.816 20300 -103.712
10152 742.435 33.221 401.163 20302 -104.454
10153 740.477 33.3946 401.51 20304 -105.173
10154 738.522 33.5734 401.855 20306 -105.681
10155 736.569 33.7573 402.201 20308 -106.125
10156 734.61 33.9469 402.547 20310 -106.049
10157 732.655 34.1415 402.893 20312 -105.758
10158 730.702 34.3409 403.238 20314 -105.957
10159 728.744 34.5458 403.584 20316 -105.484
10160 726.789 34.7555 403.93 20318 -104.863
10161 724.838 34.9696 404.275 20320 -104.627
10162 722.882 35.1892 404.62 20322 -104.035
10163 720.93 35.4133 404.966 20324 -103.314
10164 718.981 35.6416 405.31 20326 -102.709
10165 717.028 35.8751 405.656 20328 -102.27
10166 715.078 36.1128 406 20330 -101.614
10167 713.124 36.3557 406.346 20332 -101.052
10168 711.175 36.6026 406.691 20334 -100.605
10169 709.23 36.8535 407.035 20336 -100.25
10170 707.28 37.1093 407.38 20338 -99.6992
10171 705.335 37.3689 407.724 20340 -99.4316
10172 703.386 37.6334 408.069 20342 -99.102
10173 701.442 37.9015 408.413 20344 -98.8072
10174 699.494 38.1745 408.758 20346 -98.4716
10175 697.551 38.4509 409.102 20348 -98.2968
10176 695.605 38.7321 409.447 20350 -98.0798
10177 693.663 39.0166 409.791 20352 -97.9138
10178 691.718 39.3058 410.136 20354 -97.7141
10179 689.778 39.5982 410.48 20356 -97.6736
10180 687.835 39.8952 410.825 20358 -97.6024
10181 685.889 40.1967 411.17 20360 -97.4372
10182 683.948 40.5012 411.515 20362 -97.4857
10183 682.004 40.8102 411.86 20364 -97.4296
10184 680.066 41.1221 412.205 20366 -97.4885
10185 678.125 41.4384 412.55 20368 -97.5103
10186 676.19 41.7574 412.894 20370 -97.4666
10187 674.252 42.0808 413.239 20372 -97.6144
10188 672.311 42.4084 413.584 20374 -97.7502
10189 670.376 42.7386 413.929 20376 -97.7282
10190 668.439 43.073 414.274 20378 -97.9028
10191 666.499 43.4115 414.62 20380 -98.081
10192 664.566 43.7525 414.964 20382 -98.2699
10193 662.63 44.0975 415.31 20384 -98.5095
10194 660.692 44.4466 415.656 20386 -98.8595
10195 658.761 44.798 416.001 20388 -99.0663
10196 656.827 45.1534 416.346 20390 -99.3635
10197 654.891 45.5127 416.693 20392 -99.7734
10198 652.962 45.8741 417.038 20394 -100.128
10199 651.031 46.2394 417.384 20396 -100.426
10200 649.098 46.6086 417.73 20398 -100.803
10201 647.172 46.9797 418.075 20400 -101.386
10202 645.244 47.3546 418.421 20402 -101.996
10203 643.315 47.7333 418.768 20404 -102.517
10204 641.383 48.1156 419.115 20406 -102.944
10205 639.459 48.4998 419.461 20408 -103.457
10206 637.534 48.8876 419.807 20410 -104.076
10207 635.607 49.2791 420.154 20412 -104.797
10208 633.678 49.6741 420.502 20414 -105.427
10209 631.757 50.0708 420.848 20416 -106.032
10210 629.835 50.471 421.195 20418 -106.268
10211 627.911 50.8747 421.542 20420 -106.663
10212 625.986 51.2819 421.89 20422 -106.865
10213 624.069 51.6905 422.237 20424 -107.051
10214 622.151 52.1025 422.584 20426 -106.73
10215 620.231 52.518 422.932 20428 -106.563
10216 618.311 52.9368 423.28 20430 -105.975
10217 616.389 53.359 423.629 20432 -105.759
10218 614.467 53.7845 423.978 20434 -105.047
10219 612.553 54.2112 424.326 20436 -104.37
10220 610.638 54.6412 424.675 20438 -103.854
10221 608.722 55.0744 425.023 20440 -103.302
10222 606.805 55.5108 425.373 20442 -102.836
10223 604.888 55.9505 425.723 20444 -102.312
10224 602.97 56.3933 426.073 20446 -101.868
10225 601.061 56.8371 426.422 20448 -101.53
10226 599.152 57.2841 426.771 20450 -101.089
10227 597.241 57.7341 427.121 20452 -100.648
10228 595.331 58.1872 427.472 20454 -100.335
10229 593.42 58.6434 427.823 20456 -100.016
10230 591.508 59.1026 428.174 20458 -99.6707
10231 589.597 59.5648 428.525 20460 -99.3856
10232 587.685 60.03 428.877 20462 -99.1848
10233 585.773 60.4983 429.23 20464 -99.0148
10234 583.87 60.9671 429.581 20466 -98.8016
10235 581.967 61.4389 429.932 20468 -98.5661
10236 580.065 61.9136 430.284 20470 -98.4216
10237 578.162 62.3911 430.637 20472 -98.2975
10238 576.259 62.8715 430.989 20474 -98.1343
10239 574.356 63.3548 431.342 20476 -98.0215
10240 572.454 63.8409 431.696 20478 -97.8983
10241 570.552 64.3298 432.05 20480 -97.8127
10242 568.65 64.8215 432.404 20482 -97.7863
10243 566.748 65.316 432.758 20484 -97.7738
10244 564.847 65.8132 433.113 20486 -97.8465
10245 562.946 66.3132 433.468 20488 -97.8908
10246 561.046 66.8159 433.824 20490 -97.9437
10247 559.146 67.3212 434.18 20492 -97.9744
10248 557.247 67.8293 434.536 20494 -97.9579
10249 555.349 68.34 434.893 20496 -97.9827
10250 553.451 68.8534 435.25 20498 -97.9906
10251 551.554 69.3693 435.607 20500 -98.1226
10252 549.658 69.8879 435.965 20502 -98.2438
10253 547.762 70.4091 436.323 20504 -98.43
10254 545.868 70.9329 436.681 20506 -98.557
10255 543.974 71.4592 437.04 20508 -98.7123
10256 542.082 71.988 437.399 20510 -98.8692
10257 540.19 72.5193 437.758 20512 -99.1031
10258 538.3 73.0532 438.118 20514 -99.3697
10259 536.411 73.5895 438.477 20516 -99.6182
10260 534.523 74.1282 438.838 20518 -99.8287
10261 532.636 74.6694 439.198 20520 -100.06
10262 530.751 75.2131 439.559 20522 -100.401
10263 528.867 75.7591 439.92 20524 -100.77
10264 526.984 76.3075 440.281 20526 -101.061
10265 525.103 76.8583 440.642 20528 -101.344
10266 523.224 77.4114 441.004 20530 -101.675
10267 521.346 77.9669 441.366 20532 -102.152
10268 519.47 78.5246 441.729 20534 -102.473
10269 517.586 79.0875 442.093 20536 -102.85
10270 515.703 79.6526 442.458 20538 -103.237
10271 513.823 80.22 442.822 20540 -103.887
10272 511.945 80.7897 443.188 20542 -104.234
10273 510.068 81.3616 443.553 20544 -104.703
10274 508.193 81.9358 443.919 20546 -105.218
10275 506.321 82.5121 444.284 20548 -105.714
10276 504.45 83.0906 444.65 20550 -106.122
10277 502.582 83.6713 445.017 20552 -106.537
10278 500.706 84.257 445.385 20554 -107.155
10279 498.833 84.8449 445.754 20556 -107.196
10280 496.962 85.4349 446.122 20558 -107.578
10281 495.094 86.027 446.491 20560 -107.91
10282 493.228 86.6212 446.861 20562 -107.801
10283 491.364 87.2175 447.23 20564 -107.925
10284 489.494 87.8188 447.601 20566 -107.761
10285 487.626 88.4221 447.973 20568 -107.542
10286 485.761 89.0275 448.345 20570 -107.296
10287 483.899 89.6349 448.717 20572 -106.832
10288 482.039 90.2443 449.089 20574 -106.513
10289 480.174 90.8586 449.463 20576 -106.16
10290 478.311 91.475 449.837 20578 -105.691
10291 476.451 92.0933 450.212 20580 -105.358
10292 474.594 92.7135 450.586 20582 -104.939
10293 472.74 93.3356 450.961 20584 -104.388
10294 470.88 93.9627 451.338 20586 -104.059
10295 469.024 94.5917 451.715 20588 -103.723
10296 467.17 95.2226 452.092 20590 -103.205
10297 465.321 95.8553 452.469 20592 -103.038
10298 463.465 96.493 452.848 20594 -102.527
10299 461.613 97.1324 453.228 20596 -102.233
10300 459.764 97.7737 453.607 20598 -101.939
10301 457.911 98.4199 453.989 20600 -101.673
10302 456.06 99.0679 454.37 20602 -101.374
10303 454.214 99.7177 454.752 20604 -101.028
10304 452.371 100.369 455.134 20606 -100.923
10305 450.524 101.026 455.518 20608 -100.642
10306 448.68 101.684 455.901 20610 -100.406
10307 446.84 102.344 456.285 20612 -100.212
10308 444.996 103.008 456.671 20614 -100.027
10309 443.156 103.675 457.057 20616 -99.8896
10310 441.32 104.343 457.443 20618 -99.6799
10311 439.479 105.015 457.831 20620 -99.5672
10312 437.643 105.69 458.219 20622 -99.4191
10313 435.812 106.366 458.607 20624 -99.3285
10314 433.976 107.047 458.997 20626 -99.2316
10315 432.145 107.729 459.387 20628 -99.1098
10316 430.31 108.417 459.779 20630 -98.9557
10317 428.479 109.106 460.172 20632 -98.9721
10318 426.654 109.796 460.564 20634 -98.7852
10319 424.825 110.491 460.958 20636 -98.8192
10320 423.001 111.188 461.352 20638 -98.6657
10321 421.173 111.889 461.748 20640 -98.6355
10322 419.351 112.592 462.143 20642 -98.5591
10323 417.525 113.299 462.541 20644 -98.4971
10324 415.705 114.008 462.939 20646 -98.4558
10325 413.882 114.722 463.339 20648 -98.4018
10326 412.064 115.437 463.738 20650 -98.4693
10327 410.244 116.157 464.14 20652 -98.3457
10328 408.429 116.878 464.542 20654 -98.4167
10329 406.612 117.604 464.945 20656 -98.3311
10330 404.801 118.331 465.348 20658 -98.4657
10331 402.987 119.063 465.753 20660 -98.3767
10332 401.18 119.796 466.159 20662 -98.4431
10333 399.371 120.534 466.566 20664 -98.4775
10334 397.559 121.276 466.974 20666 -98.5393
10335 395.755 122.02 467.383 20668 -98.5871
10336 393.948 122.768 467.794 20670 -98.5338
10337 392.149 123.517 468.204 20672 -98.616
10338 390.347 124.271 468.616 20674 -98.6394
10339 388.545 125.03 469.03 20676 -98.6995
10340 386.75 125.79 469.444 20678 -98.7833
10341 384.954 126.554 469.86 20680 -98.7851
10342 383.157 127.322 470.277 20682 -98.8759
10343 381.367 128.092 470.695 20684 -98.9551
10344 379.577 128.866 471.114 20686 -99.0607
10345 377.787 129.645 471.535 20688 -99.2054
10346 375.996 130.428 471.957 20690 -99.2796
10347 374.214 131.212 472.38 20692 -99.4054
10348 372.432 132.001 472.804 20694 -99.5314
10349 370.65 132.794 473.23 20696 -99.6062
10350 368.868 133.591 473.657 20698 -99.7574
10351 367.087 134.393 474.087 20700 -99.8246
10352 365.315 135.196 474.516 20702 -99.9396
10353 363.544 136.002 474.947 20704 -100.11
10354 361.774 136.814 475.379 20706 -100.209
10355 360.006 137.629 475.813 20708 -100.401
10356 358.239 138.449 476.249 20710 -100.645
10357 356.474 139.273 476.686 20712 -100.76
10358 354.712 140.101 477.125 20714 -101.021
10359 352.951 140.933 477.566 20716 -101.273
10360 351.193 141.77 478.008 20718 -101.362
10361 349.438 142.611 478.452 20720 -101.602
10362 347.685 143.455 478.897 20722 -101.809
10363 345.936 144.304 479.344 20724 -101.912
10364 344.19 145.157 479.793 20726 -102.153
10365 342.448 146.014 480.243 20728 -102.441
10366 340.702 146.879 480.696 20730 -102.571
10367 338.961 147.747 481.151 20732 -102.974
10368 337.224 148.62 481.608 20734 -103.357
10369 335.492 149.496 482.066 20736 -103.433
10370 333.764 150.376 482.525 20738 -103.853
10371 332.035 151.264 482.988 20740 -104.172
10372 330.311 152.155 483.452 20742 -104.082
10373 328.593 153.051 483.918 20744 -104.389
10374 326.875 153.953 484.387 20746 -105.022
10375 325.162 154.86 484.857 20748 -105.306
10376 323.45 155.773 485.33 20750 -105.529
10377 321.745 156.69 485.805 20752 -106.064
10378 320.04 157.614 486.283 20754 -106.35
10379 318.343 158.542 486.763 20756 -106.212
10380 316.648 159.477 487.245 20758 -106.985
10381 314.954 160.419 487.731 20760 -107.601
10382 313.263 161.368 488.22 20762 -107.806
10383 311.582 162.32 488.71 20764 -108.048
10384 309.903 163.279 489.203 20766 -108.513
10385 308.228 164.244 489.699 20768 -108.663
10386 306.558 165.217 490.199 20770 -108.406
10387 304.892 166.196 490.701 20772 -108.714
10388 303.232 167.182 491.206 20774 -109.206
10389 301.578 168.174 491.714 20776 -109.425
10390 299.929 169.173 492.225 20778 -109.181
10391 298.282 170.182 492.741 20780 -108.91
10392 296.643 171.197 493.259 20782 -109.066
10393 295.011 172.219 493.781 20784 -109.053
10394 293.383 173.25 494.307 20786 -108.445
10395 291.764 174.287 494.835 20788 -108.269
10396 290.15 175.334 495.368 20790 -108.361
10397 288.541 176.39 495.906 20792 -107.763
10398 286.938 177.456 496.448 20794 -107.224
10399 285.343 178.531 496.995 20796 -106.848
10400 283.755 179.615 497.545 20798 -106.415
10401 282.176 180.708 498.101 20800 -106.285
10402 280.607 181.81 498.66 20802 -105.754
10403 279.049 182.921 499.223 20804 -105.205
10404 277.497 184.044 499.793 20806 -104.886
10405 275.958 185.175 500.366 20808 -104.575
10406 274.428 186.318 500.946 20810 -104.203
10407 272.909 187.473 501.531 20812 -103.758
10408 271.401 188.64 502.122 20814 -103.417
10409 269.907 189.818 502.718 20816 -103.318
10410 268.422 191.01 503.321 20818 -103.049
10411 266.949 192.217 503.932 20820 -102.708
10412 265.494 193.435 504.548 20822 -102.279
10413 264.053 194.666 505.171 20824 -102.119
10414 262.626 195.915 505.803 20826 -101.823
10415 261.218 197.177 506.441 20828 -101.526
10416 259.826 198.455 507.088 20830 -101.494
10417 258.455 199.75 507.743 20832 -101.357
10418 257.104 201.061 508.407 20834 -101.075
10419 255.775 202.39 509.08 20836 -100.922
10420 254.469 203.738 509.762 20838 -100.951
10421 253.19 205.104 510.454 20840 -100.856
10422 251.938 206.491 511.157 20842 -100.77
10423 250.715 207.898 511.87 20844 -100.895
10424 249.524 209.329 512.596 20846 -100.798
10425 248.368 210.782 513.334 20848 -100.87
10426 247.251 212.257 514.084 20850 -101.118
10427 246.175 213.756 514.846 20852 -101.186
10428 245.144 215.283 515.623 20854 -101.513
10429 244.163 216.835 516.415 20856 -101.782
10430 243.238 218.413 517.22 20858 -102.184
10431 242.372 220.018 518.04 20860 -102.774
10432 241.574 221.649 518.875 20862 -103.088
10433 240.85 223.305 519.725 20864 -103.95
10434 240.206 224.988 520.59 20866 -104.753
10435 239.651 226.694 521.469 20868 -105.758
10436 239.194 228.421 522.36 20870 -106.814
10437 238.848 230.169 523.264 20872 -108.252
10438 238.62 231.931 524.175 20874 -110.079
10439 238.504 233.703 525.091 20876 -111.711
10440 238.497 235.477 526.008 20878 -113.385
10441 238.59 237.251 526.925 20880 -115.518
10442 238.777 239.017 527.838 20882 -116.424
10443 239.052 240.776 528.747 20884 -116.005
10444 239.408 242.523 529.649 20886 -114.45
10445 239.839 244.257 530.544 20888 -112.765
10446 240.338 245.974 531.43 20890 -111.355
10447 240.9 247.678 532.309 20892 -110.065
10448 241.521 249.366 533.179 20894 -109.353
10449 242.195 251.037 534.04 20896 -108.326
10450 242.919 252.693 534.893 20898 -107.629
10451 243.689 254.334 535.737 20900 -107.309
10452 244.5 255.958 536.572 20902 -106.993
10453 245.35 257.567 537.399 20904 -106.747
10454 246.236 259.16 538.217 20906 -106.949
10455 247.154 260.737 539.027 20908 -107.236
10456 248.104 262.3 539.828 20910 -107.614
10457 249.083 263.849 540.622 20912 -108.039
10458 250.09 265.387 541.409 20914 -108.688
10459 251.12 266.909 542.188 20916 -109.612
10460 252.174 268.418 542.96 20918 -110.693
10461 253.252 269.918 543.726 20920 -112.449
10462 254.349 271.404 544.485 20922 -114.42
10463 255.466 272.879 545.237 20924 -116.483
10464 256.602 274.344 545.984 20926 -117.824
10465 257.755 275.798 546.724 20928 -117.61
10466 258.923 277.239 547.457 20930 -115.713
10467 260.109 278.672 548.186 20932 -113.831
10468 261.309 280.097 548.91 20934 -112.235
10469 262.524 281.513 549.628 20936 -110.881
10470 263.753 282.92 550.342 20938 -109.643
10471 264.993 284.317 551.049 20940 -108.726
10472 266.243 285.704 551.752 20942 -108.137
10473 267.507 287.085 552.45 20944 -107.536
10474 268.78 288.455 553.143 20946 -107.19
10475 270.064 289.819 553.831 20948 -107.278
10476 271.358 291.177 554.516 20950 -107.115
10477 272.662 292.527 555.196 20952 -107.32
10478 273.975 293.87 555.873 20954 -107.656
10479 275.297 295.205 556.544 20956 -108.316
10480 276.629 296.537 557.214 20958 -108.826
10481 277.969 297.862 557.879 20960 -109.854
10482 279.314 299.178 558.539 20962 -110.924
10483 280.669 300.49 559.197 20964 -112.449
10484 282.028 301.794 559.85 20966 -113.957
10485 283.396 303.093 560.5 20968 -116.529
10486 284.771 304.389 561.148 20970 -117.815
10487 286.155 305.68 561.792 20972 -118.642
10488 287.545 306.966 562.434 20974 -118.646
10489 288.941 308.247 563.072 20976 -115.867
10490 290.343 309.524 563.708 20978 -113.779
10491 291.751 310.795 564.34 20980 -112.743
10492 293.163 312.061 564.97 20982 -111.131
10493 294.58 313.322 565.596 20984 -110.111
10494 296.001 314.578 566.218 20986 -109.453
10495 297.426 315.827 566.838 20988 -108.728
10496 298.859 317.076 567.456 20990 -108.419
10497 300.295 318.319 568.071 20992 -108.105
10498 301.733 319.557 568.682 20994 -107.965
10499 303.179 320.792 569.292 20996 -108.085
10500 304.626 322.022 569.898 20998 -108.25
10501 306.08 323.25 570.503 21000 -108.581
10502 307.535 324.472 571.105 21002 -108.973
10503 308.996 325.693 571.705 21004 -109.869
10504 310.463 326.911 572.303 21006 -110.722
10505 311.93 328.123 572.898 21008 -111.578
10506 313.402 329.334 573.491 21010 -112.991
10507 314.88 330.542 574.082 21012 -114.522
10508 316.356 331.743 574.67 21014 -117.185
10509 317.837 332.942 575.256 21016 -118.679
10510 319.323 334.139 575.84 21018 -120.128
10511 320.812 335.334 576.422 21020 -120.284
10512 322.306 336.527 577.003 21022 -118.148
10513 323.803 337.717 577.582 21024 -116.735
10514 325.303 338.905 578.159 21026 -115.195
10515 326.807 340.09 578.735 21028 -113.627
10516 328.314 341.273 579.308 21030 -112.495
10517 329.824 342.453 579.88 21032 -111.36
10518 331.336 343.63 580.45 21034 -110.615
10519 332.851 344.805 581.018 21036 -110.221
10520 334.368 345.977 581.584 21038 -109.833
10521 335.887 347.147 582.147 21040 -109.669
10522 337.407 348.313 582.709 21042 -109.538
10523 338.93 349.476 583.269 21044 -109.61
10524 340.454 350.637 583.827 21046 -109.646
10525 341.979 351.794 584.383 21048 -110.106
10526 343.505 352.948 584.936 21050 -110.582
10527 345.039 354.105 585.49 21052 -111.074
10528 346.573 355.258 586.042 21054 -111.867
10529 348.108 356.407 586.592 21056 -112.913
10530 349.644 357.554 587.139 21058 -113.592
10531 351.187 358.702 587.687 21060 -115.139
10532 352.729 359.847 588.232 21062 -117.025
10533 354.272 360.989 588.775 21064 -118.838
10534 355.815 362.127 589.316 21066 -120.617
10535 357.364 363.266 589.857 21068 -122.414
10536 358.912 364.403 590.395 21070 -122.965
10537 360.46 365.535 590.932 21072 -120.916
10538 362.015 366.669 591.468 21074 -119.039
10539 363.568 367.8 592.002 21076 -117.324
10540 365.127 368.932 592.536 21078 -116.288
10541 366.686 370.06 593.068 21080 -115.037
10542 368.242 371.184 593.597 21082 -114.037
10543 369.805 372.31 594.127 21084 -113.129
10544 371.366 373.432 594.653 21086 -112.869
10545 372.933 374.555 595.18 21088 -112.408
10546 374.498 375.675 595.704 21090 -111.982
10547 376.068 376.795 596.229 21092 -111.682
10548 377.636 377.912 596.75 21094 -111.871
10549 379.209 379.03 597.272 21096 -111.958
10550 380.78 380.144 597.791 21098 -112.022
10551 382.356 381.259 598.31 21100 -112.14
10552 383.93 382.37 598.827 21102 -112.741
10553 385.508 383.482 599.343 21104 -113.393
10554 387.083 384.59 599.856 21106 -113.99
10555 388.664 385.699 600.37 21108 -114.633
10556 390.241 386.803 600.881 21110 -115.518
10557 391.822 387.909 601.391 21112 -116.852
10558 393.401 389.011 601.899 21114 -118.22
10559 394.984 390.113 602.407 21116 -119.907
10560 396.571 391.216 602.914 21118 -121.506
10561 398.154 392.315 603.419 21120 -123.693
10562 399.742 393.415 603.924 21122 -125.035
10563 401.334 394.516 604.428 21124 -125.872
10564 402.922 395.612 604.929 21126 -124.866
10565 404.513 396.709 605.431 21128 -123.582
10566 406.101 397.802 605.929 21130 -121.681
10567 407.693 398.895 606.427 21132 -120.137
10568 409.288 399.989 606.925 21134 -118.584
10569 410.878 401.079 607.42 21136 -117.724
10570 412.473 402.169 607.914 21138 -116.733
10571 414.071 403.26 608.408 21140 -116.243
10572 415.672 404.351 608.902 21142 -115.687
10573 417.268 405.438 609.393 21144 -115.391
10574 418.868 406.526 609.884 21146 -115.073
10575 420.471 407.614 610.374 21148 -114.992
10576 422.069 408.698 610.861 21150 -115.111
10577 423.67 409.782 611.347 21152 -115.081
10578 425.274 410.866 611.834 21154 -115.332
10579 426.881 411.951 612.319 21156 -115.411
10580 428.482 413.031 612.802 21158 -115.669
10581 430.087 414.112 613.285 21160 -115.825
10582 431.694 415.193 613.766 21162 -116.428
10583 433.303 416.275 614.248 21164 -117.027
10584 434.908 417.352 614.726 21166 -117.712
10585 436.515 418.429 615.204 21168 -118.95
10586 438.124 419.506 615.681 21170 -119.686
10587 439.735 420.584 616.158 21172 -120.814
10588 441.349 421.663 616.633 21174 -121.815
10589 442.957 422.736 617.106 21176 -123.021
10590 444.567 423.81 617.579 21178 -124.763
10591 446.18 424.883 618.051 21180 -126.758
10592 447.794 425.958 618.522 21182 -129.364
10593 449.41 427.032 618.992 21184 -130.337
10594 451.029 428.107 619.462 21186 -130.964
10595 452.641 429.176 619.929 21188 -129.548
10596 454.255 430.246 620.395 21190 -128.592
10597 455.87 431.316 620.86 21192 -126.583
10598 457.488 432.386 621.325 21194 -125.212
10599 459.107 433.457 621.789 21196 -124.219
10600 460.727 434.527 622.252 21198 -123.674
10601 462.35 435.598 622.714 21200 -122.646
10602 463.973 436.668 623.176 21202 -121.671
10603 465.59 437.734 623.634 21204 -121.445
10604 467.209 438.799 624.092 21206 -121.025
10605 468.828 439.865 624.549 21208 -120.599
10606 470.449 440.931 625.005 21210 -120.503
10607 472.071 441.996 625.46 21212 -120.309
10608 473.694 443.062 625.915 21214 -120.281
10609 475.319 444.128 626.368 21216 -120.247
10610 476.944 445.193 626.821 21218 -120.316
10611 478.57 446.259 627.273 21220 -120.45
10612 480.198 447.324 627.724 21222 -120.468
10613 481.826 448.39 628.174 21224 -120.866
10614 483.455 449.455 628.623 21226 -121.04
10615 485.085 450.52 629.072 21228 -121.469
10616 486.715 451.585 629.519 21230 -121.966
10617 488.346 452.65 629.966 21232 -122.21
10618 489.978 453.715 630.411 21234 -122.88
10619 491.61 454.78 630.855 21236 -123.316
10620 493.243 455.844 631.299 21238 -123.979
10621 494.877 456.909 631.741 21240 -124.87
10622 496.51 457.973 632.183 21242 -125.433
10623 498.144 459.036 632.623 21244 -126.455
10624 499.779 460.1 633.063 21246 -127.327
10625 501.413 461.163 633.501 21248 -128.37
10626 503.048 462.226 633.938 21250 -129.755
10627 504.683 463.289 634.375 21252 -130.706
10628 506.318 464.351 634.81 21254 -132.577
10629 507.952 465.413 635.244 21256 -133.88
10630 509.587 466.475 635.677 21258 -135.751
10631 511.222 467.536 636.109 21260 -137.817
10632 512.857 468.597 636.539 21262 -138.499
10633 514.491 469.657 636.969 21264 -140.196
10634 516.125 470.717 637.397 21266 -139.027
10635 517.759 471.776 637.825 21268 -138.627
10636 519.393 472.836 638.251 21270 -137.201
10637 521.026 473.894 638.676 21272 -135.879
10638 522.659 474.952 639.099 21274 -135.116
10639 524.291 476.01 639.522 21276 -133.941
10640 525.931 477.072 639.945 21278 -133.494
10641 527.57 478.134 640.367 21280 -132.703
10642 529.208 479.195 640.788 21282 -132.184
10643 530.846 480.256 641.207 21284 -131.938
10644 532.483 481.316 641.625 21286 -131.405
10645 534.119 482.375 642.042 21288 -131.261
10646 535.754 483.434 642.458 21290 -131.094
10647 537.388 484.492 642.872 21292 -130.81
10648 539.03 485.555 643.287 21294 -130.864
10649 540.67 486.617 643.701 21296 -130.751
10650 542.309 487.678 644.113 21298 -130.661
10651 543.947 488.739 644.524 21300 -130.784
10652 545.584 489.799 644.933 21302 -130.7
10653 547.219 490.858 645.341 21304 -130.848
10654 548.861 491.922 645.75 21306 -130.947
10655 550.502 492.984 646.157 21308 -130.987
10656 552.141 494.046 646.562 21310 -131.275
10657 553.779 495.107 646.967 21312 -131.381
10658 555.415 496.168 647.369 21314 -131.636
10659 557.058 497.232 647.772 21316 -131.963
10660 558.699 498.296 648.174 21318 -132.208
10661 560.338 499.359 648.574 21320 -132.58
10662 561.975 500.421 648.972 21322 -132.939
10663 563.618 501.487 649.371 21324 -133.169
10664 565.26 502.552 649.768 21326 -133.621
10665 566.899 503.616 650.164 21328 -133.86
10666 568.537 504.679 650.558 21330 -134.199
10667 570.18 505.746 650.952 21332 -134.456
10668 571.821 506.812 651.345 21334 -134.766
10669 573.459 507.878 651.735 21336 -135.167
10670 575.104 508.947 652.126 21338 -135.655
10671 576.745 510.015 652.516 21340 -135.989
10672 578.385 511.082 652.903 21342 -136.605
10673 580.022 512.147 653.289 21344 -136.943
10674 581.664 513.217 653.675 21346 -137.784
10675 583.303 514.286 654.059 21348 -138.136
10676 584.94 515.353 654.441 21350 -138.555
10677 586.582 516.424 654.823 21352 -138.735
10678 588.221 517.494 655.204 21354 -139.084
10679 589.864 518.568 655.584 21356 -139.342
10680 591.505 519.64 655.962 21358 -139.916
10681 593.143 520.711 656.339 21360 -140.276
10682 594.785 521.786 656.715 21362 -140.781
10683 596.424 522.859 657.089 21364 -141.268
10684 598.06 523.931 657.461 21366 -141.768
10685 599.7 525.006 657.833 21368 -142.78
10686 601.336 526.08 658.203 21370 -143.034
10687 602.977 527.158 658.573 21372 -143.865
10688 604.614 528.234 658.941 21374 -143.642
10689 606.255 529.313 659.308 21376 -143.703
10690 607.892 530.391 659.673 21378 -143.553
10691 609.533 531.473 660.037 21380 -143.892
10692 611.17 532.552 660.4 21382 -144.581
10693 612.81 533.635 660.762 21384 -145.217
10694 614.447 534.717 661.121 21386 -146.293
10695 616.086 535.801 661.48 21388 -147.088
10696 617.722 536.884 661.837 21390 -147.984
10697 619.36 537.97 662.193 21392 -147.678
10698 620.994 539.055 662.546 21394 -147.534
10699 622.631 540.142 662.899 21396 -146.887
10700 624.263 541.227 663.25 21398 -146.734
10701 625.898 542.316 663.6 21400 -146.765
10702 627.535 543.407 663.948 21402 -147.92
10703 629.168 544.497 664.295 21404 -148.574
10704 630.802 545.589 664.64 21406 -148.138
10705 632.439 546.685 664.984 21408 -151.237
10706 634.071 547.778 665.326 21410 -152.623
10707 635.704 548.874 665.667 21412 -150.88
10708 637.339 549.973 666.006 21414 -151.439
10709 638.969 551.069 666.343 21416 -151.767
10710 640.6 552.168 666.678 21418 -149.652
10711 642.232 553.27 667.013 21420 -151.734
10712 643.866 554.374 667.345 21422 -150.567
10713 645.493 555.476 667.676 21424 -151.633
10714 647.121 556.581 668.004 21426 -152.665
10715 648.751 557.687 668.331 21428 -154.108
10716 650.38 558.796 668.657 21430 -153.314
10717 652.01 559.908 668.981 21432 -151.794
10718 653.634 561.016 669.302 21434 -151.288
10719 655.257 562.127 669.621 21436 -150.908
10720 656.881 563.24 669.939 21438 -150.216
10721 658.504 564.355 670.254 21440 -149.368
10722 660.127 565.472 670.568 21442 -149.421
10723 661.749 566.591 670.88 21444 -149.99
10724 663.371 567.712 671.19 21446 -150.625
10725 664.991 568.835 671.498 21448 -150.56
10726 666.611 569.959 671.803 21450 -150.73
10727 668.229 571.085 672.107 21452 -150.281
10728 669.845 572.213 672.408 21454 -149.927
10729 671.46 573.342 672.707 21456 -149.009
10730 673.079 574.477 673.005 21458 -148.773
10731 674.697 575.613 673.3 21460 -147.107
10732 676.311 576.751 673.593 21462 -146.219
10733 677.924 577.89 673.883 21464 -145.181
10734 679.533 579.03 674.17 21466 -144.691
10735 681.146 580.176 674.456 21468 -143.32
10736 682.755 581.323 674.739 21470 -143.419
10737 684.361 582.47 675.018 21472 -142.952
10738 685.969 583.623 675.296 21474 -143.141
10739 687.573 584.777 675.571 21476 -142.879
10740 689.179 585.936 675.844 21478 -142.905
10741 690.78 587.095 676.113 21480 -142.541
10742 692.382 588.259 676.38 21482 -142.084
10743 693.979 589.423 676.644 21484 -141.379
10744 695.576 590.592 676.904 21486 -139.987
10745 697.174 591.766 677.163 21488 -139.005
10746 698.765 592.939 677.417 21490 -138.339
10747 700.356 594.117 677.668 21492 -137.86
10748 701.945 595.298 677.916 21494 -137.692
10749 703.534 596.484 678.161 21496 -137.125
10750 705.12 597.674 678.403 21498 -136.468
10751 706.704 598.867 678.64 21500 -135.685
10752 708.285 600.064 678.875 21502 -135.187
10753 709.863 601.264 679.105 21504 -134.838
10754 711.437 602.467 679.331 21506 -134.688
10755 713.012 603.677 679.554 21508 -134.148
10756 714.583 604.89 679.772 21510 -132.894
10757 716.148 606.106 679.986 21512 -132.775
10758 717.713 607.329 680.196 21514 -132.389
10759 719.277 608.558 680.402 21516 -132.06
10760 720.833 609.789 680.603 21518 -131.376
10761 722.387 611.026 680.799 21520 -130.897
10762 723.938 612.268 680.989 21522 -130.457
10763 725.485 613.516 681.175 21524 -130.119
10764 727.027 614.769 681.356 21526 -129.652
10765 728.569 616.031 681.531 21528 -129.082
10766 730.104 617.298 681.7 21530 -128.734
10767 731.632 618.569 681.863 21532 -128.342
10768 733.156 619.848 682.02 21534 -127.906
10769 734.676 621.134 682.171 21536 -127.305
10770 736.19 622.427 682.314 21538 -127.047
10771 737.697 623.728 682.451 21540 -126.679
10772 739.201 625.038 682.58 21542 -126.284
10773 740.695 626.355 682.701 21544 -125.872
10774 742.183 627.681 682.815 21546 -125.754
10775 743.663 629.015 682.919 21548 -125.429
10776 745.138 630.361 683.015 21550 -125.217
10777 746.601 631.715 683.101 21552 -125.101
10778 748.056 633.08 683.177 21554 -124.921
10779 749.503 634.459 683.243 21556 -124.589
10780 750.937 635.846 683.297 21558 -124.511
10781 752.359 637.246 683.339 21560 -124.3
10782 753.771 638.66 683.368 21562 -124.292
10783 755.169 640.089 683.384 21564 -124.383
10784 756.55 641.53 683.385 21566 -124.264
10785 757.915 642.986 683.371 21568 -124.058
10786 759.263 644.459 683.339 21570 -123.999
10787 760.593 645.952 683.29 21572 -124.062
10788 761.9 647.462 683.22 21574 -124.349
10789 763.182 648.992 683.129 21576 -124.23
10790 764.436 650.542 683.014 21578 -124.682
10791 765.66 652.114 682.874 21580 -124.929
10792 766.85 653.712 682.705 21582 -124.979
10793 767.999 655.332 682.505 21584 -125.508
10794 769.104 656.982 682.27 21586 -126.129
10795 770.154 658.657 681.997 21588 -126.406
10796 771.145 660.363 681.68 21590 -127.269
10797 772.064 662.098 681.315 21592 -127.762
10798 772.9 663.866 680.895 21594 -128.543
10799 773.637 665.659 680.415 21596 -128.925
10800 774.257 667.478 679.868 21598 -129.031
10801 774.74 669.315 679.247 21600 -128.899
10802 775.063 671.159 678.547 21602 -126.715
10803 775.203 672.991 677.766 21604 -125.182
10804 775.143 674.794 676.904 21606 -122.537
10805 774.885 676.541 675.971 21608 -120.619
10806 774.446 678.219 674.98 21610 -119.116
10807 773.849 679.821 673.944 21612 -117.81
10808 773.115 681.342 672.877 21614 -116.65
10809 772.266 682.783 671.788 21616 -115.513
10810 771.317 684.151 670.683 21618 -114.923
10811 770.285 685.448 669.568 21620 -114.218
10812 769.184 686.68 668.447 21622 -113.954
10813 768.02 687.854 667.322 21624 -113.434
10814 766.807 688.971 666.196 21626 -113.177
10815 765.547 690.04 665.07 21628 -113.104
10816 764.249 691.062 663.944 21630 -112.743
10817 762.917 692.043 662.82 21632 -112.566
10818 761.557 692.983 661.7 21634 -112.515
10819 760.169 693.888 660.581 21636 -112.53
10820 758.759 694.76 659.465 21638 -112.479
10821 757.329 695.599 658.354 21640 -112.29
10822 755.878 696.412 657.244 21642 -112.336
10823 754.41 697.198 656.137 21644 -112.341
10824 752.929 697.958 655.034 21646 -112.41
10825 751.435 698.694 653.935 21648 -112.447
10826 749.927 699.409 652.838 21650 -112.456
10827 748.408 700.102 651.744 21652 -112.447
10828 746.878 700.777 650.653 21654 -112.579
10829 745.338 701.433 649.565 21656 -112.564
10830 743.787 702.073 648.478 21658 -112.575
10831 742.227 702.696 647.393 21660 -112.794
10832 740.659 703.303 646.311 21662 -112.945
10833 739.086 703.895 645.233 21664 -113.04
10834 737.505 704.473 644.157 21666 -113.193
10835 735.918 705.037 643.082 21668 -113.409
10836 734.326 705.588 642.011 21670 -113.488
10837 732.725 706.128 640.94 21672 -113.603
10838 731.122 706.655 639.873 21674 -113.931
10839 729.514 707.17 638.808 21676 -114.043
10840 727.901 707.675 637.745 21678 -114.173
10841 726.284 708.168 636.684 21680 -114.374
10842 724.659 708.653 635.623 21682 -114.644
10843 723.034 709.127 634.565 21684 -114.8
10844 721.402 709.592 633.508 21686 -114.943
10845 719.771 710.048 632.455 21688 -115.123
10846 718.136 710.494 631.403 21690 -115.442
10847 716.497 710.932 630.352 21692 -115.665
10848 714.856 711.362 629.304 21694 -115.817
10849 713.208 711.785 628.254 21696 -115.994
10850 711.558 712.2 627.207 21698 -116.225
10851 709.908 712.607 626.162 21700 -116.554
10852 708.253 713.007 625.117 21702 -116.836
10853 706.598 713.4 624.075 21704 -116.998
10854 704.939 713.786 623.034 21706 -117.291
10855 703.276 714.166 621.992 21708 -117.561
10856 701.615 714.538 620.955 21710 -117.973
10857 699.952 714.904 619.918 21712 -118.41
10858 698.286 715.265 618.882 21714 -118.71
10859 696.618 715.619 617.847 21716 -119.146
10860 694.949 715.967 616.814 21718 -119.176
10861 693.279 716.31 615.782 21720 -119.522
10862 691.602 716.648 614.748 21722 -119.674
10863 689.924 716.98 613.715 21724 -120.022
10864 688.247 717.307 612.685 21726 -120.45
10865 686.57 717.628 611.656 21728 -120.952
10866 684.888 717.945 610.626 21730 -121.36
10867 683.207 718.257 609.599 21732 -121.879
10868 681.521 718.564 608.57 21734 -122.075
10869 679.836 718.866 607.544 21736 -122.247
10870 678.148 719.164 606.517 21738 -122.525
10871 676.462 719.457 605.493 21740 -122.713
10872 674.772 719.745 604.468 21742 -123.236
10873 673.085 720.029 603.446 21744 -123.859
10874 671.395 720.309 602.424 21746 -124.182
10875 669.702 720.584 601.402 21748 -124.623
10876 668.006 720.856 600.379 21750 -124.817
10877 666.315 721.123 599.36 21752 -125.111
10878 664.621 721.386 598.34 21754 -125.635
10879 662.925 721.646 597.321 21756 -126.471
10880 661.227 721.902 596.302 21758 -126.854
10881 659.528 722.154 595.282 21760 -126.976
10882 657.827 722.402 594.263 21762 -127.219
10883 656.125 722.647 593.245 21764 -127.888
10884 654.422 722.888 592.226 21766 -128.412
10885 652.717 723.126 591.208 21768 -128.921
10886 651.013 723.36 590.191 21770 -129.126
10887 649.307 723.591 589.174 21772 -129.106
10888 647.602 723.818 588.158 21774 -129.718
10889 645.896 724.042 587.143 21776 -130.637
10890 644.191 724.262 586.129 21778 -130.78
10891 642.485 724.479 585.116 21780 -130.388
10892 640.78 724.693 584.103 21782 -130.91
10893 639.076 724.903 583.092 21784 -132.141
10894 637.365 725.111 582.078 21786 -132.143
10895 635.654 725.316 581.065 21788 -131.911
10896 633.945 725.517 580.053 21790 -132.814
10897 632.237 725.716 579.043 21792 -133.98
10898 630.531 725.911 578.034 21794 -134.309
10899 628.818 726.104 577.022 21796 -134.457
10900 627.107 726.293 576.012 21798 -135.067
10901 625.398 726.48 575.003 21800 -136.168
10902 623.683 726.664 573.992 21802 -136.311
10903 621.97 726.846 572.982 21804 -135.296
10904 620.26 727.024 571.974 21806 -135.824
10905 618.544 727.2 570.964 21808 -137.971
10906 616.83 727.373 569.955 21810 -138.545
10907 615.119 727.543 568.949 21812 -138.097
10908 613.403 727.711 567.94 21814 -139.582
10909 611.69 727.876 566.933 21816 -140.496
10910 609.972 728.039 565.924 21818 -139.387
10911 608.257 728.199 564.917 21820 -140.602
10912 606.545 728.356 563.912 21822 -144.161
10913 604.829 728.511 562.905 21824 -142.904
10914 603.116 728.663 561.901 21826 -142.362
10915 601.399 728.813 560.894 21828 -145.681
10916 599.685 728.96 559.889 21830 -145.16
10917 597.967 729.105 558.883 21832 -144.632
10918 596.253 729.248 557.879 21834 -148.624
10919 594.536 729.388 556.873 21836 -144.092
10920 592.814 729.526 555.865 21838 -142.333
10921 591.096 729.662 554.86 21840 -145.476
10922 589.375 729.795 553.853 21842 -141.606
10923 587.658 729.926 552.849 21844 -139.089
10924 585.937 730.055 551.843 21846 -140.41
10925 584.221 730.181 550.839 21848 -138.656
10926 582.501 730.305 549.834 21850 -136.344
10927 580.778 730.428 548.827 21852 -136.684
10928 579.06 730.547 547.824 21854 -135.616
10929 577.339 730.665 546.818 21856 -133.885
10930 575.623 730.78 545.816 21858 -133.91
10931 573.904 730.893 544.812 21860 -133.051
10932 572.181 731.004 543.806 21862 -131.668
10933 570.464 731.113 542.804 21864 -131.643
10934 568.745 731.22 541.8 21866 -130.924
10935 567.022 731.324 540.794 21868 -129.728
10936 565.305 731.427 539.792 21870 -129.715
10937 563.585 731.527 538.788 21872 -129.123
10938 561.863 731.625 537.783 21874 -128.074
10939 560.139 731.722 536.777 21876 -128.083
10940 558.42 731.816 535.774 21878 -127.576
10941 556.699 731.908 534.77 21880 -126.653
10942 554.975 731.998 533.765 21882 -126.727
10943 553.25 732.087 532.758 21884 -126.244
10944 551.53 732.173 531.755 21886 -125.464
10945 549.809 732.257 530.75 21888 -125.594
10946 548.085 732.339 529.745 21890 -125.151
10947 546.36 732.419 528.738 21892 -124.511
10948 544.641 732.497 527.735 21894 -124.696
10949 542.92 732.573 526.731 21896 -124.286
10950 541.198 732.648 525.726 21898 -123.778
10951 539.474 732.72 524.72 21900 -124.035
10952 537.748 732.79 523.713 21902 -123.654
10953 536.029 732.859 522.709 21904 -123.3
10954 534.308 732.925 521.705 21906 -123.627
10955 532.586 732.99 520.7 21908 -123.298
10956 530.863 733.052 519.694 21910 -123.082
10957 529.138 733.113 518.687 21912 -123.503
10958 527.412 733.172 517.679 21914 -123.221
10959 525.694 733.229 516.675 21916 -123.17
10960 523.974 733.284 515.671 21918 -123.709
10961 522.253 733.337 514.665 21920 -123.51
10962 520.531 733.388 513.659 21922 -123.616
10963 518.808 733.437 512.652 21924 -124.323
10964 517.085 733.485 511.645 21926 -124.216
10965 515.36 733.531 510.636 21928 -124.529
10966 513.635 733.574 509.627 21930 -125.471
10967 511.917 733.616 508.623 21932 -125.478
10968 510.199 733.656 507.617 21934 -126.039
10969 508.48 733.694 506.612 21936 -127.351
10970 506.76 733.731 505.605 21938 -127.514
10971 505.04 733.765 504.598 21940 -128.4
10972 503.32 733.798 503.591 21942 -130.303
10973 501.599 733.828 502.583 21944 -130.508
10974 499.878 733.857 501.574 21946 -131.849
10975 498.156 733.885 500.566 21948 -134.15
10976 496.435 733.91 499.556 21950 -133.254
10977 494.713 733.933 498.547 21952 -134.206
10978 492.991 733.955 497.537 21954 -133.791
10979 491.27 733.975 496.526 21956 -131.289
10980 489.548 733.993 495.515 21958 -130.965
10981 487.826 734.009 494.504 21960 -129.546
10982 486.104 734.023 493.493 21962 -127.569
10983 484.383 734.036 492.481 21964 -127.085
10984 482.662 734.046 491.47 21966 -126.283
10985 480.941 734.055 490.458 21968 -124.874
10986 479.221 734.062 489.445 21970 -124.464
10987 477.5 734.067 488.433 21972 -124.217
10988 475.781 734.071 487.421 21974 -123.284
10989 474.062 734.072 486.408 21976 -122.801
10990 472.343 734.072 485.395 21978 -122.9
10991 470.626 734.07 484.382 21980 -122.541
10992 468.908 734.066 483.37 21982 -122.053
10993 467.192 734.06 482.357 21984 -122.217
10994 465.476 734.052 481.344 21986 -122.489
10995 463.762 734.043 480.331 21988 -122.272
10996 462.048 734.031 479.318 21990 -122.288
10997 460.327 734.018 478.3 21992 -122.925
10998 458.607 734.003 477.283 21994 -123.431
10999 456.888 733.986 476.265 21996 -123.519
11000 455.17 733.967 475.248 21998 -124.053
11001 453.454 733.947 474.231 22000 -125.254
11002 451.738 733.924 473.214 22002 -126.261
11003 450.024 733.9 472.197 22004 -126.809
11004 448.312 733.874 471.181 22006 -127.953
11005 446.592 733.846 470.16 22008 -130.262
11006 444.874 733.816 469.139 22010 -132.659
11007 443.158 733.784 468.118 22012 -133.944
11008 441.444 733.75 467.098 22014 -136.038
11009 439.731 733.714 466.078 22016 -140.341
11010 438.019 733.677 465.058 22018 -139.552
11011 436.31 733.638 464.039 22020 -135.933
11012 434.594 733.596 463.016 22022 -134.45
11013 432.88 733.553 461.992 22024 -133.851
11014 431.169 733.508 460.97 22026 -132.497
11015 429.459 733.461 459.948 22028 -130.815
11016 427.751 733.412 458.926 22030 -129.809
11017 426.038 733.361 457.9 22032 -129.66
11018 424.326 733.308 456.875 22034 -130.074
11019 422.617 733.253 455.85 22036 -130.503
11020 420.911 733.196 454.826 22038 -130.625
11021 419.199 733.137 453.797 22040 -130.653
11022 417.489 733.076 452.769 22042 -131.064
11023 415.782 733.013 451.743 22044 -132.071
11024 414.077 732.948 450.716 22046 -133.71
11025 412.367 732.881 449.686 22048 -135.774
11026 410.66 732.812 448.656 22050 -138.403
11027 408.956 732.741 447.628 22052 -141.37
11028 407.247 732.668 446.595 22054 -143.97
11029 405.54 732.593 445.563 22056 -149.946
11030 403.837 732.516 444.532 22058 -151.376
11031 402.129 732.437 443.497 22060 -147.565
11032 400.424 732.355 442.463 22062 -145.457
11033 398.722 732.272 441.43 22064 -141.215
11034 397.016 732.186 440.394 22066 -143.19
11035 395.313 732.098 439.358 22068 -139.232
11036 393.614 732.009 438.323 22070 -139.107
11037 391.911 731.916 437.285 22072 -137.369
11038 390.211 731.822 436.248 22074 -134.201
11039 388.507 731.726 435.207 22076 -133.845
11040 386.807 731.627 434.167 22078 -130.902
11041 385.11 731.526 433.129 22080 -129.637
11042 383.41 731.423 432.087 22082 -128.832
11043 381.714 731.318 431.047 22084 -127.04
11044 380.015 731.21 430.003 22086 -126.578
11045 378.319 731.1 428.96 22088 -125.803
11046 376.621 730.987 427.914 22090 -125.499
11047 374.926 730.873 426.87 22092 -125.628
11048 373.229 730.756 425.822 22094 -125.595
11049 371.536 730.636 424.775 22096 -126.135
11050 369.84 730.514 423.726 22098 -126.719
11051 368.149 730.39 422.678 22100 -128.237
11052 366.455 730.263 421.627 22102 -130.356
11053 364.766 730.134 420.577 22104 -130.822
11054 363.075 730.003 419.525 22106 -130.027
11055 361.389 729.869 418.474 22108 -128.396
11056 359.701 729.732 417.421 22110 -125.998
11057 358.01 729.593 416.364 22112 -123.313
11058 356.325 729.451 415.31 22114 -121.672
11059 354.638 729.306 414.252 22116 -120.498
11060 352.949 729.159 413.192 22118 -119.026
11061 351.266 729.009 412.134 22120 -118.277
11062 349.582 728.857 411.073 22122 -117.836
11063 347.897 728.701 410.01 22124 -117.319
11064 346.217 728.543 408.949 22126 -117.282
11065 344.537 728.383 407.885 22128 -117.527
11066 342.855 728.219 406.819 22130 -118.103
11067 341.173 728.052 405.75 22132 -118.924
11068 339.498 727.883 404.684 22134 -120.443
11069 337.822 727.711 403.616 22136 -122.094
11070 336.145 727.535 402.545 22138 -123.72
11071 334.469 727.357 401.473 22140 -124.87
11072 332.793 727.175 400.398 22142 -124.176
11073 331.124 726.991 399.326 22144 -121.978
11074 329.455 726.803 398.252 22146 -119.363
11075 327.787 726.613 397.176 22148 -117.062
11076 326.12 726.419 396.098 22150 -115.451
11077 324.454 726.221 395.019 22152 -114.471
11078 322.789 726.021 393.938 22154 -113.913
11079 321.125 725.817 392.856 22156 -113.202
11080 319.462 725.61 391.771 22158 -112.875
11081 317.802 725.399 390.686 22160 -113.223
11082 316.143 725.184 389.599 22162 -113.579
11083 314.486 724.967 388.511 22164 -114.153
11084 312.832 724.745 387.422 22166 -115.689
11085 311.173 724.519 386.327 22168 -117.374
11086 309.518 724.29 385.231 22170 -119.341
11087 307.865 724.057 384.135 22172 -121.552
11088 306.216 723.82 383.037 22174 -121.76
11089 304.57 723.58 381.939 22176 -118.689
11090 302.921 723.334 380.836 22178 -116.12
11091 301.277 723.085 379.732 22180 -114.259
11092 299.636 722.833 378.628 22182 -112.351
11093 297.994 722.575 377.519 22184 -111.418
11094 296.357 722.313 376.41 22186 -110.633
11095 294.718 722.046 375.297 22188 -110.052
11096 293.085 721.776 374.184 22190 -110.327
11097 291.451 721.5 373.066 22192 -110.362
11098 289.823 721.22 371.949 22194 -111.273
11099 288.196 720.935 370.828 22196 -112.187
11100 286.569 720.644 369.703 22198 -113.874
11101 284.949 720.35 368.579 22200 -116.008
11102 283.331 720.049 367.452 22202 -118.259
11103 281.714 719.744 366.321 22204 -119.776
11104 280.099 719.433 365.187 22206 -116.561
11105 278.487 719.116 364.05 22208 -115.122
11106 276.879 718.793 362.911 22210 -111.75
11107 275.273 718.465 361.769 22212 -110.802
11108 273.672 718.131 360.624 22214 -108.926
11109 272.076 717.791 359.478 22216 -108.94
11110 270.479 717.444 358.325 22218 -107.942
11111 268.887 717.091 357.171 22220 -108.389
11112 267.302 716.731 356.015 22222 -108.555
11113 265.718 716.364 354.853 22224 -109.223
11114 264.141 715.991 353.691 22226 -110.866
11115 262.567 715.61 352.524 22228 -112.203
11116 260.996 715.221 351.352 22230 -115.355
11117 259.43 714.824 350.177 22232 -115.817
11118 257.868 714.419 348.997 22234 -116.72
11119 256.313 714.006 347.814 22236 -113.327
11120 254.763 713.585 346.627 22238 -111.528
11121 253.221 713.155 345.438 22240 -109.718
11122 251.683 712.716 344.242 22242 -107.602
11123 250.148 712.266 343.04 22244 -107.737
11124 248.625 711.807 341.836 22246 -106.819
11125 247.107 711.338 340.627 22248 -106.693
11126 245.598 710.859 339.414 22250 -106.973
11127 244.093 710.367 338.193 22252 -108.327
11128 242.599 709.864 336.968 22254 -108.278
11129 241.111 709.349 335.736 22256 -110.263
11130 239.633 708.821 334.498 22258 -114.086
11131 238.165 708.28 333.255 22260 -113.503
11132 236.71 707.725 332.007 22262 -115.149
11133 235.264 707.155 330.751 22264 -114.221
11134 233.83 706.57 329.489 22266 -109.842
11135 232.411 705.97 328.22 22268 -107.771
11136 231.003 705.351 326.944 22270 -106.984
11137 229.611 704.715 325.659 22272 -106.338
11138 228.237 704.061 324.368 22274 -105.132
11139 226.879 703.386 323.069 22276 -104.514
11140 225.539 702.689 321.759 22278 -105.086
11141 224.221 701.971 320.443 22280 -106.809
11142 222.925 701.227 319.116 22282 -108.978
11143 221.654 700.458 317.78 22284 -109.329
11144 220.41 699.661 316.433 22286 -109.71
11145 219.197 698.836 315.078 22288 -111.882
11146 218.019 697.979 313.714 22290 -113.497
11147 216.876 697.087 312.337 22292 -112.176
11148 215.775 696.159 310.95 22294 -108.476
11149 214.722 695.191 309.553 22296 -105.223
11150 213.722 694.182 308.147 22298 -103.123
11151 212.783 693.128 306.732 22300 -101.739
11152 211.913 692.025 305.31 22302 -100.794
11153 211.122 690.871 303.883 22304 -101.176
11154 210.421 689.664 302.455 22306 -100.916
11155 209.821 688.4 301.029 22308 -100.59
11156 209.338 687.078 299.61 22310 -100.303
11157 208.985 685.701 298.209 22312 -100.937
11158 208.776 684.269 296.833 22314 -100.17
11159 208.718 682.779 295.502 22316 -99.7192
11160 208.799 681.242 294.23 22318 -99.2527
11161 209.007 679.668 293.016 22320 -98.4933
11162 209.33 678.069 291.86 22322 -97.673
11163 209.755 676.454 290.763 22324 -97.5688
11164 210.27 674.828 289.72 22326 -96.9478
11165 210.865 673.197 288.73 22328 -97.4235
11166 211.53 671.565 287.787 22330 -95.4911
11167 212.258 669.934 286.89 22332 -97.9249
11168 213.042 668.306 286.035 22334 -98.6516
11169 213.874 666.682 285.218 22336 -93.3294
11170 214.751 665.065 284.438 22338 -92.6401
11171 215.668 663.453 283.69 22340 -96.8889
11172 216.619 661.85 282.975 22342 -101.504
11173 217.603 660.252 282.288 22344 -93.5178
11174 218.616 658.663 281.628 22346 -92.3181
11175 219.656 657.081 280.992 22348 -96.0973
11176 220.722 655.504 280.38 22350 -102.178
11177 221.809 653.935 279.79 22352 -93.7423
11178 222.916 652.375 279.221 22354 -91.8764
11179 224.044 650.819 278.67 22356 -97.3514
11180 225.188 649.272 278.139 22358 -100.731
11181 226.349 647.731 277.625 22360 -92.8545
11182 227.527 646.194 277.126 22362 -92.9039
11183 228.716 644.666 276.643 22364 -101.098
11184 229.919 643.145 276.175 22366 -96.7959
11185 231.137 641.627 275.72 22368 -92.3704
11186 232.365 640.116 275.279 22370 -94.7788
11187 233.604 638.611 274.85 22372 -103.445
11188 234.853 637.112 274.434 22374 -93.6891
11189 236.115 635.615 274.028 22376 -92.5994
11190 237.383 634.126 273.634 22378 -98.3967
11191 238.662 632.64 273.25 22380 -98.9274
11192 239.95 631.159 272.876 22382 -92.7062
11193 241.245 629.683 272.511 22384 -93.9004
11194 242.547 628.212 272.156 22386 -102.18
11195 243.859 626.743 271.81 22388 -94.3891
11196 245.175 625.281 271.472 22390 -92.2099
11197 246.499 623.822 271.142 22392 -96.715
11198 247.831 622.366 270.821 22394 -98.3446
11199 249.165 620.918 270.507 22396 -92.2929
11200 250.509 619.469 270.2 22398 -92.9146
11201 251.858 618.025 269.901 22400 -98.4932
11202 253.211 616.585 269.608 22402 -93.8334
11203 254.568 615.151 269.323 22404 -90.9145
11204 255.933 613.717 269.043 22406 -93.4494
11205 257.3 612.289 268.771 22408 -95.7597
11206 258.674 610.863 268.504 22410 -91.0677
11207 260.049 609.443 268.243 22412 -91.0989
11208 261.429 608.025 267.988 22414 -95.3222
11209 262.815 606.609 267.738 22416 -92.602
11210 264.205 605.196 267.494 22418 -90.3616
11211 265.599 603.785 267.255 22420 -92.7465
11212 266.998 602.378 267.021 22422 -96.2176
11213 268.399 600.973 266.792 22424 -91.6599
11214 269.803 599.572 266.568 22426 -92.1345
11215 271.21 598.175 266.349 22428 -98.4029
11216 272.619 596.782 266.135 22430 -96.1329
11217 274.035 595.387 265.924 22432 -94.2883
11218 275.453 593.997 265.719 22434 -97.6422
11219 276.871 592.611 265.517 22436 -119.323
11220 278.296 591.225 265.32 22438 -99.5486
11221 279.721 589.844 265.127 22440 -96.5916
11222 281.152 588.462 264.938 22442 -99.9855
11223 282.582 587.086 264.753 22444 -108.472
11224 284.017 585.71 264.571 22446 -99.3096
11225 285.457 584.334 264.393 22448 -97.1276
11226 286.896 582.963 264.219 22450 -98.3937
11227 288.34 581.594 264.048 22452 -99.5654
11228 289.787 580.224 263.881 22454 -100.423
11229 291.232 578.862 263.718 22456 -98.8869
11230 292.681 577.5 263.557 22458 -97.4909
11231 294.133 576.139 263.4 22460 -96.1512
11232 295.589 574.779 263.247 22462 -94.6498
11233 297.047 573.42 263.096 22464 -94.1975
11234 298.508 572.063 262.948 22466 -93.0778
11235 299.966 570.713 262.804 22468 -93.1405
11236 301.426 569.364 262.663 22470 -93.3292
11237 302.888 568.018 262.525 22472 -93.3664
11238 304.352 566.673 262.39 22474 -93.9286
11239 305.818 565.33 262.257 22476 -93.2494
11240 307.285 563.989 262.127 22478 -92.9562
11241 308.76 562.645 262 22480 -93.0288
11242 310.237 561.303 261.875 22482 -92.7417
11243 311.714 559.963 261.753 22484 -92.6369
11244 313.192 558.625 261.634 22486 -93.6035
11245 314.671 557.291 261.518 22488 -94.5518
11246 316.151 555.958 261.404 22490 -94.6565
11247 317.631 554.629 261.292 22492 -95.3124
11248 319.118 553.296 261.183 22494 -95.3774
11249 320.605 551.967 261.076 22496 -95.9311
11250 322.092 550.64 260.972 22498 -96.5428
11251 323.579 549.316 260.87 22500 -98.401
11252 325.072 547.99 260.77 22502 -100.301
11253 326.565 546.667 260.672 22504 -100.532
11254 328.057 545.347 260.577 22506 -100.416
11255 329.549 544.031 260.484 22508 -101.678
11256 331.046 542.712 260.393 22510 -103.719
11257 332.542 541.397 260.305 22512 -103.677
11258 334.044 540.079 260.218 22514 -102.057
11259 335.545 538.765 260.134 22516 -100.856
11260 337.045 537.455 260.051 22518 -100.553
11261 338.55 536.142 259.971 22520 -99.5371
11262 340.053 534.834 259.893 22522 -98.1219
11263 341.561 533.523 259.816 22524 -97.3106
11264 343.068 532.216 259.742 22526 -96.9333
11265 344.573 530.914 259.669 22528 -96.2223
11266 346.082 529.609 259.599 22530 -95.3787
11267 347.59 528.309 259.53 22532 -94.7301
11268 349.102 527.007 259.463 22534 -94.4366
11269 350.612 525.71 259.399 22536 -94.1681
11270 352.127 524.41 259.335 22538 -93.744
11271 353.638 523.115 259.274 22540 -93.6126
11272 355.155 521.819 259.215 22542 -93.5745
11273 356.675 520.521 259.157 22544 -93.4233
11274 358.193 519.228 259.101 22546 -93.4501
11275 359.715 517.933 259.046 22548 -93.4643
11276 361.234 516.643 258.994 22550 -93.3957
11277 362.757 515.352 258.943 22552 -93.7718
11278 364.276 514.065 258.893 22554 -94.1128
11279 365.8 512.778 258.846 22556 -94.0691
11280 367.327 511.489 258.8 22558 -94.3464
11281 368.851 510.205 258.755 22560 -94.7234
11282 370.378 508.92 258.713 22562 -94.8038
11283 371.909 507.634 258.671 22564 -95.6034
11284 373.436 506.353 258.632 22566 -96.133
11285 374.967 505.071 258.594 22568 -96.4436
11286 376.501 503.789 258.557 22570 -97.9429
11287 378.031 502.511 258.522 22572 -97.9929
11288 379.564 501.233 258.489 22574 -98.5242
11289 381.1 499.954 258.457 22576 -100.008
11290 382.633 498.68 258.426 22578 -100.108
11291 384.168 497.406 258.397 22580 -102.057
11292 385.706 496.131 258.369 22582 -102.558
11293 387.239 494.862 258.343 22584 -103.087
11294 388.776 493.592 258.319 22586 -103.567
11295 390.315 492.321 258.295 22588 -104.029
11296 391.857 491.05 258.273 22590 -104.084
11297 393.394 489.785 258.253 22592 -103.594
11298 394.934 488.519 258.234 22594 -102.748
11299 396.476 487.253 258.216 22596 -101.852
11300 398.021 485.987 258.2 22598 -101.935
11301 399.568 484.72 258.185 22600 -100.234
11302 401.11 483.46 258.171 22602 -99.944
11303 402.655 482.199 258.159 22604 -99.3694
11304 404.201 480.938 258.148 22606 -98.3093
11305 405.75 479.676 258.138 22608 -98.2672
11306 407.301 478.415 258.13 22610 -97.5472
11307 408.846 477.16 258.123 22612 -97.1283
11308 410.394 475.905 258.117 22614 -96.8366
11309 411.943 474.649 258.112 22616 -96.2526
11310 413.494 473.394 258.109 22618 -95.9483
11311 415.048 472.139 258.107 22620 -95.9548
11312 416.602 470.884 258.106 22622 -95.4547
11313 418.159 469.629 258.107 22624 -95.3957
11314 419.71 468.381 258.109 22626 -95.1349
11315 421.262 467.133 258.112 22628 -94.9556
11316 422.816 465.885 258.116 22630 -94.7683
11317 424.372 464.637 258.121 22632 -94.6523
11318 425.928 463.39 258.128 22634 -94.5325
11319 427.487 462.143 258.136 22636 -94.3213
11320 429.046 460.897 258.145 22638 -94.3781
11321 430.607 459.651 258.155 22640 -94.2945
11322 432.17 458.405 258.166 22642 -94.2303
11323 433.733 457.16 258.179 22644 -94.2257
11324 435.298 455.916 258.193 22646 -94.0735
11325 436.863 454.672 258.207 22648 -94.1161
11326 438.423 453.435 258.223 22650 -93.9833
11327 439.983 452.199 258.241 22652 -94.1137
11328 441.544 450.963 258.259 22654 -93.9941
11329 443.106 449.728 258.278 22656 -93.9861
11330 444.668 448.494 258.299 22658 -93.9345
11331 446.232 447.261 258.32 22660 -93.9395
11332 447.796 446.029 258.343 22662 -94.0347
11333 449.361 444.797 258.367 22664 -93.8918
11334 450.927 443.566 258.392 22666 -93.9946
11335 452.493 442.337 258.418 22668 -94.0073
11336 454.06 441.108 258.445 22670 -93.9103
11337 455.627 439.88 258.474 22672 -93.9699
11338 457.195 438.654 258.503 22674 -94.0139
11339 458.763 437.428 258.534 22676 -93.8539
11340 460.339 436.198 258.565 22678 -94.022
11341 461.915 434.969 258.598 22680 -94.0605
11342 463.492 433.741 258.632 22682 -93.9704
11343 465.068 432.515 258.667 22684 -94.0491
11344 466.645 431.289 258.703 22686 -94.0613
11345 468.222 430.065 258.74 22688 -93.8685
11346 469.799 428.843 258.778 22690 -93.9978
11347 471.376 427.621 258.817 22692 -94.1186
11348 472.953 426.402 258.857 22694 -93.974
11349 474.53 425.183 258.898 22696 -93.9365
11350 476.106 423.966 258.941 22698 -94.0303
11351 477.682 422.751 258.984 22700 -94.0057
11352 479.266 421.532 259.028 22702 -93.9825
11353 480.849 420.314 259.074 22704 -93.9166
11354 482.432 419.097 259.12 22706 -94.0853
11355 484.015 417.883 259.168 22708 -94.0104
11356 485.597 416.67 259.217 22710 -94.005
11357 487.179 415.459 259.266 22712 -93.9269
11358 488.759 414.25 259.317 22714 -94.1384
11359 490.347 413.037 259.368 22716 -94.077
11360 491.935 411.825 259.421 22718 -94.0037
11361 493.521 410.616 259.475 22720 -94.1868
11362 495.107 409.409 259.53 22722 -94.1827
11363 496.691 408.203 259.585 22724 -94.2193
11364 498.283 406.994 259.642 22726 -94.3847
11365 499.873 405.788 259.7 22728 -94.4761
11366 501.463 404.583 259.759 22730 -94.596
11367 503.051 403.38 259.819 22732 -94.6549
11368 504.638 402.18 259.88 22734 -94.7845
11369 506.232 400.976 259.942 22736 -94.8501
11370 507.824 399.775 260.005 22738 -95.0971
11371 509.415 398.576 260.069 22740 -95.4021
11372 511.005 397.379 260.134 22742 -95.5735
11373 512.601 396.179 260.2 22744 -95.7018
11374 514.195 394.982 260.267 22746 -96.0741
11375 515.788 393.787 260.335 22748 -96.3775
11376 517.387 392.589 260.405 22750 -96.8931
11377 518.984 391.393 260.475 22752 -97.1752
11378 520.579 390.201 260.546 22754 -97.5569
11379 522.18 389.005 260.618 22756 -98.094
11380 523.779 387.813 260.692 22758 -98.6895
11381 525.377 386.623 260.766 22760 -99.403
11382 526.979 385.43 260.841 22762 -99.9309
11383 528.58 384.241 260.918 22764 -100.585
11384 530.179 383.054 260.995 22766 -101.526
11385 531.783 381.865 261.074 22768 -102.52
11386 533.384 380.679 261.153 22770 -103.192
11387 534.984 379.496 261.234 22772 -103.662
11388 536.588 378.311 261.315 22774 -104.2
11389 538.19 377.129 261.398 22776 -104.755
11390 539.797 375.944 261.482 22778 -104.248
11391 541.402 374.764 261.566 22780 -103.446
11392 543.011 373.581 261.652 22782 -102.78
11393 544.617 372.402 261.739 22784 -101.889
11394 546.228 371.22 261.827 22786 -100.753
11395 547.836 370.043 261.916 22788 -99.68
11396 549.448 368.863 262.006 22790 -98.8522
11397 551.058 367.688 262.098 22792 -98.2347
11398 552.672 366.511 262.19 22794 -97.4537
11399 554.282 365.337 262.283 22796 -96.7329
11400 555.896 364.162 262.378 22798 -96.1912
11401 557.508 362.992 262.473 22800 -95.6985
11402 559.123 361.82 262.57 22802 -95.1303
11403 560.734 360.652 262.667 22804 -94.7527
11404 562.349 359.483 262.766 22806 -94.427
11405 563.968 358.313 262.866 22808 -94.0304
11406 565.583 357.147 262.967 22810 -93.7474
11407 567.201 355.981 263.07 22812 -93.6064
11408 568.815 354.819 263.173 22814 -93.5657
11409 570.433 353.656 263.277 22816 -93.4299
11410 572.053 352.493 263.383 22818 -93.4406
11411 573.669 351.334 263.489 22820 -93.4711
11412 575.288 350.176 263.597 22822 -93.5531
11413 576.91 349.017 263.706 22824 -93.6798
11414 578.534 347.857 263.817 22826 -93.9498
11415 580.153 346.703 263.928 22828 -94.25
11416 581.775 345.549 264.04 22830 -94.6805
11417 583.399 344.395 264.154 22832 -95.0018
11418 585.025 343.242 264.269 22834 -95.678
11419 586.653 342.089 264.386 22836 -96.3124
11420 588.283 340.936 264.503 22838 -97.0201
11421 589.908 339.789 264.622 22840 -97.8497
11422 591.533 338.643 264.742 22842 -98.9479
11423 593.161 337.497 264.863 22844 -99.977
11424 594.789 336.353 264.985 22846 -101.051
11425 596.419 335.21 265.109 22848 -102.501
11426 598.049 334.068 265.234 22850 -103.244
11427 599.68 332.927 265.361 22852 -103.822
11428 601.312 331.788 265.488 22854 -103.311
11429 602.944 330.651 265.617 22856 -102.411
11430 604.577 329.516 265.748 22858 -101.015
11431 606.216 328.378 265.88 22860 -99.8269
11432 607.855 327.242 266.013 22862 -98.5551
11433 609.494 326.108 266.148 22864 -97.6005
11434 611.132 324.977 266.284 22866 -96.6608
11435 612.77 323.849 266.422 22868 -95.9098
11436 614.413 322.719 266.561 22870 -95.1963
11437 616.055 321.591 266.702 22872 -94.5857
11438 617.696 320.467 266.844 22874 -94.12
11439 619.342 319.342 266.987 22876 -93.7619
11440 620.986 318.221 267.133 22878 -93.5426
11441 622.635 317.098 267.28 22880 -93.2419
11442 624.282 315.98 267.428 22882 -93.07
11443 625.932 314.862 267.578 22884 -93.1098
11444 627.579 313.748 267.73 22886 -93.0189
11445 629.23 312.634 267.883 22888 -93.1734
11446 630.884 311.52 268.039 22890 -93.3767
11447 632.535 310.412 268.196 22892 -93.5427
11448 634.188 309.305 268.354 22894 -93.9288
11449 635.843 308.199 268.515 22896 -94.4436
11450 637.5 307.095 268.677 22898 -94.8938
11451 639.158 305.993 268.842 22900 -95.4685
11452 640.817 304.894 269.008 22902 -96.272
11453 642.477 303.796 269.176 22904 -97.2159
11454 644.137 302.702 269.346 22906 -98.1402
11455 645.798 301.611 269.518 22908 -99.1404
11456 647.463 300.52 269.693 22910 -100.394
11457 649.127 299.433 269.869 22912 -101.677
11458 650.796 298.347 270.048 22914 -102.519
11459 652.463 297.265 270.229 22916 -103.007
11460 654.133 296.185 270.413 22918 -102.767
11461 655.806 295.107 270.599 22920 -101.707
11462 657.481 294.031 270.788 22922 -100.438
11463 659.157 292.958 270.979 22924 -99.1799
11464 660.835 291.89 271.173 22926 -98.0158
11465 662.512 290.825 271.369 22928 -97.0942
11466 664.189 289.764 271.568 22930 -96.2705
11467 665.871 288.706 271.77 22932 -95.4828
11468 667.556 287.651 271.975 22934 -94.8756
11469 669.243 286.598 272.184 22936 -94.3613
11470 670.932 285.55 272.395 22938 -93.8896
11471 672.621 284.507 272.61 22940 -93.5405
11472 674.311 283.47 272.828 22942 -93.1969
11473 676.004 282.436 273.05 22944 -92.9129
11474 677.699 281.407 273.276 22946 -92.8169
11475 679.396 280.383 273.506 22948 -92.8054
11476 681.097 279.363 273.74 22950 -92.787
11477 682.802 278.349 273.978 22952 -92.844
11478 684.508 277.34 274.221 22954 -93.0198
11479 686.218 276.337 274.469 22956 -93.2089
11480 687.932 275.341 274.723 22958 -93.3564
11481 689.646 274.353 274.981 22960 -93.5811
11482 691.367 273.37 275.246 22962 -93.9331
11483 693.089 272.397 275.516 22964 -94.5247
11484 694.817 271.432 275.794 22966 -94.9628
11485 696.548 270.476 276.079 22968 -95.4693
11486 698.283 269.53 276.371 22970 -96.0257
11487 700.022 268.596 276.672 22972 -97.0568
11488 701.768 267.673 276.982 22974 -97.4148
11489 703.517 266.765 277.302 22976 -98.1756
11490 705.273 265.871 277.633 22978 -99.1245
11491 707.035 264.995 277.977 22980 -99.4278
11492 708.803 264.137 278.334 22982 -100.814
11493 710.58 263.302 278.708 22984 -100.765
11494 712.365 262.492 279.1 22986 -101.698
11495 714.159 261.714 279.513 22988 -102.828
11496 715.963 260.972 279.951 22990 -101.654
11497 717.777 260.278 280.42 22992 -101.233
11498 719.604 259.642 280.927 22994 -101.397
11499 721.441 259.087 281.484 22996 -101.369
11500 723.287 258.647 282.107 22998 -101.423
11501 725.133 258.384 282.827 23000 -103.676
11502 726.929 258.433 283.695 23002 -107.092
11503 728.466 259.078 284.766 23004 -107.017
11504 729.347 260.436 285.913 23006 -106.311
11505 729.679 262.1 286.963 23008 -104.447
11506 729.689 263.858 287.911 23010 -102.001
11507 729.503 265.647 288.784 23012 -99.5215
11508 729.189 267.443 289.599 23014 -99.1354
11509 728.782 269.242 290.373 23016 -98.6536
11510 728.307 271.036 291.112 23018 -98.2779
11511 727.778 272.826 291.824 23020 -99.203
11512 727.204 274.612 292.513 23022 -100.598
11513 726.595 276.393 293.183 23024 -102.148
11514 725.955 278.169 293.836 23026 -103.826
11515 725.288 279.943 294.475 23028 -105.891
11516 724.598 281.711 295.101 23030 -106.204
11517 723.888 283.475 295.715 23032 -104.327
11518 723.161 285.234 296.319 23034 -102.48
11519 722.418 286.99 296.914 23036 -100.998
11520 721.659 288.744 297.501 23038 -99.6788
11521 720.887 290.495 298.08 23040 -98.3665
11522 720.104 292.24 298.652 23042 -97.4312
11523 719.31 293.981 299.216 23044 -97.3021
11524 718.505 295.721 299.775 23046 -98.004
11525 717.69 297.46 300.329 23048 -99.4881
11526 716.866 299.196 300.878 23050 -101.455
11527 716.033 300.931 301.422 23052 -103.604
11528 715.194 302.661 301.96 23054 -105.937
11529 714.346 304.391 302.495 23056 -107.684
11530 713.492 306.117 303.025 23058 -106.497
11531 712.631 307.843 303.552 23060 -103.867
11532 711.763 309.567 304.076 23062 -101.807
11533 710.89 311.288 304.595 23064 -100.182
11534 710.013 313.005 305.11 23066 -98.7388
11535 709.13 314.72 305.622 23068 -98.3208
11536 708.242 316.432 306.131 23070 -98.3415
11537 707.348 318.146 306.638 23072 -98.3253
11538 706.451 319.856 307.141 23074 -98.8249
11539 705.549 321.565 307.642 23076 -100.547
11540 704.642 323.273 308.141 23078 -102.27
11541 703.731 324.979 308.637 23080 -104.207
11542 702.817 326.682 309.13 23082 -107.76
11543 701.898 328.386 309.621 23084 -110.269
11544 700.977 330.086 310.11 23086 -106.68
11545 700.052 331.786 310.596 23088 -103.785
11546 699.122 333.485 311.081 23090 -102.007
11547 698.189 335.183 311.564 23092 -100.317
11548 697.253 336.88 312.045 23094 -99.6636
11549 696.315 338.574 312.524 23096 -98.8821
11550 695.371 340.271 313.002 23098 -99.0229
11551 694.426 341.965 313.477 23100 -99.0306
11552 693.478 343.655 313.951 23102 -100.451
11553 692.527 345.346 314.423 23104 -100.899
11554 691.572 347.039 314.894 23106 -104.131
11555 690.616 348.726 315.363 23108 -105.298
11556 689.657 350.413 315.83 23110 -110.549
11557 688.695 352.101 316.297 23112 -109.207
11558 687.731 353.787 316.762 23114 -108.404
11559 686.763 355.473 317.225 23116 -104.635
11560 685.794 357.158 317.687 23118 -101.859
11561 684.822 358.841 318.148 23120 -101.449
11562 683.849 360.522 318.607 23122 -100.691
11563 682.874 362.201 319.064 23124 -99.6843
11564 681.894 363.884 319.522 23126 -99.6145
11565 680.914 365.564 319.977 23128 -100.238
11566 679.932 367.24 320.431 23130 -101.354
11567 678.946 368.92 320.885 23132 -102.689
11568 677.96 370.596 321.337 23134 -104.932
11569 676.973 372.268 321.787 23136 -108.032
11570 675.983 373.942 322.236 23138 -112.204
11571 674.99 375.618 322.686 23140 -112.599
11572 673.996 377.29 323.133 23142 -109.166
11573 673 378.963 323.58 23144 -106.356
11574 672.004 380.631 324.024 23146 -104.286
11575 671.005 382.3 324.469 23148 -102.922
11576 670.003 383.97 324.912 23150 -101.931
11577 668.999 385.64 325.355 23152 -101.146
11578 667.996 387.305 325.796 23154 -100.879
11579 666.991 388.97 326.236 23156 -101.516
11580 665.983 390.635 326.676 23158 -102.731
11581 664.974 392.3 327.115 23160 -103.495
11582 663.962 393.965 327.553 23162 -105.077
11583 662.948 395.63 327.99 23164 -108.481
11584 661.933 397.294 328.427 23166 -110.727
11585 660.916 398.958 328.862 23168 -113.421
11586 659.898 400.621 329.297 23170 -113.036
11587 658.878 402.283 329.731 23172 -108.638
11588 657.857 403.944 330.165 23174 -107.088
11589 656.834 405.604 330.597 23176 -104.907
11590 655.811 407.262 331.028 23178 -104.122
11591 654.786 408.919 331.459 23180 -103.135
11592 653.761 410.575 331.888 23182 -102.799
11593 652.734 412.229 332.316 23184 -103.016
11594 651.703 413.887 332.745 23186 -103.342
11595 650.672 415.544 333.174 23188 -103.959
11596 649.639 417.198 333.601 23190 -105.171
11597 648.607 418.851 334.026 23192 -106.984
11598 647.574 420.501 334.451 23194 -109.053
11599 646.536 422.155 334.877 23196 -112.436
11600 645.498 423.807 335.301 23198 -115.85
11601 644.461 425.457 335.724 23200 -115.148
11602 643.418 427.11 336.147 23202 -112.633
11603 642.376 428.761 336.57 23204 -109.766
11604 641.334 430.408 336.991 23206 -108.042
11605 640.288 432.06 337.413 23208 -106.817
11606 639.243 433.708 337.833 23210 -105.773
11607 638.197 435.353 338.252 23212 -105.281
11608 637.148 437.002 338.672 23214 -104.902
11609 636.099 438.647 339.09 23216 -105.025
11610 635.051 440.289 339.507 23218 -105.638
11611 633.999 441.934 339.924 23220 -106.228
11612 632.948 443.575 340.34 23222 -106.953
11613 631.893 445.219 340.756 23224 -108.583
11614 630.839 446.86 341.171 23226 -110.292
11615 629.781 448.504 341.586 23228 -112.757
11616 628.725 450.143 342 23230 -115.794
11617 627.665 451.786 342.414 23232 -118.541
11618 626.606 453.424 342.827 23234 -118.344
11619 625.544 455.065 343.24 23236 -115.835
11620 624.483 456.702 343.651 23238 -113.435
11621 623.419 458.341 344.063 23240 -111.269
11622 622.356 459.976 344.473 23242 -110.208
11623 621.29 461.613 344.884 23244 -109.443
11624 620.225 463.245 345.293 23246 -108.608
11625 619.158 464.88 345.702 23248 -108.099
11626 618.087 466.518 346.111 23250 -107.875
11627 617.018 468.15 346.519 23252 -107.916
11628 615.946 469.784 346.927 23254 -108.22
11629 614.876 471.414 347.333 23256 -108.758
11630 613.803 473.045 347.74 23258 -109.545
11631 612.727 474.679 348.146 23260 -110.621
11632 611.653 476.307 348.551 23262 -111.882
11633 610.576 477.937 348.956 23264 -113.313
11634 609.497 479.569 349.361 23266 -115.126
11635 608.42 481.195 349.765 23268 -117.192
11636 607.34 482.823 350.169 23270 -119.316
11637 606.257 484.453 350.572 23272 -122.262
11638 605.177 486.077 350.974 23274 -121.947
11639 604.094 487.703 351.376 23276 -120.816
11640 603.009 489.33 351.778 23278 -118.698
11641 601.921 490.958 352.18 23280 -117.39
11642 600.836 492.581 352.581 23282 -115.235
11643 599.748 494.205 352.981 23284 -114.642
11644 598.658 495.83 353.381 23286 -113.814
11645 597.566 497.457 353.782 23288 -113.053
11646 596.476 499.077 354.18 23290 -112.353
11647 595.384 500.698 354.578 23292 -112.315
11648 594.29 502.321 354.977 23294 -111.987
11649 593.193 503.944 355.375 23296 -112.09
11650 592.1 505.561 355.772 23298 -112.029
11651 591.004 507.179 356.168 23300 -112.154
11652 589.907 508.798 356.564 23302 -112.717
11653 588.807 510.418 356.961 23304 -113.134
11654 587.705 512.038 357.357 23306 -113.761
11655 586.606 513.652 357.751 23308 -114.291
11656 585.506 515.266 358.145 23310 -114.571
11657 584.403 516.881 358.539 23312 -115.424
11658 583.299 518.497 358.933 23314 -116.704
11659 582.192 520.113 359.327 23316 -117.071
11660 581.084 521.729 359.72 23318 -118.946
11661 579.98 523.339 360.112 23320 -119.825
11662 578.873 524.948 360.503 23322 -121.322
11663 577.765 526.559 360.894 23324 -122.22
11664 576.655 528.169 361.285 23326 -124.062
11665 575.543 529.78 361.676 23328 -124.187
11666 574.43 531.39 362.067 23330 -126.708
11667 573.315 533.001 362.457 23332 -126.729
11668 572.198 534.612 362.847 23334 -126.11
11669 571.08 536.223 363.237 23336 -126.55
11670 569.966 537.827 363.624 23338 -125.57
11671 568.85 539.43 364.012 23340 -124.745
11672 567.733 541.034 364.399 23342 -123.11
11673 566.614 542.637 364.786 23344 -121.98
11674 565.494 544.24 365.173 23346 -121.339
11675 564.372 545.842 365.559 23348 -121.082
11676 563.249 547.445 365.945 23350 -120.488
11677 562.125 549.047 366.33 23352 -119.708
11678 561 550.648 366.716 23354 -119.567
11679 559.873 552.249 367.101 23356 -118.826
11680 558.745 553.85 367.485 23358 -117.994
11681 557.616 555.45 367.869 23360 -117.491
11682 556.486 557.05 368.253 23362 -117.781
11683 555.354 558.649 368.637 23364 -117.563
11684 554.222 560.247 369.02 23366 -117.019
11685 553.088 561.844 369.402 23368 -116.825
11686 551.954 563.441 369.784 23370 -116.884
11687 550.818 565.037 370.166 23372 -116.406
11688 549.681 566.631 370.547 23374 -116.134
11689 548.543 568.225 370.928 23376 -115.777
11690 547.405 569.818 371.308 23378 -115.433
11691 546.265 571.41 371.688 23380 -115.368
11692 545.125 573.001 372.068 23382 -115.318
11693 543.983 574.591 372.447 23384 -115.594
11694 542.841 576.18 372.825 23386 -115.139
11695 541.698 577.767 373.203 23388 -114.875
11696 540.555 579.353 373.58 23390 -115.081
11697 539.41 580.938 373.957 23392 -114.277
11698 538.26 582.529 374.335 23394 -114.4
11699 537.109 584.118 374.713 23396 -114.246
11700 535.957 585.706 375.089 23398 -114.497
11701 534.804 587.292 375.466 23400 -114.273
11702 533.651 588.877 375.841 23402 -113.837
11703 532.498 590.46 376.217 23404 -113.694
11704 531.343 592.042 376.591 23406 -113.45
11705 530.189 593.622 376.965 23408 -113.711
11706 529.033 595.2 377.338 23410 -113.644
11707 527.872 596.783 377.712 23412 -113.511
11708 526.711 598.365 378.086 23414 -113.711
11709 525.549 599.945 378.459 23416 -113.17
11710 524.387 601.522 378.831 23418 -113.278
11711 523.224 603.098 379.203 23420 -113.445
11712 522.061 604.672 379.574 23422 -113.274
11713 520.893 606.25 379.946 23424 -113.09
11714 519.724 607.827 380.317 23426 -112.873
11715 518.555 609.401 380.687 23428 -112.985
11716 517.385 610.973 381.057 23430 -113.279
11717 516.216 612.543 381.426 23432 -113.233
11718 515.041 614.118 381.795 23434 -113.455
11719 513.866 615.69 382.164 23436 -113.801
11720 512.691 617.259 382.533 23438 -114.034
11721 511.515 618.826 382.9 23440 -114.468
11722 510.335 620.397 383.268 23442 -114.059
11723 509.154 621.966 383.636 23444 -114.854
11724 507.973 623.532 384.002 23446 -115.138
11725 506.793 625.096 384.368 23448 -115.784
11726 505.607 626.663 384.734 23450 -115.878
11727 504.421 628.228 385.1 23452 -117.094
11728 503.236 629.789 385.465 23454 -117.135
11729 502.05 631.348 385.828 23456 -118.13
11730 500.86 632.91 386.193 23458 -119.474
11731 499.67 634.47 386.556 23460 -119.923
11732 498.48 636.026 386.919 23462 -119.727
11733 497.285 637.586 387.282 23464 -120.646
11734 496.09 639.142 387.644 23466 -119.546
11735 494.896 640.695 388.005 23468 -118.574
11736 493.696 642.252 388.367 23470 -118.012
11737 492.498 643.805 388.728 23472 -116.176
11738 491.299 645.354 389.088 23474 -115.144
11739 490.096 646.907 389.448 23476 -113.726
11740 488.894 648.456 389.807 23478 -112.897
11741 487.686 650.008 390.167 23480 -111.764
11742 486.479 651.556 390.525 23482 -110.605
11743 485.273 653.101 390.883 23484 -109.878
11744 484.063 654.648 391.241 23486 -109.149
11745 482.853 656.191 391.597 23488 -108.444
11746 481.638 657.736 391.955 23490 -108.031
11747 480.424 659.278 392.31 23492 -107.352
11748 479.206 660.822 392.667 23494 -107.037
11749 477.989 662.361 393.022 23496 -106.581
11750 476.767 663.903 393.377 23498 -106.063
11751 475.546 665.44 393.731 23500 -105.906
11752 474.321 666.979 394.086 23502 -105.501
11753 473.097 668.514 394.439 23504 -105.417
11754 471.868 670.05 394.792 23506 -105.412
11755 470.641 671.582 395.144 23508 -105.365
11756 469.41 673.115 395.496 23510 -105.474
11757 468.179 674.643 395.847 23512 -105.422
11758 466.945 676.173 396.198 23514 -105.645
11759 465.712 677.697 396.547 23516 -105.803
11760 464.475 679.223 396.896 23518 -106.5
11761 463.234 680.749 397.246 23520 -106.975
11762 461.995 682.271 397.594 23522 -107.845
11763 460.752 683.793 397.942 23524 -108.274
11764 459.505 685.316 398.29 23526 -109.38
11765 458.259 686.833 398.636 23528 -110.351
11766 457.01 688.351 398.983 23530 -112.179
11767 455.758 689.869 399.329 23532 -113.493
11768 454.507 691.381 399.673 23534 -115.216
11769 453.252 692.893 400.018 23536 -115.587
11770 451.994 694.405 400.362 23538 -114.992
11771 450.733 695.917 400.706 23540 -112.704
11772 449.474 697.423 401.048 23542 -111.304
11773 448.212 698.928 401.389 23544 -109.558
11774 446.946 700.433 401.731 23546 -108.477
11775 445.677 701.937 402.072 23548 -106.867
11776 444.405 703.44 402.413 23550 -105.781
11777 443.131 704.942 402.753 23552 -104.863
11778 441.858 706.437 403.091 23554 -104.251
11779 440.583 707.931 403.429 23556 -103.636
11780 439.305 709.423 403.766 23558 -103.011
11781 438.024 710.914 404.102 23560 -102.709
11782 436.74 712.403 404.438 23562 -102.454
11783 435.454 713.89 404.773 23564 -102.357
11784 434.166 715.375 405.108 23566 -102.109
11785 432.875 716.857 405.441 23568 -102.295
11786 431.582 718.337 405.774 23570 -102.54
11787 430.286 719.815 406.106 23572 -102.802
11788 428.984 721.295 406.439 23574 -103.128
11789 427.679 722.773 406.77 23576 -103.792
11790 426.373 724.247 407.1 23578 -104.72
11791 425.064 725.718 407.43 23580 -105.551
11792 423.754 727.185 407.758 23582 -106.69
11793 422.437 728.653 408.086 23584 -108.432
11794 421.119 730.118 408.413 23586 -110.113
11795 419.799 731.578 408.739 23588 -111.577
11796 418.477 733.034 409.064 23590 -112.623
11797 417.15 734.491 409.388 23592 -112.907
11798 415.821 735.943 409.711 23594 -111.124
11799 414.486 737.394 410.034 23596 -108.764
11800 413.151 738.84 410.355 23598 -106.965
11801 411.809 740.286 410.676 23600 -105.708
11802 410.467 741.726 410.995 23602 -104.197
11803 409.12 743.165 411.313 23604 -103.119
11804 407.767 744.602 411.631 23606 -102.49
11805 406.414 746.032 411.947 23608 -101.618
11806 405.056 747.46 412.262 23610 -101.09
11807 403.693 748.886 412.576 23612 -100.91
11808 402.326 750.309 412.889 23614 -100.488
11809 400.954 751.729 413.201 23616 -100.375
11810 399.578 753.145 413.512 23618 -100.506
11811 398.197 754.557 413.822 23620 -100.513
11812 396.813 755.965 414.13 23622 -100.911
11813 395.425 757.368 414.437 23624 -101.405
11814 394.033 758.766 414.742 23626 -101.862
11815 392.638 760.158 415.046 23628 -102.884
11816 391.235 761.548 415.349 23630 -103.921
11817 389.83 762.932 415.65 23632 -105.072
11818 388.416 764.313 415.949 23634 -106.86
11819 387.001 765.687 416.247 23636 -108.609
11820 385.579 767.056 416.544 23638 -110.262
11821 384.15 768.422 416.839 23640 -111.73
11822 382.715 769.782 417.132 23642 -110.318
11823 381.274 771.136 417.423 23644 -108.57
11824 379.828 772.484 417.713 23646 -106.826
11825 378.376 773.825 418 23648 -104.644
11826 376.919 775.158 418.286 23650 -103.299
11827 375.454 776.487 418.569 23652 -102.163
11828 373.984 777.805 418.85 23654 -101.321
11829 372.506 779.118 419.129 23656 -100.758
11830 371.02 780.423 419.406 23658 -99.931
11831 369.527 781.72 419.68 23660 -99.7249
11832 368.028 783.007 419.951 23662 -99.4523
11833 366.518 784.288 420.22 23664 -99.2585
11834 365.002 785.557 420.486 23666 -99.4606
11835 363.476 786.816 420.749 23668 -99.4819
11836 361.942 788.065 421.009 23670 -99.9487
11837 360.396 789.305 421.266 23672 -100.432
11838 358.842 790.532 421.52 23674 -101.133
11839 357.278 791.746 421.769 23676 -101.986
11840 355.704 792.947 422.015 23678 -103.257
11841 354.116 794.135 422.257 23680 -104.787
11842 352.517 795.308 422.495 23682 -106.265
11843 350.906 796.464 422.728 23684 -108.192
11844 349.282 797.604 422.956 23686 -109.582
11845 347.645 798.725 423.179 23688 -110.167
11846 345.994 799.826 423.396 23690 -108.992
11847 344.328 800.905 423.607 23692 -106.76
11848 342.646 801.962 423.811 23694 -105.05
11849 340.946 802.994 424.008 23696 -103.204
11850 339.229 804.001 424.197 23698 -101.913
11851 337.499 804.981 424.377 23700 -101.006
11852 335.752 805.938 424.55 23702 -100.501
11853 333.992 806.868 424.714 23704 -100.026
11854 332.216 807.774 424.871 23706 -99.1756
11855 330.428 808.654 425.019 23708 -99.135
11856 328.628 809.51 425.16 23710 -99.2784
11857 326.817 810.34 425.293 23712 -99.0538
11858 324.995 811.145 425.418 23714 -99.3994
11859 323.162 811.926 425.536 23716 -99.7885
11860 321.315 812.685 425.646 23718 -100.232
11861 319.458 813.42 425.749 23720 -101.225
11862 317.591 814.131 425.845 23722 -101.978
11863 315.72 814.817 425.933 23724 -103.331
11864 313.839 815.48 426.015 23726 -104.827
11865 311.949 816.121 426.089 23728 -106.628
11866 310.052 816.739 426.156 23730 -108.984
11867 308.146 817.335 426.216 23732 -109.754
11868 306.233 817.91 426.27 23734 -110.219
11869 304.312 818.462 426.317 23736 -108.037
11870 302.388 818.993 426.358 23738 -106.152
11871 300.458 819.502 426.392 23740 -104.694
11872 298.522 819.991 426.42 23742 -102.848
11873 296.579 820.459 426.442 23744 -101.878
11874 294.631 820.908 426.457 23746 -100.9
11875 292.682 821.335 426.466 23748 -100.471
11876 290.727 821.743 426.47 23750 -99.4488
11877 288.768 822.132 426.468 23752 -99.2684
11878 286.804 822.501 426.459 23754 -99.1899
11879 284.836 822.852 426.446 23756 -99.3477
11880 282.868 823.184 426.426 23758 -99.1608
11881 280.897 823.498 426.402 23760 -99.2417
11882 278.922 823.793 426.371 23762 -99.5537
11883 276.944 824.071 426.336 23764 -100.49
11884 274.963 824.332 426.295 23766 -101.533
11885 272.979 824.575 426.249 23768 -102.331
11886 270.993 824.802 426.198 23770 -103.241
11887 269.009 825.011 426.142 23772 -104.1
11888 267.024 825.204 426.082 23774 -106.014
11889 265.037 825.38 426.016 23776 -108.016
11890 263.048 825.541 425.946 23778 -110.635
11891 261.058 825.686 425.871 23780 -109.642
11892 259.068 825.815 425.791 23782 -108.561
11893 257.077 825.929 425.707 23784 -105.919
11894 255.085 826.028 425.619 23786 -104.479
11895 253.093 826.113 425.526 23788 -102.867
11896 251.101 826.182 425.428 23790 -101.7
11897 249.104 826.238 425.327 23792 -100.981
11898 247.108 826.279 425.221 23794 -100.033
11899 245.113 826.306 425.111 23796 -99.6258
11900 243.118 826.319 424.997 23798 -99.3019
11901 241.125 826.318 424.879 23800 -98.8458
11902 239.132 826.305 424.757 23802 -98.828
11903 237.137 826.277 424.631 23804 -98.7762
11904 235.143 826.237 424.502 23806 -98.8628
11905 233.151 826.184 424.368 23808 -99.3038
11906 231.161 826.118 424.231 23810 -99.6551
11907 229.168 826.04 424.09 23812 -100.18
11908 227.178 825.949 423.946 23814 -101.098
11909 225.19 825.846 423.798 23816 -101.916
11910 223.201 825.731 423.646 23818 -102.993
11911 221.214 825.604 423.491 23820 -104.612
11912 219.226 825.465 423.332 23822 -106.016
11913 217.241 825.315 423.17 23824 -107.594
11914 215.255 825.152 423.005 23826 -109.328
11915 213.273 824.979 422.836 23828 -109.059
11916 211.289 824.794 422.664 23830 -108.016
11917 209.31 824.599 422.488 23832 -106.541
11918 207.33 824.392 422.31 23834 -104.498
11919 205.355 824.175 422.128 23836 -102.991
11920 203.379 823.946 421.943 23838 -101.943
11921 201.403 823.707 421.755 23840 -100.878
11922 199.432 823.458 421.564 23842 -100.047
11923 197.462 823.198 421.37 23844 -99.5349
11924 195.491 822.928 421.172 23846 -99.282
11925 193.522 822.648 420.972 23848 -98.7984
11926 191.558 822.358 420.769 23850 -98.5806
11927 189.594 822.057 420.563 23852 -98.6923
11928 187.632 821.747 420.354 23854 -98.7947
11929 185.671 821.427 420.142 23856 -98.7973
11930 183.712 821.097 419.927 23858 -99.0552
11931 181.754 820.757 419.709 23860 -99.6821
11932 179.797 820.408 419.488 23862 -100.364
11933 177.843 820.049 419.264 23864 -100.951
11934 175.891 819.68 419.038 23866 -101.74
11935 173.941 819.303 418.809 23868 -102.949
11936 171.993 818.916 418.577 23870 -104.517
11937 170.048 818.52 418.342 23872 -105.985
11938 168.105 818.115 418.105 23874 -107.066
11939 166.166 817.701 417.865 23876 -107.961
11940 164.229 817.278 417.623 23878 -109.237
11941 162.296 816.846 417.377 23880 -107.416
11942 160.361 816.405 417.129 23882 -105.538
11943 158.43 815.955 416.879 23884 -104.467
11944 156.503 815.497 416.626 23886 -102.99
11945 154.579 815.03 416.37 23888 -101.786
11946 152.655 814.554 416.112 23890 -101.285
11947 150.735 814.069 415.851 23892 -100.317
11948 148.819 813.577 415.587 23894 -99.1598
11949 146.904 813.075 415.321 23896 -98.74
11950 144.993 812.565 415.053 23898 -98.8597
11951 143.082 812.046 414.781 23900 -99.0432
11952 141.177 811.519 414.508 23902 -98.6326
11953 139.272 810.984 414.231 23904 -98.218
11954 137.368 810.439 413.952 23906 -98.0669
11955 135.47 809.887 413.671 23908 -98.3363
11956 133.573 809.326 413.387 23910 -99.0279
11957 131.678 808.756 413.1 23912 -99.8017
11958 129.789 808.179 412.811 23914 -100.708
11959 127.901 807.593 412.519 23916 -101.274
11960 126.016 806.998 412.225 23918 -101.84
11961 124.134 806.395 411.928 23920 -102.34
11962 122.254 805.784 411.628 23922 -103.242
11963 120.376 805.164 411.326 23924 -104.629
11964 118.507 804.537 411.022 23926 -106.565
11965 116.64 803.902 410.715 23928 -108.53
11966 114.773 803.257 410.405 23930 -108.498
11967 112.909 802.604 410.093 23932 -106.734
11968 111.049 801.943 409.778 23934 -104.637
11969 109.194 801.274 409.461 23936 -103.186
11970 107.343 800.597 409.141 23938 -102.134
11971 105.493 799.91 408.818 23940 -101.529
11972 103.648 799.216 408.493 23942 -101.037
11973 101.808 798.513 408.165 23944 -100.659
11974 99.9697 797.802 407.834 23946 -100.141
11975 98.1372 797.082 407.501 23948 -99.6176
11976 96.3067 796.354 407.165 23950 -99.0186
11977 94.4827 795.617 406.827 23952 -98.5255
11978 92.6615 794.872 406.486 23954 -98.0774
11979 90.8432 794.117 406.142 23956 -97.7278
11980 89.0283 793.354 405.794 23958 -97.5075
11981 87.2172 792.581 405.444 23960 -97.4481
11982 85.4144 791.801 405.092 23962 -97.7902
11983 83.616 791.012 404.737 23964 -98.3313
11984 81.8185 790.213 404.379 23966 -99.3442
11985 80.0264 789.405 404.017 23968 -100.292
11986 78.24 788.588 403.653 23970 -101.484
11987 76.4598 787.762 403.286 23972 -103.022
11988 74.6824 786.926 402.916 23974 -104.802
11989 72.912 786.081 402.543 23976 -106.428
11990 71.1454 785.226 402.167 23978 -106.811
11991 69.3831 784.361 401.787 23980 -106.68
11992 67.6294 783.488 401.405 23982 -105.83
11993 65.881 782.604 401.019 23984 -104.582
11994 64.1386 781.711 400.63 23986 -103.151
11995 62.4027 780.807 400.238 23988 -102.426
11996 60.6704 779.892 399.842 23990 -101.832
11997 58.9459 778.967 399.442 23992 -100.891
11998 57.2264 778.03 399.039 23994 -100.751
11999 55.5162 777.083 398.633 23996 -100.434
12000 53.8124 776.126 398.222 23998 -100.046
12001 52.1159 775.156 397.809 24000 -100.296
12002 50.4275 774.176 397.391 24002 -99.9359
12003 48.7448 773.182 396.969 24004 -100.324
12004 47.0719 772.178 396.543 24006 -100.248
12005 45.4067 771.16 396.113 24008 -100.521
12006 43.7501 770.13 395.678 24010 -100.701
12007 42.1033 769.087 395.239 24012 -101.027
12008 40.4673 768.031 394.797 24014 -101.273
12009 38.8404 766.961 394.349 24016 -101.68
12010 37.2237 765.877 393.896 24018 -101.852
12011 35.6188 764.779 393.439 24020 -102.414
12012 34.0241 763.665 392.976 24022 -102.694
12013 32.4441 762.537 392.509 24024 -103.277
12014 30.8747 761.392 392.035 24026 -103.664
12015 29.3207 760.232 391.557 24028 -104.011
12016 27.781 759.055 391.072 24030 -104.697
12017 26.2553 757.859 390.581 24032 -104.845
12018 24.7482 756.647 390.085 24034 -105.58
12019 23.2571 755.414 389.582 24036 -105.023
12020 21.7846 754.162 389.071 24038 -106.682
12021 20.3335 752.891 388.555 24040 -106.73
12022 18.9022 751.596 388.03 24042 -108.127
12023 17.4962 750.281 387.498 24044 -107.177
12024 16.1147 748.943 386.958 24046 -107.53
12025 14.7597 747.579 386.409 24048 -108.069
12026 13.4354 746.19 385.851 24050 -108.209
12027 12.1428 744.773 385.284 24052 -109.463
12028 10.8871 743.329 384.708 24054 -108.197
12029 9.67058 741.855 384.121 24056 -110.075
12030 8.49799 740.351 383.523 24058 -109.548
12031 7.37484 738.814 382.914 24060 -111.471
12032 6.30609 737.243 382.294 24062 -111.436
12033 5.29915 735.638 381.662 24064 -110.465
12034 4.36125 733.996 381.017 24066 -111.979
12035 3.50115 732.316 380.36 24068 -110.979
12036 2.72993 730.597 379.689 24070 -112.672
12037 2.05993 728.842 379.006 24072 -112.127
12038 1.50523 727.052 378.313 24074 -110.858
12039 1.08037 725.23 377.609 24076 -114.098
12040 0.80191 723.382 376.898 24078 -111.242
12041 0.685991 721.519 376.184 24080 -111.274
12042 0.747102 719.653 375.472 24082 -112.818
12043 0.996206 717.799 374.767 24084 -113.399
12044 1.43843 715.977 374.077 24086 -111.675
12045 2.07254 714.204 373.409 24088 -110.354
12046 2.88989 712.497 372.769 24090 -110.29
12047 3.87649 710.869 372.161 24092 -110.579
12048 5.0148 709.329 371.586 24094 -111.784
12049 6.2872 707.893 371.029 24096 -112.703
12050 7.6579 706.547 370.484 24098 -112.071
12051 9.10063 705.273 369.949 24100 -112.308
12052 10.5981 704.059 369.424 24102 -112.34
12053 12.1377 702.896 368.908 24104 -111.313
12054 13.7127 701.776 368.4 24106 -110.948
12055 15.3171 700.693 367.899 24108 -110.72
12056 16.9438 699.643 367.405 24110 -109.764
12057 18.5912 698.622 366.916 24112 -109.749
12058 20.2549 697.627 366.433 24114 -109.435
12059 21.9348 696.654 365.955 24116 -108.511
12060 23.6267 695.702 365.481 24118 -109.06
12061 25.3302 694.77 365.012 24120 -108.787
12062 27.0431 693.855 364.548 24122 -109.824
12063 28.7671 692.955 364.086 24124 -110.305
12064 30.4978 692.07 363.629 24126 -110.671
12065 32.2385 691.197 363.174 24128 -110.165
12066 33.9856 690.337 362.723 24130 -109.765
12067 35.7399 689.489 362.274 24132 -109.156
12068 37.4982 688.652 361.829 24134 -108.364
12069 39.2618 687.825 361.387 24136 -108.079
12070 41.0325 687.007 360.946 24138 -107.547
12071 42.8082 686.198 360.508 24140 -107.664
12072 44.5865 685.398 360.073 24142 -107.437
12073 46.3701 684.605 359.64 24144 -109.254
12074 48.1571 683.82 359.21 24146 -108.072
12075 49.9459 683.043 358.782 24148 -108.298
12076 51.7394 682.272 358.355 24150 -106.995
12077 53.5364 681.508 357.931 24152 -106.884
12078 55.3354 680.75 357.509 24154 -105.478
12079 57.1352 679.998 357.089 24156 -106.68
12080 58.9394 679.252 356.67 24158 -106.216
12081 60.747 678.511 356.254 24160 -106.873
12082 62.557 677.774 355.838 24162 -106.503
12083 64.3683 677.043 355.425 24164 -105.565
12084 66.18 676.318 355.014 24166 -105.427
12085 67.9965 675.596 354.604 24168 -104.05
12086 69.8169 674.877 354.195 24170 -105.086
12087 71.6352 674.164 353.789 24172 -104.964
12088 73.4559 673.455 353.384 24174 -104.646
12089 75.2783 672.75 352.98 24176 -105.052
12090 77.1017 672.049 352.578 24178 -103.545
12091 78.9312 671.35 352.176 24180 -102.697
12092 80.7604 670.655 351.777 24182 -103.768
12093 82.5888 669.964 351.379 24184 -103.264
12094 84.4215 669.275 350.982 24186 -103.122
12095 86.2522 668.591 350.587 24188 -103.037
12096 88.0861 667.909 350.192 24190 -102.431
12097 89.9229 667.229 349.799 24192 -101.483
12098 91.7621 666.552 349.407 24194 -101.442
12099 93.6033 665.877 349.016 24196 -102.18
12100 95.446 665.205 348.626 24198 -102.031
12101 97.2897 664.535 348.237 24200 -101.099
12102 99.1342 663.869 347.85 24202 -100.294
12103 100.979 663.204 347.464 24204 -100.16
12104 102.824 662.543 347.08 24206 -100.337
12105 104.668 661.884 346.696 24208 -100.529
12106 106.511 661.228 346.315 24210 -100.305
12107 108.359 660.573 345.934 24212 -99.7737
12108 110.206 659.921 345.554 24214 -99.6037
12109 112.057 659.27 345.175 24216 -99.7497
12110 113.906 658.622 344.797 24218 -99.3749
12111 115.759 657.974 344.42 24220 -98.7398
12112 117.609 657.33 344.045 24222 -98.6914
12113 119.463 656.687 343.67 24224 -98.7771
12114 121.313 656.047 343.298 24226 -98.7324
12115 123.166 655.408 342.925 24228 -98.5455
12116 125.022 654.77 342.554 24230 -98.2244
12117 126.88 654.133 342.183 24232 -98.2169
12118 128.734 653.499 341.815 24234 -98.294
12119 130.59 652.866 341.447 24236 -97.8023
12120 132.447 652.235 341.08 24238 -97.3662
12121 134.306 651.605 340.713 24240 -97.7316
12122 136.167 650.976 340.348 24242 -98.2704
12123 138.028 650.348 339.983 24244 -97.9262
12124 139.891 649.722 339.62 24246 -97.216
12125 141.754 649.097 339.257 24248 -97.7414
12126 143.618 648.473 338.896 24250 -98.2752
12127 145.482 647.85 338.535 24252 -97.3991
12128 147.347 647.229 338.176 24254 -97.8106
12129 149.211 646.609 337.818 24256 -97.3467
12130 151.075 645.991 337.46 24258 -97.618
12131 152.939 645.374 337.104 24260 -97.5879
12132 154.803 644.759 336.749 24262 -96.4726
12133 156.665 644.145 336.396 24264 -97.0366
12134 158.534 643.53 336.042 24266 -96.6506
12135 160.403 642.917 335.689 24268 -94.7194
12136 162.27 642.306 335.338 24270 -98.4103
12137 164.135 641.695 334.988 24272 -92.685
12138 166.007 641.085 334.638 24274 -96.0987
12139 167.876 640.476 334.289 24276 -95.7534
12140 169.745 639.868 333.942 24278 -91.086
12141 171.611 639.262 333.596 24280 -96.2253
12142 173.482 638.656 333.25 24282 -94.628
12143 175.352 638.051 332.905 24284 -91.4342
12144 177.226 637.445 332.561 24286 -97.3117
12145 179.098 636.841 332.218 24288 -95.9621
12146 180.968 636.239 331.877 24290 -91.8427
12147 182.842 635.637 331.535 24292 -95.9257
12148 184.713 635.036 331.196 24294 -103.743
12149 186.589 634.435 330.856 24296 -94.7217
12150 188.462 633.835 330.518 24298 -94.5964
12151 190.34 633.235 330.18 24300 -101.085
12152 192.214 632.637 329.844 24302 -109.535
12153 194.092 632.038 329.508 24304 -102.779
12154 195.966 631.441 329.174 24306 -97.9621
12155 197.845 630.843 328.84 24308 -95.7651
12156 199.72 630.248 328.508 24310 -95.8625
12157 201.598 629.652 328.176 24312 -100.443
12158 203.473 629.058 327.846 24314 -106.136
12159 205.351 628.464 327.516 24316 -98.1384
12160 207.225 627.871 327.188 24318 -93.6709
12161 209.102 627.278 326.861 24320 -92.3719
12162 210.982 626.685 326.534 24322 -93.0607
12163 212.858 626.094 326.208 24324 -94.5279
12164 214.737 625.502 325.884 24326 -96.5807
12165 216.62 624.91 325.559 24328 -98.5906
12166 218.497 624.32 325.237 24330 -97.7785
12167 220.377 623.73 324.915 24332 -96.2394
12168 222.26 623.14 324.593 24334 -94.237
12169 224.138 622.551 324.274 24336 -93.1964
12170 226.019 621.962 323.955 24338 -92.9135
12171 227.902 621.373 323.637 24340 -92.9117
12172 229.779 620.786 323.32 24342 -93.5819
12173 231.659 620.199 323.005 24344 -94.1104
12174 233.541 619.612 322.689 24346 -95.071
12175 235.426 619.024 322.375 24348 -95.8464
12176 237.304 618.439 322.063 24350 -96.2996
12177 239.185 617.853 321.751 24352 -97.6298
12178 241.068 617.267 321.44 24354 -99.0397
12179 242.952 616.681 321.13 24356 -102.573
12180 244.839 616.095 320.82 24358 -108.027
12181 246.719 615.511 320.513 24360 -109.666
12182 248.601 614.926 320.206 24362 -104.314
12183 250.484 614.342 319.901 24364 -99.8837
12184 252.369 613.758 319.596 24366 -98.1739
12185 254.255 613.173 319.291 24368 -96.7455
12186 256.143 612.588 318.988 24370 -97.0158
12187 258.024 612.006 318.687 24372 -96.8571
12188 259.906 611.423 318.387 24374 -96.9825
12189 261.789 610.84 318.088 24376 -96.2635
12190 263.674 610.258 317.789 24378 -94.418
12191 265.559 609.675 317.492 24380 -92.8216
12192 267.445 609.092 317.195 24382 -93.2646
12193 269.332 608.509 316.9 24384 -95.2188
12194 271.22 607.926 316.605 24386 -95.8271
12195 273.109 607.343 316.312 24388 -93.0072
12196 274.998 606.76 316.02 24390 -92.6977
12197 276.888 606.177 315.728 24392 -96.1804
12198 278.778 605.594 315.438 24394 -98.1718
12199 280.668 605.011 315.149 24396 -93.6441
12200 282.559 604.428 314.861 24398 -95.9437
12201 284.451 603.845 314.574 24400 -105.369
12202 286.342 603.262 314.288 24402 -97.4717
12203 288.233 602.679 314.003 24404 -101.763
12204 290.125 602.097 313.72 24406 -103.002
12205 292.016 601.514 313.438 24408 -98.0946
12206 293.907 600.931 313.157 24410 -131.65
12207 295.799 600.349 312.877 24412 -96.5894
12208 297.689 599.766 312.598 24414 -101.109
12209 299.58 599.184 312.321 24416 -98.1007
12210 301.47 598.602 312.045 24418 -96.5588
12211 303.36 598.02 311.77 24420 -96.1554
12212 305.249 597.438 311.497 24422 -95.7285
12213 307.137 596.856 311.225 24424 -94.6692
12214 309.025 596.275 310.954 24426 -94.8218
12215 310.912 595.693 310.685 24428 -93.8443
12216 312.798 595.112 310.417 24430 -94.8173
12217 314.691 594.529 310.15 24432 -94.6626
12218 316.584 593.945 309.883 24434 -94.4354
12219 318.475 593.363 309.619 24436 -95.1266
12220 320.365 592.78 309.356 24438 -95.9549
12221 322.253 592.197 309.094 24440 -97.3506
12222 324.141 591.615 308.834 24442 -98.7651
12223 326.035 591.031 308.574 24444 -99.657
12224 327.928 590.446 308.316 24446 -102.272
12225 329.819 589.863 308.059 24448 -103.616
12226 331.708 589.279 307.804 24450 -104.86
12227 333.596 588.696 307.551 24452 -105.041
12228 335.49 588.11 307.298 24454 -102.903
12229 337.382 587.525 307.047 24456 -102.619
12230 339.273 586.941 306.798 24458 -99.4449
12231 341.161 586.357 306.55 24460 -98.3638
12232 343.055 585.77 306.303 24462 -97.0732
12233 344.947 585.184 306.058 24464 -96.1985
12234 346.837 584.599 305.815 24466 -95.9101
12235 348.732 584.011 305.572 24468 -94.9238
12236 350.625 583.424 305.331 24470 -95.094
12237 352.515 582.837 305.093 24472 -94.8646
12238 354.411 582.248 304.855 24474 -95.3335
12239 356.303 581.66 304.619 24476 -95.295
12240 358.194 581.072 304.384 24478 -96.3606
12241 360.089 580.483 304.151 24480 -96.6133
12242 361.981 579.894 303.92 24482 -98.035
12243 363.87 579.305 303.691 24484 -99.0984
12244 365.764 578.714 303.463 24486 -101.523
12245 367.655 578.124 303.237 24488 -103.803
12246 369.55 577.532 303.012 24490 -105.262
12247 371.442 576.941 302.789 24492 -106.674
12248 373.338 576.348 302.568 24494 -104.914
12249 375.23 575.755 302.349 24496 -103.169
12250 377.126 575.161 302.131 24498 -101.432
12251 379.019 574.567 301.915 24500 -99.4796
12252 380.916 573.972 301.701 24502 -98.4058
12253 382.808 573.377 301.489 24504 -97.6203
12254 384.704 572.781 301.278 24506 -96.5709
12255 386.596 572.185 301.07 24508 -96.3332
12256 388.491 571.587 300.863 24510 -96.1562
12257 390.382 570.99 300.659 24512 -95.8469
12258 392.276 570.392 300.457 24514 -96.072
12259 394.172 569.792 300.256 24516 -96.6957
12260 396.065 569.193 300.058 24518 -97
12261 397.959 568.592 299.861 24520 -97.7604
12262 399.849 567.992 299.667 24522 -98.8687
12263 401.741 567.39 299.475 24524 -100.521
12264 403.636 566.787 299.285 24526 -102.596
12265 405.532 566.182 299.097 24528 -104.561
12266 407.424 565.578 298.911 24530 -106.533
12267 409.317 564.973 298.728 24532 -107.475
12268 411.211 564.366 298.546 24534 -107.033
12269 413.107 563.758 298.367 24536 -104.573
12270 414.998 563.151 298.191 24538 -102.92
12271 416.889 562.543 298.017 24540 -100.887
12272 418.782 561.933 297.846 24542 -99.8037
12273 420.675 561.322 297.676 24544 -98.6846
12274 422.569 560.709 297.51 24546 -98.1956
12275 424.464 560.095 297.345 24548 -97.7595
12276 426.359 559.481 297.184 24550 -97.3983
12277 428.255 558.864 297.025 24552 -97.321
12278 430.15 558.247 296.868 24554 -97.4502
12279 432.045 557.628 296.715 24556 -97.8168
12280 433.94 557.009 296.564 24558 -98.4847
12281 435.834 556.388 296.416 24560 -99.1075
12282 437.727 555.766 296.271 24562 -100.031
12283 439.62 555.144 296.129 24564 -101.194
12284 441.511 554.52 295.99 24566 -102.866
12285 443.401 553.895 295.854 24568 -104.487
12286 445.289 553.269 295.722 24570 -106.132
12287 447.182 552.64 295.592 24572 -108.854
12288 449.074 552.011 295.466 24574 -110.907
12289 450.963 551.38 295.343 24576 -109.027
12290 452.849 550.748 295.224 24578 -106.2
12291 454.74 550.114 295.108 24580 -105.046
12292 456.627 549.479 294.995 24582 -103.263
12293 458.518 548.841 294.886 24584 -101.755
12294 460.405 548.202 294.781 24586 -101.058
12295 462.296 547.561 294.68 24588 -100.333
12296 464.181 546.918 294.582 24590 -99.7343
12297 466.07 546.274 294.489 24592 -99.5458
12298 467.959 545.626 294.399 24594 -99.1589
12299 469.844 544.978 294.314 24596 -99.4852
12300 471.73 544.328 294.233 24598 -99.2673
12301 473.617 543.675 294.156 24600 -99.7136
12302 475.504 543.019 294.084 24602 -100.137
12303 477.391 542.361 294.017 24604 -100.597
12304 479.277 541.701 293.954 24606 -101.165
12305 481.162 541.039 293.896 24608 -102.276
12306 483.046 540.374 293.843 24610 -103.044
12307 484.929 539.707 293.795 24612 -104.077
12308 486.809 539.038 293.753 24614 -105.147
12309 488.686 538.367 293.716 24616 -107.342
12310 490.566 537.692 293.685 24618 -108.925
12311 492.443 537.016 293.659 24620 -111.612
12312 494.321 536.335 293.64 24622 -112.384
12313 496.2 535.651 293.626 24624 -113.013
12314 498.074 534.965 293.619 24626 -111.738
12315 499.948 534.275 293.619 24628 -110.453
12316 501.82 533.582 293.625 24630 -109.146
12317 503.692 532.885 293.639 24632 -107.716
12318 505.56 532.185 293.659 24634 -106.872
12319 507.432 531.48 293.688 24636 -105.75
12320 509.299 530.772 293.724 24638 -104.86
12321 511.167 530.059 293.768 24640 -104.492
12322 513.029 529.343 293.821 24642 -103.866
12323 514.891 528.623 293.883 24644 -103.468
12324 516.75 527.898 293.953 24646 -103.272
12325 518.606 527.168 294.034 24648 -102.879
12326 520.462 526.433 294.124 24650 -102.761
12327 522.313 525.693 294.225 24652 -102.752
12328 524.162 524.948 294.337 24654 -102.727
12329 526.008 524.197 294.46 24656 -102.607
12330 527.85 523.44 294.595 24658 -102.729
12331 529.689 522.677 294.743 24660 -102.668
12332 531.526 521.907 294.905 24662 -102.935
12333 533.358 521.13 295.08 24664 -102.78
12334 535.188 520.345 295.271 24666 -103.098
12335 537.008 519.554 295.476 24668 -102.973
12336 538.827 518.753 295.699 24670 -103.288
12337 540.636 517.946 295.939 24672 -103.354
12338 542.442 517.128 296.198 24674 -103.357
12339 544.238 516.302 296.477 24676 -103.433
12340 546.028 515.464 296.778 24678 -103.677
12341 547.809 514.616 297.102 24680 -103.819
12342 549.577 513.757 297.451 24682 -103.77
12343 551.336 512.885 297.826 24684 -103.779
12344 553.081 512.001 298.23 24686 -104.197
12345 554.81 511.103 298.665 24688 -104.18
12346 556.524 510.189 299.135 24690 -104.046
12347 558.217 509.26 299.642 24692 -103.82
12348 559.888 508.314 300.19 24694 -104.12
12349 561.533 507.348 300.783 24696 -104.392
12350 563.148 506.362 301.426 24698 -103.561
12351 564.726 505.355 302.125 24700 -103.233
12352 566.26 504.326 302.885 24702 -103.107
12353 567.741 503.272 303.713 24704 -102.806
12354 569.159 502.193 304.619 24706 -101.973
12355 570.499 501.089 305.609 24708 -101.526
12356 571.743 499.96 306.693 24710 -100.66
12357 572.87 498.811 307.877 24712 -99.7485
12358 573.853 497.644 309.168 24714 -98.8194
12359 574.666 496.471 310.567 24716 -97.6133
12360 575.267 495.301 312.071 24718 -96.5832
12361 575.645 494.149 313.66 24720 -95.5708
12362 575.814 493.027 315.305 24722 -95.0428
12363 575.8 491.944 316.984 24724 -94.7018
12364 575.624 490.902 318.681 24726 -94.7052
12365 575.311 489.902 320.383 24728 -94.8661
12366 574.881 488.942 322.083 24730 -94.8675
12367 574.351 488.02 323.775 24732 -95.1143
12368 573.736 487.133 325.455 24734 -95.0785
12369 573.047 486.279 327.125 24736 -95.3349
12370 572.294 485.454 328.783 24738 -95.6641
12371 571.485 484.656 330.428 24740 -95.8806
12372 570.628 483.883 332.058 24742 -95.9599
12373 569.728 483.134 333.676 24744 -96.1704
12374 568.789 482.406 335.283 24746 -96.2913
12375 567.814 481.696 336.878 24748 -96.368
12376 566.811 481.006 338.46 24750 -96.5041
12377 565.779 480.333 340.03 24752 -96.6323
12378 564.721 479.675 341.592 24754 -96.6909
12379 563.639 479.031 343.145 24756 -96.9022
12380 562.537 478.402 344.687 24758 -96.8778
12381 561.414 477.785 346.221 24760 -97.161
12382 560.275 477.181 347.744 24762 -97.113
12383 559.12 476.588 349.259 24764 -97.3122
12384 557.947 476.006 350.768 24766 -97.3836
12385 556.76 475.433 352.27 24768 -97.383
12386 555.56 474.871 353.763 24770 -97.5105
12387 554.347 474.318 355.251 24772 -97.5157
12388 553.122 473.773 356.731 24774 -97.619
12389 551.888 473.237 358.204 24776 -97.605
12390 550.641 472.709 359.673 24778 -97.7061
12391 549.385 472.188 361.136 24780 -97.7892
12392 548.119 471.675 362.592 24782 -97.9141
12393 546.846 471.169 364.042 24784 -97.8876
12394 545.564 470.67 365.489 24786 -98.1342
12395 544.272 470.176 366.931 24788 -98.1899
12396 542.973 469.689 368.369 24790 -98.2606
12397 541.667 469.208 369.801 24792 -98.4721
12398 540.356 468.733 371.228 24794 -98.4834
12399 539.035 468.263 372.652 24796 -98.6441
12400 537.711 467.799 374.07 24798 -98.7487
12401 536.38 467.34 375.485 24800 -98.8205
12402 535.043 466.885 376.897 24802 -98.9072
12403 533.7 466.436 378.305 24804 -99.0996
12404 532.352 465.991 379.709 24806 -99.1017
12405 531 465.552 381.108 24808 -99.262
12406 529.64 465.116 382.508 24810 -99.3804
12407 528.277 464.684 383.902 24812 -99.5264
12408 526.911 464.258 385.291 24814 -99.6635
12409 525.54 463.835 386.678 24816 -99.7691
12410 524.162 463.415 388.064 24818 -99.8772
12411 522.784 463 389.444 24820 -99.9747
12412 521.401 462.589 390.821 24822 -100.18
12413 520.014 462.182 392.197 24824 -100.124
12414 518.623 461.778 393.57 24826 -100.636
12415 517.229 461.377 394.94 24828 -100.672
12416 515.831 460.98 396.307 24830 -100.942
12417 514.431 460.586 397.671 24832 -101.309
12418 513.024 460.195 399.037 24834 -101.408
12419 511.614 459.807 400.399 24836 -101.881
12420 510.204 459.423 401.757 24838 -101.999
12421 508.792 459.042 403.111 24840 -102.121
12422 507.374 458.664 404.466 24842 -102.391
12423 505.956 458.289 405.817 24844 -102.541
12424 504.532 457.916 407.168 24846 -102.971
12425 503.109 457.547 408.514 24848 -103.676
12426 501.68 457.18 409.86 24850 -103.728
12427 500.248 456.815 411.207 24852 -104.207
12428 498.816 456.453 412.548 24854 -104.278
12429 497.38 456.094 413.889 24856 -104.623
12430 495.941 455.737 415.229 24858 -105.2
12431 494.503 455.384 416.564 24860 -105.824
12432 493.063 455.033 417.898 24862 -106.336
12433 491.619 454.684 419.231 24864 -106.586
12434 490.172 454.338 420.563 24866 -106.613
12435 488.723 453.993 421.895 24868 -107.699
12436 487.271 453.651 423.225 24870 -108.217
12437 485.817 453.311 424.553 24872 -108.766
12438 484.362 452.974 425.88 24874 -108.725
12439 482.904 452.639 427.206 24876 -109.435
12440 481.445 452.306 428.53 24878 -110.375
12441 479.984 451.975 429.853 24880 -110.345
12442 478.522 451.646 431.173 24882 -110.784
12443 477.059 451.32 432.492 24884 -110.47
12444 475.595 450.996 433.808 24886 -111.413
12445 474.13 450.674 435.123 24888 -110.486
12446 472.665 450.355 436.435 24890 -109.975
12447 471.194 450.036 437.75 24892 -109.884
12448 469.722 449.72 439.063 24894 -109.766
12449 468.25 449.406 440.374 24896 -109.257
12450 466.779 449.094 441.681 24898 -108.484
12451 465.302 448.784 442.992 24900 -108.946
12452 463.825 448.476 444.299 24902 -107.208
12453 462.349 448.17 445.604 24904 -107.12
12454 460.867 447.865 446.912 24906 -106.572
12455 459.386 447.562 448.216 24908 -106.176
12456 457.907 447.262 449.517 24910 -105.405
12457 456.422 446.962 450.821 24912 -105.333
12458 454.939 446.665 452.121 24914 -104.567
12459 453.451 446.369 453.424 24916 -104.342
12460 451.964 446.076 454.723 24918 -103.982
12461 450.479 445.784 456.018 24920 -103.359
12462 448.99 445.494 457.316 24922 -103.356
12463 447.502 445.206 458.61 24924 -102.763
12464 446.011 444.919 459.906 24926 -102.503
12465 444.522 444.635 461.198 24928 -102.366
12466 443.028 444.352 462.492 24930 -101.735
12467 441.531 444.069 463.787 24932 -101.845
12468 440.036 443.79 465.079 24934 -101.272
12469 438.538 443.511 466.372 24936 -101.189
12470 437.042 443.234 467.661 24938 -101.003
12471 435.543 442.959 468.951 24940 -100.562
12472 434.047 442.686 470.238 24942 -100.722
12473 432.548 442.414 471.525 24944 -100.091
12474 431.045 442.144 472.814 24946 -100.33
12475 429.546 441.876 474.099 24948 -99.8578
12476 428.044 441.609 475.384 24950 -99.8395
12477 426.539 441.343 476.671 24952 -99.6166
12478 425.037 441.079 477.954 24954 -99.562
12479 423.533 440.817 479.237 24956 -99.3011
12480 422.026 440.556 480.521 24958 -99.3248
12481 420.516 440.296 481.806 24960 -99.1503
12482 419.011 440.039 483.086 24962 -99.12
12483 417.503 439.782 484.368 24964 -99.0207
12484 415.993 439.528 485.649 24966 -98.8259
12485 414.48 439.274 486.932 24968 -98.9723
12486 412.972 439.022 488.21 24970 -98.7239
12487 411.462 438.772 489.488 24972 -98.8503
12488 409.95 438.524 490.766 24974 -98.6685
12489 408.436 438.276 492.046 24976 -98.7165
12490 406.92 438.03 493.325 24978 -98.6418
12491 405.41 437.786 494.6 24980 -98.6884
12492 403.897 437.544 495.875 24982 -98.6635
12493 402.383 437.303 497.15 24984 -98.6287
12494 400.868 437.063 498.425 24986 -98.7622
12495 399.351 436.824 499.701 24988 -98.5348
12496 397.832 436.587 500.977 24990 -98.9216
12497 396.313 436.352 502.252 24992 -98.6528
12498 394.793 436.117 503.528 24994 -99
12499 393.271 435.884 504.804 24996 -98.8167
12500 391.748 435.653 506.08 24998 -98.991
12501 390.231 435.423 507.35 25000 -98.9305
12502 388.714 435.196 508.62 25002 -99.0653
12503 387.195 434.969 509.89 25004 -99.3008
12504 385.676 434.744 511.16 25006 -99.1806
12505 384.156 434.521 512.429 25008 -99.6689
12506 382.636 434.299 513.699 25010 -99.4205
12507 381.115 434.078 514.967 25012 -99.6768
12508 379.594 433.859 516.236 25014 -99.8593
12509 378.072 433.641 517.504 25016 -99.8979
12510 376.55 433.425 518.771 25018 -100.175
12511 375.029 433.21 520.038 25020 -100.144
12512 373.5 432.996 521.31 25022 -100.64
12513 371.972 432.784 522.581 25024 -100.634
12514 370.444 432.572 523.852 25026 -100.757
12515 368.916 432.363 525.121 25028 -101.451
12516 367.388 432.155 526.39 25030 -101.111
12517 365.86 431.949 527.659 25032 -101.698
12518 364.333 431.744 528.926 25034 -102.007
12519 362.807 431.54 530.192 25036 -101.881
12520 361.281 431.339 531.458 25038 -102.634
12521 359.749 431.138 532.728 25040 -102.56
12522 358.217 430.939 533.996 25042 -103.066
12523 356.687 430.741 535.264 25044 -103.34
12524 355.158 430.545 536.531 25046 -103.603
12525 353.629 430.351 537.796 25048 -104.175
12526 352.102 430.158 539.06 25050 -104.502
12527 350.569 429.966 540.328 25052 -104.611
12528 349.037 429.776 541.595 25054 -105.685
12529 347.507 429.588 542.861 25056 -105.487
12530 345.978 429.401 544.125 25058 -106.287
12531 344.444 429.215 545.393 25060 -106.743
12532 342.911 429.031 546.659 25062 -107.16
12533 341.38 428.849 547.924 25064 -107.544
12534 339.845 428.668 549.192 25066 -108.056
12535 338.311 428.488 550.459 25068 -108.756
12536 336.779 428.311 551.724 25070 -109.049
12537 335.249 428.135 552.987 25072 -109.252
12538 333.715 427.96 554.254 25074 -110.13
12539 332.183 427.787 555.519 25076 -110.378
12540 330.646 427.616 556.787 25078 -110.346
12541 329.112 427.446 558.053 25080 -110.894
12542 327.581 427.278 559.317 25082 -110.977
12543 326.045 427.111 560.584 25084 -110.856
12544 324.513 426.947 561.849 25086 -110.615
12545 322.976 426.783 563.117 25088 -110.758
12546 321.442 426.622 564.383 25090 -110.361
12547 319.905 426.462 565.651 25092 -109.664
12548 318.371 426.304 566.917 25094 -109.39
12549 316.834 426.147 568.186 25096 -108.983
12550 315.3 425.992 569.452 25098 -108.816
12551 313.763 425.839 570.721 25100 -108.17
12552 312.229 425.688 571.987 25102 -107.293
12553 310.692 425.539 573.256 25104 -106.957
12554 309.16 425.391 574.521 25106 -106.734
12555 307.624 425.245 575.789 25108 -106.285
12556 306.086 425.101 577.06 25110 -105.962
12557 304.553 424.959 578.327 25112 -105.743
12558 303.017 424.818 579.596 25114 -105.084
12559 301.485 424.68 580.862 25116 -104.677
12560 299.951 424.544 582.13 25118 -104.58
12561 298.416 424.409 583.4 25120 -103.949
12562 296.879 424.276 584.671 25122 -103.512
12563 295.347 424.145 585.939 25124 -103.585
12564 293.813 424.017 587.209 25126 -103.322
12565 292.279 423.89 588.479 25128 -102.776
12566 290.743 423.765 589.752 25130 -102.581
12567 289.207 423.642 591.025 25132 -102.654
12568 287.675 423.522 592.294 25134 -102.232
12569 286.144 423.403 593.565 25136 -101.889
12570 284.612 423.287 594.836 25138 -101.868
12571 283.079 423.173 596.108 25140 -101.638
12572 281.547 423.061 597.381 25142 -101.493
12573 280.015 422.951 598.655 25144 -101.264
12574 278.483 422.844 599.929 25146 -101.103
12575 276.952 422.739 601.203 25148 -100.973
12576 275.421 422.636 602.478 25150 -100.974
12577 273.891 422.535 603.752 25152 -100.897
12578 272.362 422.437 605.027 25154 -100.555
12579 270.829 422.341 606.306 25156 -100.529
12580 269.298 422.248 607.585 25158 -100.638
12581 267.768 422.157 608.864 25160 -100.411
12582 266.24 422.069 610.142 25162 -100.059
12583 264.708 421.984 611.424 25164 -100.085
12584 263.179 421.901 612.705 25166 -100.106
12585 261.652 421.821 613.986 25168 -99.999
12586 260.123 421.743 615.27 25170 -99.8249
12587 258.597 421.669 616.552 25172 -99.8778
12588 257.069 421.597 617.838 25174 -99.891
12589 255.544 421.528 619.122 25176 -99.6925
12590 254.018 421.463 620.409 25178 -99.7181
12591 252.49 421.4 621.698 25180 -99.6663
12592 250.967 421.34 622.985 25182 -99.5507
12593 249.444 421.284 624.274 25184 -99.5496
12594 247.92 421.231 625.566 25186 -99.6881
12595 246.396 421.181 626.859 25188 -99.6275
12596 244.873 421.135 628.153 25190 -99.391
12597 243.351 421.092 629.449 25192 -99.3747
12598 241.83 421.053 630.745 25194 -99.5875
12599 240.311 421.017 632.043 25196 -99.7046
12600 238.794 420.986 633.34 25198 -99.434
12601 237.28 420.958 634.638 25200 -99.3811
12602 235.763 420.934 635.94 25202 -99.558
12603 234.25 420.915 637.242 25204 -99.5958
12604 232.736 420.899 638.547 25206 -99.6096
12605 231.226 420.888 639.851 25208 -99.5696
12606 229.717 420.882 641.158 25210 -99.5898
12607 228.208 420.88 642.467 25212 -99.626
12608 226.7 420.883 643.779 25214 -99.5956
12609 225.195 420.891 645.092 25216 -99.7024
12610 223.692 420.904 646.406 25218 -99.8449
12611 222.193 420.923 647.72 25220 -99.8102
12612 220.693 420.947 649.039 25222 -99.7317
12613 219.194 420.977 650.362 25224 -99.7799
12614 217.701 421.012 651.684 25226 -99.9034
12615 216.209 421.054 653.008 25228 -100.123
12616 214.717 421.103 654.338 25230 -100.168
12617 213.229 421.158 655.67 25232 -100.001
12618 211.742 421.22 657.005 25234 -100.005
12619 210.261 421.29 658.341 25236 -100.223
12620 208.784 421.367 659.679 25238 -100.359
12621 207.307 421.453 661.023 25240 -100.366
12622 205.837 421.547 662.368 25242 -100.426
12623 204.37 421.65 663.717 25244 -100.473
12624 202.905 421.763 665.072 25246 -100.523
12625 201.444 421.885 666.432 25248 -100.581
12626 199.989 422.019 667.795 25250 -100.631
12627 198.541 422.164 669.161 25252 -100.747
12628 197.096 422.321 670.534 25254 -100.84
12629 195.66 422.49 671.91 25256 -100.845
12630 194.23 422.674 673.293 25258 -100.895
12631 192.807 422.873 674.68 25260 -101.059
12632 191.393 423.088 676.074 25262 -101.229
12633 189.989 423.32 677.475 25264 -101.363
12634 188.596 423.572 678.882 25266 -101.422
12635 187.213 423.845 680.299 25268 -101.384
12636 185.843 424.141 681.724 25270 -101.48
12637 184.487 424.463 683.158 25272 -101.815
12638 183.152 424.813 684.601 25274 -102.13
12639 181.835 425.197 686.056 25276 -102.246
12640 180.543 425.617 687.521 25278 -102.263
12641 179.281 426.079 689 25280 -102.089
12642 178.053 426.592 690.492 25282 -102.189
12643 176.87 427.163 691.998 25284 -103.168
12644 175.743 427.803 693.518 25286 -103.275
12645 174.69 428.529 695.053 25288 -104.648
12646 173.736 429.361 696.599 25290 -105.627
12647 172.92 430.326 698.147 25292 -107.927
12648 172.306 431.457 699.676 25294 -111.419
12649 171.985 432.78 701.135 25296 -115.375
12650 172.063 434.292 702.432 25298 -115.438
12651 172.594 435.917 703.456 25300 -111.816
12652 173.521 437.54 704.154 25302 -108.646
12653 174.72 439.085 704.557 25304 -107.16
12654 176.063 440.556 704.726 25306 -105.855
12655 177.466 441.977 704.731 25308 -105.453
12656 178.906 443.358 704.62 25310 -105.174
12657 180.369 444.704 704.423 25312 -104.552
12658 181.848 446.022 704.161 25314 -105.209
12659 183.337 447.316 703.847 25316 -104.852
12660 184.836 448.588 703.49 25318 -105.482
12661 186.341 449.843 703.096 25320 -105.409
12662 187.852 451.083 702.671 25322 -106.159
12663 189.364 452.306 702.221 25324 -106.983
12664 190.88 453.517 701.748 25326 -106.903
12665 192.398 454.715 701.254 25328 -107.507
12666 193.921 455.905 700.742 25330 -108.908
12667 195.443 457.084 700.214 25332 -109.74
12668 196.967 458.254 699.671 25334 -109.965
12669 198.492 459.416 699.114 25336 -111.458
12670 200.019 460.571 698.545 25338 -112.616
12671 201.548 461.72 697.965 25340 -113.233
12672 203.077 462.861 697.374 25342 -114.442
12673 204.607 463.996 696.774 25344 -114.835
12674 206.139 465.126 696.164 25346 -114.908
12675 207.673 466.252 695.546 25348 -115.147
12676 209.204 467.37 694.92 25350 -113.439
12677 210.737 468.484 694.287 25352 -111.352
12678 212.269 469.593 693.648 25354 -110.649
12679 213.804 470.699 693.001 25356 -109.925
12680 215.335 471.798 692.349 25358 -108.361
12681 216.871 472.896 691.69 25360 -107.41
12682 218.405 473.989 691.026 25362 -107.099
12683 219.942 475.079 690.357 25364 -106.271
12684 221.475 476.163 689.683 25366 -105.514
12685 223.008 477.244 689.005 25368 -105.194
12686 224.546 478.325 688.321 25370 -104.644
12687 226.082 479.401 687.633 25372 -104.216
12688 227.615 480.472 686.943 25374 -104.188
12689 229.15 481.541 686.247 25376 -103.655
12690 230.687 482.608 685.547 25378 -103.32
12691 232.224 483.673 684.844 25380 -103.373
12692 233.761 484.735 684.136 25382 -103.073
12693 235.298 485.794 683.426 25384 -102.687
12694 236.833 486.85 682.714 25386 -102.798
12695 238.372 487.905 681.996 25388 -102.825
12696 239.908 488.957 681.277 25390 -102.468
12697 241.447 490.007 680.553 25392 -102.486
12698 242.983 491.054 679.829 25394 -102.75
12699 244.52 492.099 679.101 25396 -102.574
12700 246.059 493.143 678.369 25398 -102.581
12701 247.599 494.185 677.635 25400 -102.977
12702 249.139 495.226 676.898 25402 -103.011
12703 250.679 496.264 676.158 25404 -103.079
12704 252.22 497.301 675.417 25406 -103.494
12705 253.759 498.335 674.673 25408 -103.629
12706 255.298 499.367 673.928 25410 -103.914
12707 256.835 500.396 673.181 25412 -104.419
12708 258.371 501.422 672.433 25414 -104.625
12709 259.911 502.45 671.681 25416 -105.23
12710 261.449 503.474 670.928 25418 -105.808
12711 262.99 504.499 670.171 25420 -105.906
12712 264.529 505.52 669.414 25422 -106.859
12713 266.064 506.538 668.657 25424 -107.7
12714 267.603 507.556 667.896 25426 -107.895
12715 269.144 508.574 667.133 25428 -109.405
12716 270.681 509.588 666.369 25430 -110.367
12717 272.221 510.602 665.603 25432 -110.533
12718 273.763 511.616 664.834 25434 -112.278
12719 275.3 512.626 664.066 25436 -113.166
12720 276.839 513.635 663.296 25438 -114.245
12721 278.379 514.644 662.524 25440 -115.205
12722 279.921 515.652 661.749 25442 -114.785
12723 281.464 516.66 660.972 25444 -115.896
12724 283.001 517.662 660.197 25446 -114.151
12725 284.539 518.664 659.42 25448 -113.044
12726 286.077 519.665 658.642 25450 -112.48
12727 287.616 520.665 657.862 25452 -111.107
12728 289.156 521.663 657.08 25454 -110.321
12729 290.695 522.661 656.298 25456 -109.202
12730 292.234 523.657 655.514 25458 -108.755
12731 293.773 524.652 654.729 25460 -107.86
12732 295.312 525.645 653.943 25462 -106.887
12733 296.85 526.637 653.156 25464 -106.799
12734 298.388 527.628 652.368 25466 -105.904
12735 299.932 528.621 651.576 25468 -105.61
12736 301.475 529.613 650.784 25470 -105.429
12737 303.018 530.603 649.991 25472 -104.668
12738 304.559 531.59 649.197 25474 -104.538
12739 306.098 532.576 648.403 25476 -104.239
12740 307.637 533.56 647.609 25478 -104.066
12741 309.181 534.547 646.811 25480 -103.824
12742 310.723 535.531 646.012 25482 -103.615
12743 312.264 536.514 645.214 25484 -103.629
12744 313.803 537.493 644.416 25486 -103.289
12745 315.347 538.476 643.614 25488 -103.635
12746 316.889 539.456 642.812 25490 -103.368
12747 318.429 540.433 642.011 25492 -103.413
12748 319.974 541.413 641.206 25494 -103.618
12749 321.516 542.39 640.401 25496 -103.374
12750 323.056 543.364 639.597 25498 -103.831
12751 324.601 544.341 638.79 25500 -103.811
12752 326.143 545.315 637.983 25502 -104.07
12753 327.682 546.286 637.177 25504 -104.164
12754 329.226 547.259 636.367 25506 -104.617
12755 330.767 548.229 635.559 25508 -104.824
12756 332.313 549.201 634.747 25510 -105.205
12757 333.855 550.17 633.936 25512 -105.599
12758 335.402 551.141 633.122 25514 -105.79
12759 336.945 552.109 632.31 25516 -106.805
12760 338.484 553.073 631.498 25518 -106.788
12761 340.028 554.04 630.684 25520 -107.812
12762 341.568 555.003 629.871 25522 -108.125
12763 343.112 555.968 629.055 25524 -109.088
12764 344.653 556.929 628.24 25526 -109.698
12765 346.197 557.892 627.423 25528 -111.089
12766 347.745 558.856 626.603 25530 -111.381
12767 349.289 559.817 625.784 25532 -113.205
12768 350.837 560.78 624.963 25534 -113.491
12769 352.381 561.739 624.143 25536 -115.425
12770 353.928 562.699 623.321 25538 -115.758
12771 355.471 563.656 622.501 25540 -116.622
12772 357.018 564.614 621.678 25542 -116.694
12773 358.559 565.568 620.857 25544 -117.036
12774 360.105 566.524 620.034 25546 -115.287
12775 361.653 567.48 619.208 25548 -114.828
12776 363.197 568.433 618.384 25550 -113.379
12777 364.744 569.388 617.558 25552 -112.517
12778 366.287 570.338 616.734 25554 -111.911
12779 367.832 571.289 615.908 25556 -110.568
12780 369.381 572.242 615.079 25558 -110.24
12781 370.924 573.19 614.253 25560 -109.203
12782 372.47 574.14 613.425 25562 -108.881
12783 374.02 575.09 612.594 25564 -108.077
12784 375.564 576.036 611.766 25566 -107.77
12785 377.111 576.984 610.936 25568 -107.352
12786 378.661 577.932 610.104 25570 -106.793
12787 380.205 578.876 609.274 25572 -106.62
12788 381.752 579.821 608.443 25574 -106.273
12789 383.302 580.767 607.609 25576 -106.124
12790 384.846 581.708 606.778 25578 -105.746
12791 386.393 582.65 605.945 25580 -105.715
12792 387.942 583.593 605.111 25582 -105.52
12793 389.494 584.537 604.274 25584 -105.422
12794 391.04 585.476 603.441 25586 -105.415
12795 392.588 586.416 602.605 25588 -105.332
12796 394.139 587.357 601.768 25590 -105.462
12797 395.684 588.293 600.934 25592 -105.195
12798 397.231 589.229 600.098 25594 -105.565
12799 398.78 590.167 599.26 25596 -105.504
12800 400.332 591.105 598.421 25598 -105.513
12801 401.877 592.038 597.585 25600 -105.9
12802 403.424 592.972 596.747 25602 -105.846
12803 404.974 593.906 595.908 25604 -106.272
12804 406.525 594.84 595.067 25606 -106.315
12805 408.079 595.776 594.224 25608 -106.68
12806 409.626 596.706 593.385 25610 -106.97
12807 411.175 597.637 592.545 25612 -107.387
12808 412.726 598.568 591.703 25614 -107.602
12809 414.279 599.499 590.859 25616 -108.327
12810 415.833 600.431 590.015 25618 -108.435
12811 417.381 601.358 589.173 25620 -109.111
12812 418.931 602.285 588.331 25622 -109.614
12813 420.483 603.213 587.487 25624 -110.192
12814 422.036 604.14 586.641 25626 -110.756
12815 423.591 605.068 585.795 25628 -111.817
12816 425.138 605.991 584.952 25630 -112.24
12817 426.688 606.914 584.108 25632 -113.201
12818 428.239 607.837 583.262 25634 -114.354
12819 429.791 608.761 582.416 25636 -115.178
12820 431.345 609.684 581.568 25638 -115.732
12821 432.901 610.608 580.72 25640 -117.894
12822 434.458 611.531 579.87 25642 -118.118
12823 436.007 612.45 579.024 25644 -118.879
12824 437.558 613.368 578.176 25646 -119.63
12825 439.111 614.287 577.328 25648 -120.577
12826 440.664 615.205 576.479 25650 -119.16
12827 442.219 616.124 575.629 25652 -119.214
12828 443.775 617.042 574.778 25654 -117.635
12829 445.332 617.96 573.926 25656 -117.872
12830 446.891 618.878 573.073 25658 -116.324
12831 448.442 619.791 572.224 25660 -115.526
12832 449.994 620.704 571.374 25662 -114.895
12833 451.547 621.616 570.523 25664 -114.501
12834 453.101 622.529 569.672 25666 -113.699
12835 454.656 623.441 568.819 25668 -112.88
12836 456.211 624.353 567.966 25670 -112.494
12837 457.768 625.264 567.112 25672 -112.292
12838 459.326 626.176 566.257 25674 -111.923
12839 460.885 627.087 565.402 25676 -111.33
12840 462.445 627.998 564.546 25678 -111.051
12841 464.005 628.908 563.689 25680 -110.874
12842 465.557 629.813 562.837 25682 -110.677
12843 467.11 630.718 561.983 25684 -110.571
12844 468.664 631.622 561.13 25686 -110.096
12845 470.218 632.526 560.275 25688 -110.083
12846 471.774 633.429 559.42 25690 -109.856
12847 473.329 634.332 558.565 25692 -110.027
12848 474.886 635.234 557.709 25694 -109.962
12849 476.443 636.136 556.852 25696 -109.778
12850 478 637.038 555.995 25698 -109.887
12851 479.558 637.939 555.137 25700 -109.638
12852 481.116 638.839 554.279 25702 -109.838
12853 482.675 639.739 553.421 25704 -109.935
12854 484.234 640.638 552.562 25706 -109.933
12855 485.794 641.536 551.703 25708 -110.224
12856 487.354 642.434 550.843 25710 -110.127
12857 488.915 643.332 549.983 25712 -110.185
12858 490.475 644.228 549.123 25714 -110.402
12859 492.036 645.124 548.262 25716 -110.398
12860 493.597 646.02 547.401 25718 -110.616
12861 495.159 646.914 546.54 25720 -110.955
12862 496.72 647.808 545.678 25722 -111.026
12863 498.282 648.701 544.816 25724 -111.423
12864 499.844 649.593 543.954 25726 -111.655
12865 501.405 650.484 543.092 25728 -111.838
12866 502.967 651.375 542.229 25730 -112.074
12867 504.529 652.265 541.367 25732 -112.427
12868 506.091 653.153 540.504 25734 -112.443
12869 507.653 654.041 539.641 25736 -112.968
12870 509.215 654.928 538.778 25738 -113.182
12871 510.776 655.814 537.915 25740 -113.384
12872 512.338 656.7 537.052 25742 -113.822
12873 513.899 657.584 536.189 25744 -114.045
12874 515.46 658.467 535.326 25746 -114.467
12875 517.021 659.349 534.463 25748 -114.863
12876 518.582 660.23 533.6 25750 -115.413
12877 520.142 661.11 532.736 25752 -115.647
12878 521.712 661.994 531.868 25754 -116.027
12879 523.28 662.877 531 25756 -116.745
12880 524.849 663.759 530.133 25758 -116.972
12881 526.417 664.64 529.265 25760 -117.296
12882 527.984 665.519 528.397 25762 -118.1
12883 529.551 666.397 527.53 25764 -118.392
12884 531.117 667.274 526.662 25766 -119.01
12885 532.683 668.15 525.795 25768 -119.308
12886 534.249 669.025 524.928 25770 -119.977
12887 535.813 669.898 524.062 25772 -120.636
12888 537.378 670.77 523.195 25774 -120.636
12889 538.95 671.646 522.324 25776 -121.354
12890 540.522 672.52 521.454 25778 -122.456
12891 542.093 673.393 520.583 25780 -122.648
12892 543.663 674.264 519.713 25782 -122.72
12893 545.232 675.135 518.843 25784 -123.241
12894 546.801 676.003 517.974 25786 -123.817
12895 548.369 676.87 517.105 25788 -124.552
12896 549.935 677.736 516.236 25790 -125.058
12897 551.51 678.605 515.363 25792 -125.383
12898 553.084 679.473 514.491 25794 -126.267
12899 554.657 680.339 513.619 25796 -126.949
12900 556.229 681.204 512.747 25798 -127.083
12901 557.799 682.066 511.876 25800 -126.967
12902 559.369 682.928 511.005 25802 -127.727
12903 560.937 683.787 510.136 25804 -129.564
12904 562.514 684.65 509.261 25806 -129.26
12905 564.089 685.511 508.388 25808 -128.953
12906 565.662 686.371 507.515 25810 -129.299
12907 567.235 687.228 506.642 25812 -130.561
12908 568.806 688.084 505.771 25814 -130.82
12909 570.385 688.943 504.895 25816 -131.539
12910 571.962 689.8 504.02 25818 -131.417
12911 573.538 690.655 503.146 25820 -132.037
12912 575.112 691.508 502.272 25822 -132.322
12913 576.685 692.36 501.399 25824 -132.131
12914 578.265 693.214 500.523 25826 -133.181
12915 579.844 694.066 499.647 25828 -133.79
12916 581.421 694.916 498.772 25830 -133.624
12917 582.996 695.764 497.897 25832 -133.709
12918 584.578 696.615 497.019 25834 -133.964
12919 586.159 697.464 496.142 25836 -134.846
12920 587.738 698.311 495.266 25838 -137.224
12921 589.315 699.155 494.391 25840 -138.047
12922 590.899 700.002 493.512 25842 -135.725
12923 592.481 700.847 492.634 25844 -135.524
12924 594.061 701.69 491.757 25846 -136.36
12925 595.639 702.53 490.881 25848 -136.869
12926 597.224 703.373 490.002 25850 -138.63
12927 598.807 704.213 489.123 25852 -141.237
12928 600.388 705.051 488.246 25854 -141.75
12929 601.967 705.887 487.37 25856 -140.543
12930 603.552 706.725 486.491 25858 -141.448
12931 605.135 707.56 485.613 25860 -140.02
12932 606.715 708.393 484.736 25862 -142.626
12933 608.302 709.228 483.855 25864 -143.886
12934 609.887 710.061 482.976 25866 -146.334
12935 611.469 710.89 482.099 25868 -148.217
12936 613.057 711.722 481.218 25870 -143.158
12937 614.643 712.551 480.338 25872 -143.111
12938 616.226 713.378 479.46 25874 -140.749
12939 617.815 714.206 478.579 25876 -138.895
12940 619.402 715.031 477.699 25878 -138.467
12941 620.994 715.858 476.816 25880 -137.538
12942 622.584 716.683 475.935 25882 -136.936
12943 624.171 717.504 475.055 25884 -134.875
12944 625.763 718.327 474.172 25886 -134.339
12945 627.353 719.147 473.291 25888 -132.879
12946 628.94 719.964 472.411 25890 -132.217
12947 630.532 720.782 471.529 25892 -131.065
12948 632.121 721.597 470.649 25894 -130.367
12949 633.715 722.414 469.765 25896 -129.446
12950 635.306 723.227 468.884 25898 -128.779
12951 636.903 724.041 468 25900 -128.01
12952 638.496 724.852 467.117 25902 -127.422
12953 640.094 725.664 466.232 25904 -126.747
12954 641.688 726.473 465.349 25906 -126.265
12955 643.288 727.283 464.464 25908 -125.648
12956 644.884 728.089 463.58 25910 -125.282
12957 646.484 728.896 462.695 25912 -124.71
12958 648.082 729.699 461.811 25914 -124.46
12959 649.683 730.503 460.925 25916 -123.952
12960 651.281 731.304 460.041 25918 -123.747
12961 652.883 732.105 459.155 25920 -123.353
12962 654.481 732.902 458.271 25922 -123.192
12963 656.084 733.699 457.385 25924 -122.973
12964 657.682 734.493 456.502 25926 -122.795
12965 659.284 735.287 455.616 25928 -122.773
12966 660.891 736.081 454.729 25930 -122.322
12967 662.493 736.871 453.844 25932 -122.812
12968 664.099 737.661 452.957 25934 -122.337
12969 665.7 738.447 452.073 25936 -122.784
12970 667.305 739.233 451.187 25938 -122.913
12971 668.913 740.018 450.299 25940 -122.82
12972 670.517 740.799 449.414 25942 -123.52
12973 672.124 741.58 448.528 25944 -123.508
12974 673.734 742.36 447.64 25946 -124.289
12975 675.339 743.136 446.755 25948 -124.413
12976 676.948 743.911 445.869 25950 -125.493
12977 678.559 744.685 444.981 25952 -125.47
12978 680.172 745.459 444.092 25954 -128.357
12979 681.781 746.228 443.207 25956 -127.619
12980 683.392 746.995 442.32 25958 -129.567
12981 685.005 747.762 441.432 25960 -130.082
12982 686.62 748.527 440.544 25962 -134.235
12983 688.238 749.291 439.654 25964 -137.323
12984 689.857 750.053 438.764 25966 -139.697
12985 691.471 750.811 437.878 25968 -142.062
12986 693.086 751.566 436.99 25970 -135.81
12987 694.703 752.32 436.103 25972 -134.802
12988 696.321 753.072 435.214 25974 -132.634
12989 697.941 753.822 434.326 25976 -131.541
12990 699.562 754.57 433.437 25978 -129.502
12991 701.184 755.316 432.548 25980 -127.378
12992 702.806 756.059 431.659 25982 -126.724
12993 704.429 756.8 430.77 25984 -126.702
12994 706.053 757.538 429.881 25986 -126.158
12995 707.677 758.274 428.993 25988 -125.447
12996 709.309 759.01 428.101 25990 -124.615
12997 710.94 759.743 427.209 25992 -125.091
12998 712.572 760.472 426.318 25994 -125.267
12999 714.203 761.199 425.427 25996 -125.439
13000 715.833 761.922 424.538 25998 -125.46
13001 717.47 762.645 423.645 26000 -125.649
13002 719.106 763.364 422.754 26002 -127.651
13003 720.741 764.079 421.863 26004 -127.463
13004 722.381 764.793 420.97 26006 -128.887
13005 724.02 765.503 420.079 26008 -129.098
13006 725.658 766.208 419.189 26010 -132.734
13007 727.3 766.912 418.297 26012 -133.531
13008 728.94 767.611 417.407 26014 -136.976
13009 730.584 768.309 416.515 26016 -137.14
13010 732.232 769.004 415.621 26018 -144.234
13011 733.878 769.693 414.73 26020 -143.429
13012 735.527 770.38 413.838 26022 -144.052
13013 737.179 771.064 412.945 26024 -144.834
13014 738.827 771.742 412.055 26026 -147.227
13015 740.478 772.417 411.164 26028 -141.289
13016 742.132 773.088 410.272 26030 -140.381
13017 743.787 773.754 409.381 26032 -149.651
13018 745.443 774.417 408.489 26034 -135.67
13019 747.101 775.075 407.598 26036 -136.901
13020 748.759 775.728 406.708 26038 -136.608
13021 750.424 776.379 405.815 26040 -130.953
13022 752.089 777.023 404.923 26042 -132.058
13023 753.754 777.662 404.032 26044 -129.349
13024 755.424 778.298 403.14 26046 -127.804
13025 757.098 778.928 402.246 26048 -127.599
13026 758.77 779.552 401.354 26050 -126.248
13027 760.446 780.171 400.462 26052 -126.484
13028 762.125 780.784 399.57 26054 -126.448
13029 763.806 781.391 398.678 26056 -125.964
13030 765.489 781.991 397.786 26058 -127.953
13031 767.173 782.585 396.895 26060 -127.507
13032 768.863 783.172 396.003 26062 -129.563
13033 770.553 783.752 395.112 26064 -132.004
13034 772.247 784.324 394.221 26066 -128.948
13035 773.945 784.889 393.33 26068 -125.951
13036 775.645 785.446 392.439 26070 -125.193
13037 777.348 785.993 391.549 26072 -122.884
13038 779.051 786.531 390.66 26074 -119.564
13039 780.759 787.06 389.772 26076 -118.982
13040 782.471 787.579 388.883 26078 -117.883
13041 784.185 788.087 387.996 26080 -116.447
13042 785.906 788.585 387.108 26082 -115.827
13043 787.626 789.069 386.222 26084 -115.488
13044 789.355 789.542 385.336 26086 -115.298
13045 791.085 790.002 384.452 26088 -115.138
13046 792.82 790.446 383.568 26090 -115.579
13047 794.562 790.876 382.685 26092 -116.382
13048 796.304 791.289 381.805 26094 -117.206
13049 798.054 791.684 380.926 26096 -119.211
13050 799.807 792.06 380.049 26098 -120.4
13051 801.567 792.415 379.174 26100 -123.204
13052 803.332 792.747 378.301 26102 -121.495
13053 805.105 793.055 377.43 26104 -119.386
13054 806.885 793.335 376.562 26106 -116.303
13055 808.67 793.585 375.699 26108 -114.139
13056 810.459 793.8 374.841 26110 -112.113
13057 812.257 793.978 373.987 26112 -110.378
13058 814.061 794.112 373.14 26114 -109.257
13059 815.872 794.198 372.302 26116 -108.226
13060 817.689 794.226 371.473 26118 -107.431
13061 819.513 794.188 370.656 26120 -106.929
13062 821.341 794.071 369.855 26122 -106.363
13063 823.168 793.86 369.075 26124 -105.925
13064 824.99 793.535 368.324 26126 -105.907
13065 826.797 793.067 367.612 26128 -105.701
13066 828.571 792.422 366.956 26130 -105.845
13067 830.279 791.564 366.379 26132 -105.764
13068 831.899 790.498 365.898 26134 -106.245
13069 833.403 789.238 365.525 26136 -106.574
13070 834.766 787.801 365.266 26138 -107.008
13071 835.973 786.216 365.12 26140 -107.575
13072 837.02 784.515 365.08 26142 -107.441
13073 837.913 782.727 365.136 26144 -107.472
13074 838.661 780.88 365.274 26146 -107.167
13075 839.281 778.991 365.484 26148 -106.444
13076 839.786 777.076 365.754 26150 -105.984
13077 840.19 775.144 366.075 26152 -105.249
13078 840.505 773.205 366.439 26154 -104.438
13079 840.741 771.261 366.841 26156 -104.148
13080 840.909 769.317 367.274 26158 -103.394
13081 841.014 767.376 367.734 26160 -103.246
13082 841.065 765.439 368.218 26162 -102.971
13083 841.066 763.508 368.723 26164 -102.738
13084 841.023 761.58 369.247 26166 -102.729
13085 840.94 759.658 369.787 26168 -102.708
13086 840.821 757.743 370.342 26170 -102.985
13087 840.667 755.832 370.91 26172 -103.387
13088 840.484 753.929 371.49 26174 -103.726
13089 840.272 752.033 372.08 26176 -104.214
13090 840.034 750.144 372.68 26178 -104.844
13091 839.772 748.26 373.289 26180 -105.755
13092 839.487 746.379 373.907 26182 -106.85
13093 839.181 744.505 374.532 26184 -108.261
13094 838.856 742.638 375.164 26186 -109.721
13095 838.513 740.778 375.801 26188 -111.26
13096 838.152 738.921 376.445 26190 -113.883
13097 837.774 737.069 377.095 26192 -117.278
13098 837.382 735.223 377.749 26194 -117.65
13099 836.974 733.381 378.409 26196 -116.699
13100 836.553 731.543 379.073 26198 -116.12
13101 836.119 729.711 379.74 26200 -113.079
13102 835.672 727.882 380.413 26202 -111.712
13103 835.214 726.06 381.087 26204 -110.335
13104 834.745 724.244 381.765 26206 -109.132
13105 834.264 722.427 382.447 26208 -108.515
13106 833.773 720.617 383.132 26210 -107.934
13107 833.272 718.809 383.82 26212 -107.487
13108 832.761 717.004 384.511 26214 -107.3
13109 832.241 715.203 385.204 26216 -106.96
13110 831.713 713.406 385.9 26218 -107.292
13111 831.176 711.615 386.597 26220 -107.038
13112 830.631 709.823 387.298 26222 -107.349
13113 830.078 708.039 387.999 26224 -107.982
13114 829.518 706.255 388.703 26226 -108.277
13115 828.95 704.474 389.409 26228 -109.24
13116 828.375 702.696 390.117 26230 -109.913
13117 827.793 700.921 390.827 26232 -110.54
13118 827.205 699.15 391.538 26234 -112.015
13119 826.61 697.383 392.249 26236 -113.655
13120 826.009 695.614 392.964 26238 -114.854
13121 825.402 693.851 393.679 26240 -116.975
13122 824.79 692.094 394.394 26242 -119.107
13123 824.172 690.336 395.112 26244 -121.423
13124 823.547 688.579 395.831 26246 -123.687
13125 822.919 686.829 396.55 26248 -119.665
13126 822.284 685.08 397.271 26250 -120.213
13127 821.645 683.333 397.992 26252 -117.41
13128 821 681.587 398.715 26254 -116.242
13129 820.351 679.844 399.439 26256 -114.299
13130 819.697 678.103 400.164 26258 -113.365
13131 819.038 676.364 400.889 26260 -111.975
13132 818.375 674.629 401.615 26262 -112.161
13133 817.706 672.891 402.343 26264 -111.474
13134 817.034 671.157 403.072 26266 -111.067
13135 816.358 669.426 403.8 26268 -110.993
13136 815.678 667.7 404.529 26270 -110.633
13137 814.993 665.971 405.259 26272 -110.56
13138 814.305 664.247 405.989 26274 -110.369
13139 813.612 662.522 406.721 26276 -110.32
13140 812.916 660.801 407.452 26278 -110.345
13141 812.215 659.08 408.185 26280 -110.568
13142 811.513 657.364 408.917 26282 -110.61
13143 810.805 655.647 409.65 26284 -110.95
13144 810.094 653.93 410.385 26286 -111.497
13145 809.38 652.218 411.119 26288 -111.73
13146 808.663 650.507 411.853 26290 -112.222
13147 807.941 648.795 412.589 26292 -112.878
13148 807.216 647.084 413.325 26294 -113.663
13149 806.489 645.379 414.06 26296 -114.172
13150 805.759 643.674 414.795 26298 -114.902
13151 805.025 641.971 415.531 26300 -115.603
13152 804.288 640.268 416.268 26302 -117.196
13153 803.548 638.565 417.005 26304 -118.706
13154 802.805 636.864 417.743 26306 -120.549
13155 802.058 635.164 418.481 26308 -121.292
13156 801.309 633.466 419.219 26310 -122.338
13157 800.556 631.768 419.957 26312 -123.308
13158 799.801 630.072 420.696 26314 -124.043
13159 799.044 628.378 421.434 26316 -126.491
13160 798.284 626.686 422.173 26318 -126.509
13161 797.521 624.995 422.911 26320 -125.442
13162 796.756 623.307 423.649 26322 -123.418
13163 795.989 621.62 424.387 26324 -121.913
13164 795.22 619.936 425.124 26326 -120.621
13165 794.446 618.248 425.864 26328 -119.617
13166 793.67 616.562 426.604 26330 -118.841
13167 792.891 614.878 427.343 26332 -118.063
13168 792.112 613.197 428.081 26334 -116.997
13169 791.33 611.519 428.819 26336 -116.232
13170 790.544 609.837 429.558 26338 -115.355
13171 789.756 608.158 430.297 26340 -115.327
13172 788.967 606.482 431.035 26342 -114.848
13173 788.173 604.803 431.776 26344 -114.78
13174 787.378 603.126 432.515 26346 -114.22
13175 786.582 601.453 433.253 26348 -113.897
13176 785.781 599.777 433.993 26350 -113.419
13177 784.98 598.104 434.732 26352 -113.426
13178 784.177 596.434 435.47 26354 -113.275
13179 783.37 594.762 436.209 26356 -112.571
13180 782.563 593.093 436.947 26358 -112.342
13181 781.754 591.428 437.684 26360 -111.688
13182 780.942 589.76 438.422 26362 -111.935
13183 780.129 588.096 439.159 26364 -111.695
13184 779.312 586.429 439.898 26366 -111.756
13185 778.494 584.767 440.635 26368 -111.434
13186 777.673 583.101 441.373 26370 -111.251
13187 776.851 581.44 442.11 26372 -111.688
13188 776.026 579.777 442.848 26374 -111.5
13189 775.2 578.117 443.584 26376 -111.092
13190 774.371 576.456 444.322 26378 -110.865
13191 773.542 574.799 445.057 26380 -110.894
13192 772.709 573.139 445.794 26382 -110.878
13193 771.876 571.485 446.529 26384 -110.959
13194 771.04 569.828 447.266 26386 -110.799
13195 770.203 568.176 448 26388 -110.771
13196 769.364 566.522 448.735 26390 -111.036
13197 768.521 564.866 449.471 26392 -110.667
13198 767.678 563.215 450.205 26394 -110.391
13199 766.832 561.562 450.94 26396 -110.288
13200 765.987 559.914 451.673 26398 -110.408
13201 765.138 558.264 452.406 26400 -110.446
13202 764.286 556.613 453.141 26402 -110.269
13203 763.435 554.967 453.873 26404 -110.204
13204 762.581 553.32 454.606 26406 -110.142
13205 761.724 551.67 455.34 26408 -110.247
13206 760.867 550.027 456.071 26410 -109.849
13207 760.008 548.382 456.803 26412 -109.949
13208 759.145 546.735 457.535 26414 -110.12
13209 758.284 545.094 458.265 26416 -110.004
13210 757.42 543.452 458.996 26418 -109.535
13211 756.552 541.808 459.727 26420 -109.664
13212 755.683 540.164 460.458 26422 -109.581
13213 754.814 538.525 461.187 26424 -109.562
13214 753.942 536.885 461.916 26426 -109.654
13215 753.068 535.244 462.646 26428 -109.531
13216 752.191 533.602 463.376 26430 -109.297
13217 751.316 531.966 464.103 26432 -109.429
13218 750.438 530.329 464.831 26434 -109.219
13219 749.557 528.691 465.559 26436 -109.326
13220 748.674 527.053 466.287 26438 -108.867
13221 747.792 525.42 467.012 26440 -108.956
13222 746.908 523.787 467.737 26442 -109.019
13223 746.022 522.154 468.462 26444 -109.017
13224 745.133 520.519 469.188 26446 -108.752
13225 744.242 518.884 469.914 26448 -108.458
13226 743.352 517.256 470.636 26450 -108.66
13227 742.46 515.627 471.359 26452 -108.42
13228 741.566 513.997 472.081 26454 -108.164
13229 740.67 512.367 472.804 26456 -108.448
13230 739.771 510.737 473.526 26458 -108.393
13231 738.871 509.107 474.249 26460 -108.204
13232 737.968 507.476 474.971 26462 -108.163
13233 737.067 505.852 475.69 26464 -108.159
13234 736.165 504.227 476.409 26466 -108.208
13235 735.26 502.603 477.127 26468 -108.033
13236 734.353 500.978 477.846 26470 -107.746
13237 733.444 499.354 478.564 26472 -107.866
13238 732.533 497.729 479.282 26474 -107.914
13239 731.62 496.104 479.999 26476 -107.824
13240 730.706 494.48 480.716 26478 -107.841
13241 729.789 492.855 481.433 26480 -107.552
13242 728.871 491.231 482.149 26482 -107.72
13243 727.951 489.606 482.865 26484 -107.524
13244 727.029 487.982 483.581 26486 -107.626
13245 726.11 486.366 484.293 26488 -107.693
13246 725.188 484.749 485.004 26490 -107.797
13247 724.265 483.133 485.715 26492 -107.805
13248 723.341 481.518 486.425 26494 -107.548
13249 722.415 479.903 487.134 26496 -107.597
13250 721.487 478.288 487.843 26498 -107.74
13251 720.557 476.674 488.551 26500 -107.789
13252 719.626 475.06 489.259 26502 -107.801
13253 718.694 473.447 489.966 26504 -108.052
13254 717.76 471.835 490.672 26506 -108.544
13255 716.824 470.223 491.377 26508 -108.542
13256 715.887 468.612 492.082 26510 -108.47
13257 714.949 467.002 492.785 26512 -108.806
13258 714.009 465.393 493.488 26514 -108.884
13259 713.068 463.784 494.19 26516 -109.24
13260 712.122 462.17 494.894 26518 -109.032
13261 711.174 460.556 495.597 26520 -108.633
13262 710.224 458.943 496.299 26522 -109.364
13263 709.274 457.332 497 26524 -109.964
13264 708.322 455.721 497.701 26526 -111.098
13265 707.369 454.111 498.399 26528 -111.598
13266 706.415 452.503 499.097 26530 -110.277
13267 705.459 450.896 499.794 26532 -110.897
13268 704.503 449.29 500.49 26534 -113.477
13269 703.545 447.686 501.184 26536 -113.179
13270 702.586 446.082 501.877 26538 -112.233
13271 701.627 444.481 502.569 26540 -115.356
13272 700.662 442.873 503.263 26542 -114.7
13273 699.695 441.267 503.955 26544 -114.127
13274 698.728 439.663 504.646 26546 -120.289
13275 697.76 438.06 505.335 26548 -114.165
13276 696.791 436.459 506.024 26550 -123.326
13277 695.821 434.859 506.71 26552 -115.341
13278 694.846 433.254 507.399 26554 -124.842
13279 693.87 431.651 508.085 26556 -115.05
13280 692.894 430.05 508.771 26558 -120.832
13281 691.916 428.451 509.454 26560 -114.611
13282 690.938 426.853 510.136 26562 -113.988
13283 689.959 425.258 510.817 26564 -119.264
13284 688.975 423.657 511.498 26566 -110.88
13285 687.99 422.059 512.178 26568 -112.706
13286 687.004 420.462 512.856 26570 -113.83
13287 686.018 418.868 513.533 26572 -109.287
13288 685.027 417.269 514.21 26574 -109.843
13289 684.036 415.672 514.886 26576 -111.272
13290 683.043 414.078 515.56 26578 -108.961
13291 682.051 412.486 516.232 26580 -107.395
13292 681.053 410.889 516.905 26582 -107.299
13293 680.055 409.295 517.576 26584 -107.712
13294 679.057 407.704 518.244 26586 -107.511
13295 678.058 406.115 518.911 26588 -106.672
13296 677.054 404.521 519.579 26590 -105.761
13297 676.05 402.931 520.244 26592 -105.197
13298 675.045 401.343 520.908 26594 -104.9
13299 674.036 399.751 521.572 26596 -104.866
13300 673.027 398.162 522.233 26598 -104.878
13301 672.018 396.575 522.893 26600 -104.751
13302 671.003 394.985 523.553 26602 -104.549
13303 669.989 393.398 524.21 26604 -104.335
13304 668.974 391.814 524.865 26606 -104.092
13305 667.955 390.227 525.521 26608 -103.985
13306 666.936 388.642 526.174 26610 -103.946
13307 665.913 387.054 526.827 26612 -103.846
13308 664.889 385.469 527.478 26614 -103.843
13309 663.865 383.888 528.126 26616 -103.837
13310 662.837 382.304 528.774 26618 -103.841
13311 661.81 380.722 529.419 26620 -103.946
13312 660.777 379.138 530.065 26622 -104.047
13313 659.745 377.558 530.707 26624 -104.072
13314 658.709 375.974 531.35 26626 -104.235
13315 657.673 374.394 531.989 26628 -104.379
13316 656.632 372.812 532.629 26630 -104.569
13317 655.592 371.233 533.265 26632 -104.954
13318 654.548 369.652 533.901 26634 -105.341
13319 653.504 368.075 534.534 26636 -105.713
13320 652.457 366.495 535.166 26638 -106.195
13321 651.409 364.919 535.796 26640 -106.696
13322 650.358 363.341 536.424 26642 -107.157
13323 649.307 361.768 537.05 26644 -107.864
13324 648.252 360.192 537.674 26646 -108.687
13325 647.193 358.615 538.298 26648 -109.495
13326 646.135 357.042 538.918 26650 -110.43
13327 645.073 355.467 539.538 26652 -111.38
13328 644.012 353.897 540.154 26654 -112.359
13329 642.947 352.325 540.769 26656 -113.695
13330 641.878 350.751 541.382 26658 -115.016
13331 640.811 349.183 541.992 26660 -115.83
13332 639.739 347.614 542.601 26662 -115.628
13333 638.665 346.043 543.208 26664 -115.516
13334 637.591 344.477 543.811 26666 -114.735
13335 636.513 342.91 544.413 26668 -113.383
13336 635.432 341.343 545.013 26670 -112.184
13337 634.348 339.775 545.611 26672 -110.957
13338 633.261 338.206 546.208 26674 -109.83
13339 632.175 336.643 546.8 26676 -108.702
13340 631.085 335.079 547.391 26678 -107.861
13341 629.993 333.516 547.979 26680 -107.256
13342 628.897 331.952 548.566 26682 -106.328
13343 627.799 330.388 549.15 26684 -105.796
13344 626.697 328.824 549.731 26686 -105.233
13345 625.593 327.261 550.311 26688 -104.612
13346 624.49 325.703 550.885 26690 -104.185
13347 623.384 324.147 551.457 26692 -103.851
13348 622.275 322.591 552.026 26694 -103.532
13349 621.164 321.036 552.593 26696 -103.155
13350 620.05 319.482 553.157 26698 -103.045
13351 618.933 317.928 553.717 26700 -102.727
13352 617.815 316.376 554.275 26702 -102.559
13353 616.689 314.82 554.831 26704 -102.452
13354 615.561 313.266 555.384 26706 -102.441
13355 614.431 311.713 555.934 26708 -102.311
13356 613.298 310.162 556.48 26710 -102.414
13357 612.164 308.613 557.022 26712 -102.505
13358 611.027 307.066 557.56 26714 -102.463
13359 609.884 305.516 558.097 26716 -102.66
13360 608.739 303.968 558.629 26718 -102.837
13361 607.593 302.424 559.157 26720 -103.087
13362 606.44 300.877 559.683 26722 -103.305
13363 605.286 299.333 560.204 26724 -103.805
13364 604.13 297.792 560.721 26726 -104.172
13365 602.969 296.25 561.235 26728 -104.494
13366 601.806 294.711 561.743 26730 -105.198
13367 600.637 293.171 562.249 26732 -105.661
13368 599.468 291.635 562.749 26734 -106.31
13369 598.293 290.099 563.246 26736 -107.333
13370 597.113 288.561 563.739 26738 -108.193
13371 595.932 287.029 564.226 26740 -109.22
13372 594.746 285.497 564.708 26742 -110.381
13373 593.556 283.965 565.187 26744 -111.541
13374 592.361 282.433 565.66 26746 -112.776
13375 591.165 280.908 566.128 26748 -113.853
13376 589.965 279.383 566.59 26750 -114.733
13377 588.76 277.86 567.047 26752 -114.919
13378 587.552 276.339 567.498 26754 -113.842
13379 586.339 274.82 567.943 26756 -112.388
13380 585.119 273.299 568.384 26758 -111.191
13381 583.895 271.781 568.819 26760 -110.031
13382 582.668 270.266 569.247 26762 -108.813
13383 581.437 268.754 569.668 26764 -107.879
13384 580.199 267.242 570.083 26766 -106.944
13385 578.958 265.735 570.491 26768 -106.006
13386 577.711 264.227 570.892 26770 -105.317
13387 576.457 262.721 571.286 26772 -104.786
13388 575.201 261.22 571.672 26774 -104.227
13389 573.938 259.721 572.051 26776 -103.854
13390 572.67 258.225 572.421 26778 -103.483
13391 571.396 256.731 572.783 26780 -103.078
13392 570.117 255.241 573.136 26782 -102.764
13393 568.829 253.751 573.481 26784 -102.576
13394 567.536 252.265 573.817 26786 -102.395
13395 566.239 250.785 574.142 26788 -102.374
13396 564.933 249.307 574.457 26790 -102.39
13397 563.62 247.831 574.762 26792 -102.413
13398 562.3 246.359 575.057 26794 -102.413
13399 560.973 244.892 575.34 26796 -102.475
13400 559.64 243.43 575.61 26798 -102.683
13401 558.3 241.973 575.868 26800 -102.998
13402 556.949 240.521 576.116 26802 -103.283
13403 555.587 239.078 576.355 26804 -103.7
13404 554.215 237.646 576.585 26806 -104.21
13405 552.834 236.224 576.808 26808 -104.499
13406 551.44 234.809 577.023 26810 -104.992
13407 550.037 233.403 577.231 26812 -105.903
13408 548.625 232.007 577.43 26814 -106.647
13409 547.202 230.618 577.623 26816 -107.46
13410 545.771 229.239 577.808 26818 -108.492
13411 544.329 227.866 577.987 26820 -109.671
13412 542.88 226.503 578.158 26822 -111.09
13413 541.42 225.147 578.322 26824 -112.101
13414 539.954 223.8 578.48 26826 -113.601
13415 538.478 222.46 578.631 26828 -114.66
13416 536.997 221.13 578.775 26830 -114.612
13417 535.506 219.806 578.913 26832 -114.29
13418 534.011 218.491 579.045 26834 -112.95
13419 532.506 217.184 579.17 26836 -111.541
13420 530.993 215.882 579.29 26838 -110.294
13421 529.477 214.59 579.403 26840 -108.956
13422 527.952 213.305 579.511 26842 -107.953
13423 526.419 212.026 579.612 26844 -107.025
13424 524.884 210.756 579.708 26846 -106.217
13425 523.341 209.493 579.798 26848 -105.575
13426 521.792 208.236 579.883 26850 -104.858
13427 520.236 206.986 579.962 26852 -104.382
13428 518.673 205.741 580.036 26854 -103.899
13429 517.104 204.503 580.105 26856 -103.575
13430 515.534 203.274 580.169 26858 -103.265
13431 513.958 202.052 580.227 26860 -103
13432 512.376 200.836 580.28 26862 -102.809
13433 510.789 199.626 580.328 26864 -102.666
13434 509.197 198.422 580.371 26866 -102.586
13435 507.6 197.224 580.41 26868 -102.585
13436 505.999 196.032 580.444 26870 -102.633
13437 504.393 194.847 580.473 26872 -102.796
13438 502.782 193.667 580.497 26874 -102.891
13439 501.168 192.494 580.517 26876 -103.133
13440 499.549 191.327 580.532 26878 -103.343
13441 497.927 190.166 580.543 26880 -103.726
13442 496.302 189.011 580.549 26882 -104.142
13443 494.668 187.859 580.551 26884 -104.607
13444 493.031 186.713 580.549 26886 -105.324
13445 491.391 185.573 580.543 26888 -105.991
13446 489.748 184.439 580.532 26890 -106.83
13447 488.102 183.311 580.517 26892 -107.756
13448 486.449 182.185 580.498 26894 -108.526
13449 484.794 181.066 580.475 26896 -110.118
13450 483.136 179.953 580.449 26898 -111.149
13451 481.477 178.846 580.418 26900 -112.511
13452 479.81 177.741 580.383 26902 -113.784
13453 478.142 176.643 580.345 26904 -114.002
13454 476.472 175.551 580.302 26906 -114.037
13455 474.796 174.461 580.256 26908 -113.213
13456 473.118 173.377 580.207 26910 -111.593
13457 471.44 172.299 580.153 26912 -110.106
13458 469.755 171.224 580.096 26914 -109.35
13459 468.069 170.155 580.035 26916 -107.865
13460 466.383 169.092 579.971 26918 -106.859
13461 464.691 168.032 579.904 26920 -106.172
13462 462.999 166.978 579.832 26922 -105.384
13463 461.301 165.926 579.758 26924 -104.548
13464 459.602 164.881 579.68 26926 -104.214
13465 457.899 163.838 579.598 26928 -103.635
13466 456.196 162.801 579.513 26930 -103.187
13467 454.487 161.766 579.425 26932 -102.948
13468 452.779 160.738 579.334 26934 -102.719
13469 451.066 159.713 579.239 26936 -102.405
13470 449.354 158.693 579.142 26938 -102.383
13471 447.637 157.676 579.04 26940 -102.288
13472 445.921 156.665 578.936 26942 -102.262
13473 444.201 155.657 578.829 26944 -102.301
13474 442.476 154.652 578.718 26946 -102.47
13475 440.752 153.652 578.605 26948 -102.581
13476 439.025 152.656 578.488 26950 -102.839
13477 437.298 151.665 578.369 26952 -103.258
13478 435.568 150.677 578.246 26954 -103.701
13479 433.834 149.692 578.121 26956 -103.963
13480 432.102 148.713 577.992 26958 -104.638
13481 430.366 147.736 577.861 26960 -105.361
13482 428.627 146.762 577.726 26962 -106.157
13483 426.884 145.792 577.589 26964 -106.876
13484 425.143 144.827 577.449 26966 -108.041
13485 423.399 143.864 577.306 26968 -109.154
13486 421.652 142.905 577.16 26970 -110.428
13487 419.908 141.952 577.011 26972 -111.386
13488 418.16 141.001 576.86 26974 -112.794
13489 416.41 140.054 576.706 26976 -113.792
13490 414.657 139.109 576.549 26978 -113.272
13491 412.901 138.167 576.389 26980 -112.366
13492 411.148 137.231 576.226 26982 -110.882
13493 409.393 136.298 576.061 26984 -109.692
13494 407.635 135.368 575.893 26986 -108.36
13495 405.875 134.44 575.723 26988 -107.267
13496 404.113 133.516 575.549 26990 -106.201
13497 402.348 132.594 575.373 26992 -105.438
13498 400.581 131.676 575.194 26994 -104.687
13499 398.813 130.76 575.013 26996 -104.101
13500 397.048 129.851 574.829 26998 -103.456
13501 395.281 128.944 574.643 27000 -103.111
13502 393.513 128.04 574.454 27002 -102.707
13503 391.743 127.139 574.263 27004 -102.405
13504 389.972 126.242 574.069 27006 -102.186
13505 388.199 125.347 573.872 27008 -101.987
13506 386.424 124.455 573.673 27010 -101.946
13507 384.649 123.567 573.471 27012 -101.893
13508 382.872 122.681 573.267 27014 -101.883
13509 381.094 121.798 573.06 27016 -101.951
13510 379.315 120.919 572.851 27018 -102.243
13511 377.535 120.042 572.64 27020 -102.427
13512 375.754 119.169 572.425 27022 -102.75
13513 373.972 118.299 572.209 27024 -103.055
13514 372.19 117.432 571.99 27026 -103.701
13515 370.407 116.568 571.768 27028 -104.141
13516 368.618 115.704 571.544 27030 -104.964
13517 366.828 114.844 571.317 27032 -105.448
13518 365.038 113.986 571.087 27034 -106.622
13519 363.247 113.132 570.856 27036 -107.446
13520 361.457 112.281 570.622 27038 -109.034
13521 359.666 111.434 570.385 27040 -109.864
13522 357.876 110.589 570.147 27042 -111.139
13523 356.079 109.745 569.905 27044 -111.758
13524 354.283 108.905 569.661 27046 -112.579
13525 352.487 108.067 569.415 27048 -112.11
13526 350.691 107.233 569.166 27050 -111.446
13527 348.896 106.403 568.916 27052 -109.996
13528 347.096 105.573 568.662 27054 -108.756
13529 345.296 104.746 568.406 27056 -107.384
13530 343.497 103.923 568.148 27058 -106.477
13531 341.698 103.103 567.887 27060 -105.621
13532 339.895 102.284 567.624 27062 -104.887
13533 338.093 101.468 567.359 27064 -103.957
13534 336.292 100.656 567.091 27066 -103.344
13535 334.486 99.8448 566.82 27068 -102.828
13536 332.681 99.037 566.547 27070 -102.574
13537 330.878 98.2328 566.273 27072 -102.195
13538 329.07 97.4294 565.995 27074 -102.007
13539 327.264 96.6297 565.715 27076 -101.649
13540 325.454 95.8309 565.432 27078 -101.662
13541 323.645 95.0359 565.147 27080 -101.545
13542 321.833 94.2418 564.859 27082 -101.699
13543 320.022 93.4515 564.569 27084 -101.662
13544 318.214 92.6649 564.277 27086 -101.826
13545 316.401 91.8795 563.982 27088 -101.981
13546 314.592 91.0978 563.685 27090 -102.427
13547 312.778 90.3174 563.386 27092 -102.848
13548 310.961 89.5383 563.083 27094 -103.349
13549 309.147 88.7631 562.778 27096 -103.83
13550 307.33 87.9893 562.47 27098 -104.533
13551 305.516 87.2193 562.161 27100 -105.358
13552 303.698 86.4509 561.848 27102 -106.271
13553 301.884 85.6863 561.534 27104 -107.253
13554 300.067 84.9234 561.217 27106 -108.585
13555 298.248 84.162 560.897 27108 -109.697
13556 296.432 83.4047 560.575 27110 -110.617
13557 294.613 82.6491 560.25 27112 -111.6
13558 292.793 81.8953 559.922 27114 -112.129
13559 290.97 81.1432 559.592 27116 -111.292
13560 289.152 80.3953 559.259 27118 -110.199
13561 287.331 79.6493 558.924 27120 -109.031
13562 285.509 78.9053 558.586 27122 -107.929
13563 283.686 78.1632 558.245 27124 -106.631
13564 281.861 77.4232 557.901 27126 -105.934
13565 280.035 76.6852 557.554 27128 -104.852
13566 278.214 75.9518 557.206 27130 -104.118
13567 276.392 75.2204 556.855 27132 -103.411
13568 274.569 74.4914 556.501 27134 -103.059
13569 272.745 73.7646 556.144 27136 -102.486
13570 270.921 73.0403 555.784 27138 -102.192
13571 269.097 72.3183 555.422 27140 -101.795
13572 267.273 71.5988 555.057 27142 -101.52
13573 265.449 70.8819 554.689 27144 -101.469
13574 263.62 70.1654 554.317 27146 -101.468
13575 261.791 69.4516 553.942 27148 -101.418
13576 259.962 68.7406 553.565 27150 -101.458
13577 258.135 68.0324 553.185 27152 -101.741
13578 256.308 67.3271 552.802 27154 -101.72
13579 254.478 66.6227 552.415 27156 -102.27
13580 252.648 65.9212 552.025 27158 -102.57
13581 250.821 65.2229 551.633 27160 -103.114
13582 248.989 64.5257 551.237 27162 -103.493
13583 247.16 63.8318 550.838 27164 -104.218
13584 245.327 63.1393 550.436 27166 -105.063
13585 243.497 62.4501 550.03 27168 -106.301
13586 241.665 61.7625 549.621 27170 -106.97
13587 239.835 61.0784 549.209 27172 -108.224
13588 238.003 60.3961 548.793 27174 -108.972
13589 236.175 59.7176 548.375 27176 -110.398
13590 234.345 59.041 547.953 27178 -111.054
13591 232.513 58.3664 547.527 27180 -111.424
13592 230.681 57.694 547.097 27182 -110.911
13593 228.848 57.0239 546.663 27184 -109.594
13594 227.015 56.3563 546.226 27186 -108.514
13595 225.181 55.6911 545.784 27188 -107.305
13596 223.348 55.0287 545.339 27190 -106.226
13597 221.516 54.369 544.89 27192 -105.613
13598 219.684 53.7123 544.438 27194 -104.441
13599 217.854 53.0586 543.981 27196 -103.849
13600 216.025 52.4081 543.521 27198 -103.186
13601 214.194 51.7592 543.056 27200 -102.783
13602 212.365 51.1138 542.587 27202 -102.306
13603 210.534 50.4704 542.113 27204 -102.015
13604 208.701 49.8291 541.634 27206 -101.72
13605 206.872 49.1918 541.151 27208 -101.576
13606 205.043 48.557 540.664 27210 -101.561
13607 203.213 47.9249 540.171 27212 -101.505
13608 201.384 47.2958 539.674 27214 -101.442
13609 199.556 46.6697 539.172 27216 -101.747
13610 197.73 46.047 538.665 27218 -101.921
13611 195.901 45.4263 538.151 27220 -102.299
13612 194.075 44.8094 537.633 27222 -102.509
13613 192.247 44.195 537.109 27224 -103.18
13614 190.419 43.5835 536.578 27226 -103.523
13615 188.592 42.9751 536.042 27228 -104.654
13616 186.766 42.37 535.5 27230 -104.991
13617 184.942 41.7687 534.951 27232 -106.273
13618 183.12 41.1714 534.396 27234 -106.968
13619 181.298 40.5771 533.835 27236 -108.617
13620 179.476 39.9861 533.266 27238 -109.433
13621 177.655 39.3988 532.689 27240 -110.975
13622 175.837 38.8157 532.106 27242 -110.74
13623 174.018 38.2359 531.514 27244 -111.171
13624 172.2 37.6598 530.914 27246 -110.106
13625 170.385 37.088 530.305 27248 -109.67
13626 168.572 36.5209 529.688 27250 -108.126
13627 166.761 35.958 529.061 27252 -107.076
13628 164.952 35.3998 528.425 27254 -105.984
13629 163.144 34.8458 527.778 27256 -105.438
13630 161.338 34.2967 527.121 27258 -104.514
13631 159.537 33.7533 526.453 27260 -104.005
13632 157.736 33.2143 525.771 27262 -103.411
13633 155.94 32.6816 525.078 27264 -103.224
13634 154.146 32.1541 524.371 27266 -102.665
13635 152.355 31.633 523.649 27268 -102.624
13636 150.569 31.1184 522.913 27270 -102.487
13637 148.79 30.6115 522.161 27272 -102.665
13638 147.017 30.1121 521.391 27274 -102.444
13639 145.246 29.62 520.601 27276 -102.966
13640 143.484 29.137 519.791 27278 -103.054
13641 141.731 28.6634 518.96 27280 -103.703
13642 139.986 28.2001 518.103 27282 -104.165
13643 138.251 27.7483 517.22 27284 -105.087
13644 136.528 27.3088 516.307 27286 -105.693
13645 134.819 26.8833 515.36 27288 -107.013
13646 133.128 26.4742 514.376 27290 -107.982
13647 131.458 26.0836 513.349 27292 -109.954
13648 129.815 25.7147 512.274 27294 -111.29
13649 128.204 25.3714 511.142 27296 -113.331
13650 126.634 25.0592 509.943 27298 -115.215
13651 125.122 24.786 508.665 27300 -116.631
13652 123.688 24.5627 507.291 27302 -118.115
13653 122.366 24.4054 505.801 27304 -119.634
13654 121.213 24.3381 504.172 27306 -122.85
13655 120.318 24.3955 502.388 27308 -121.709
13656 119.816 24.618 500.472 27310 -104.951
13657 119.828 25.0261 498.522 27312 -101.618
13658 120.346 25.5854 496.679 27314 -99.8952
13659 121.208 26.2303 494.997 27316 -98.8343
13660 122.286 26.9209 493.464 27318 -98.2275
13661 123.505 27.6366 492.052 27320 -98.1436
13662 124.821 28.3672 490.737 27322 -97.8884
13663 126.206 29.1078 489.501 27324 -97.4862
13664 127.643 29.8553 488.329 27326 -97.4412
13665 129.121 30.6074 487.211 27328 -97.3667
13666 130.63 31.3626 486.14 27330 -97.5451
13667 132.165 32.12 485.109 27332 -97.7477
13668 133.722 32.88 484.113 27334 -97.2247
13669 135.295 33.6413 483.147 27336 -97.2785
13670 136.885 34.4043 482.208 27338 -97.4131
13671 138.49 35.1693 481.293 27340 -97.4624
13672 140.104 35.9345 480.4 27342 -97.4164
13673 141.729 36.7013 479.527 27344 -97.3836
13674 143.365 37.4699 478.671 27346 -97.5533
13675 145.007 38.2385 477.833 27348 -97.4665
13676 146.656 39.008 477.01 27350 -97.5094
13677 148.311 39.7783 476.202 27352 -97.9171
13678 149.972 40.5494 475.406 27354 -97.531
13679 151.638 41.3215 474.623 27356 -97.6285
13680 153.31 42.0949 473.85 27358 -98.0135
13681 154.986 42.8688 473.089 27360 -97.7781
13682 156.666 43.6435 472.338 27362 -97.9774
13683 158.352 44.42 471.596 27364 -98.1827
13684 160.041 45.1973 470.862 27366 -98.0284
13685 161.732 45.9748 470.138 27368 -98.2604
13686 163.427 46.7533 469.421 27370 -98.4872
13687 165.123 47.5323 468.713 27372 -98.4586
13688 166.823 48.3129 468.011 27374 -98.5531
13689 168.527 49.0946 467.315 27376 -98.7849
13690 170.232 49.8767 466.627 27378 -98.8812
13691 171.937 50.6589 465.945 27380 -99.0196
13692 173.645 51.4425 465.27 27382 -99.4178
13693 175.355 52.2269 464.6 27384 -99.1732
13694 177.066 53.012 463.935 27386 -99.5886
13695 178.782 53.7991 463.275 27388 -99.874
13696 180.496 54.5859 462.622 27390 -99.9056
13697 182.213 55.3741 461.972 27392 -100.326
13698 183.932 56.1634 461.327 27394 -100.203
13699 185.651 56.9534 460.687 27396 -100.632
13700 187.371 57.7439 460.052 27398 -101.138
13701 189.095 58.5365 459.42 27400 -101.126
13702 190.817 59.329 458.793 27402 -101.367
13703 192.542 60.1232 458.169 27404 -101.816
13704 194.265 60.9168 457.55 27406 -101.786
13705 195.989 61.7115 456.935 27408 -102.585
13706 197.714 62.5073 456.324 27410 -102.642
13707 199.44 63.3038 455.716 27412 -102.925
13708 201.17 64.103 455.11 27414 -103.392
13709 202.9 64.9027 454.507 27416 -103.209
13710 204.629 65.7026 453.909 27418 -104.132
13711 206.361 66.5046 453.312 27420 -104.228
13712 208.091 67.3065 452.72 27422 -104.429
13713 209.824 68.1104 452.13 27424 -104.81
13714 211.554 68.9137 451.543 27426 -104.57
13715 213.286 69.7185 450.96 27428 -104.948
13716 215.019 70.5249 450.378 27430 -105.484
13717 216.754 71.3326 449.799 27432 -104.741
13718 218.489 72.1415 449.222 27434 -105.186
13719 220.225 72.9514 448.648 27436 -104.69
13720 221.961 73.7623 448.076 27438 -104.572
13721 223.697 74.5739 447.507 27440 -104.727
13722 225.432 75.3863 446.941 27442 -103.867
13723 227.167 76.1992 446.377 27444 -103.924
13724 228.901 77.0126 445.815 27446 -102.979
13725 230.639 77.8287 445.255 27448 -103.216
13726 232.375 78.6451 444.697 27450 -102.714
13727 234.109 79.4616 444.143 27452 -102.257
13728 235.847 80.2806 443.589 27454 -101.798
13729 237.583 81.0995 443.038 27456 -101.354
13730 239.321 81.9207 442.488 27458 -101.243
13731 241.056 82.7417 441.941 27460 -100.69
13732 242.794 83.5648 441.395 27462 -100.304
13733 244.529 84.3874 440.852 27464 -99.9019
13734 246.266 85.212 440.31 27466 -99.6571
13735 248.004 86.0386 439.77 27468 -99.3605
13736 249.739 86.8644 439.232 27470 -99.0229
13737 251.475 87.692 438.696 27472 -98.7281
13738 253.213 88.5214 438.161 27474 -98.3173
13739 254.951 89.3524 437.627 27476 -98.2223
13740 256.685 90.1823 437.096 27478 -97.9049
13741 258.42 91.0137 436.567 27480 -97.6885
13742 260.156 91.8465 436.039 27482 -97.4474
13743 261.891 92.6807 435.512 27484 -97.1913
13744 263.628 93.5163 434.987 27486 -97.2911
13745 265.364 94.3531 434.463 27488 -96.8081
13746 267.1 95.1911 433.94 27490 -96.9099
13747 268.837 96.0303 433.419 27492 -96.4246
13748 270.573 96.8705 432.9 27494 -96.5334
13749 272.308 97.7118 432.382 27496 -96.4182
13750 274.043 98.5541 431.865 27498 -96.1919
13751 275.778 99.3973 431.35 27500 -96.132
13752 277.511 100.241 430.837 27502 -96.1234
13753 279.244 101.086 430.325 27504 -96.0696
13754 280.975 101.932 429.814 27506 -96.0967
13755 282.711 102.781 429.304 27508 -95.9934
13756 284.446 103.631 428.795 27510 -95.8545
13757 286.179 104.481 428.287 27512 -96.1514
13758 287.911 105.332 427.781 27514 -95.9528
13759 289.647 106.187 427.275 27516 -96.0584
13760 291.381 107.042 426.771 27518 -96.0405
13761 293.113 107.897 426.268 27520 -96.2359
13762 294.844 108.753 425.767 27522 -96.1368
13763 296.578 109.612 425.266 27524 -96.4588
13764 298.309 110.471 424.767 27526 -96.349
13765 300.039 111.331 424.269 27528 -96.7081
13766 301.772 112.193 423.772 27530 -96.8009
13767 303.502 113.056 423.276 27532 -96.9807
13768 305.23 113.919 422.781 27534 -97.0253
13769 306.961 114.785 422.287 27536 -97.638
13770 308.689 115.652 421.794 27538 -97.6845
13771 310.421 116.521 421.302 27540 -97.8794
13772 312.149 117.39 420.811 27542 -98.1825
13773 313.88 118.262 420.32 27544 -98.8576
13774 315.608 119.134 419.832 27546 -98.871
13775 317.333 120.006 419.344 27548 -99.3548
13776 319.06 120.881 418.857 27550 -99.7093
13777 320.784 121.756 418.372 27552 -100.505
13778 322.51 122.633 417.887 27554 -100.545
13779 324.239 123.513 417.402 27556 -101.213
13780 325.964 124.393 416.919 27558 -101.858
13781 327.691 125.276 416.436 27560 -102.559
13782 329.414 126.158 415.955 27562 -102.542
13783 331.14 127.044 415.474 27564 -103.541
13784 332.861 127.928 414.995 27566 -103.973
13785 334.584 128.815 414.516 27568 -104.729
13786 336.309 129.705 414.037 27570 -104.469
13787 338.03 130.595 413.561 27572 -104.937
13788 339.753 131.487 413.084 27574 -104.939
13789 341.471 132.378 412.609 27576 -105.12
13790 343.19 133.272 412.135 27578 -104.524
13791 344.912 134.169 411.661 27580 -104.303
13792 346.628 135.065 411.188 27582 -103.353
13793 348.346 135.963 410.716 27584 -103.06
13794 350.065 136.864 410.245 27586 -102.48
13795 351.786 137.767 409.773 27588 -101.941
13796 353.501 138.67 409.304 27590 -101.154
13797 355.218 139.575 408.835 27592 -100.611
13798 356.935 140.482 408.366 27594 -99.9676
13799 358.648 141.389 407.899 27596 -99.6048
13800 360.361 142.298 407.432 27598 -99.259
13801 362.075 143.209 406.966 27600 -98.5412
13802 363.79 144.122 406.5 27602 -98.2785
13803 365.506 145.038 406.034 27604 -97.6744
13804 367.216 145.953 405.571 27606 -97.5076
13805 368.927 146.87 405.108 27608 -97.1479
13806 370.638 147.79 404.645 27610 -96.9087
13807 372.35 148.712 404.183 27612 -96.6919
13808 374.062 149.635 403.721 27614 -96.3371
13809 375.768 150.558 403.261 27616 -96.168
13810 377.475 151.483 402.801 27618 -95.9239
13811 379.181 152.41 402.342 27620 -95.8938
13812 380.888 153.34 401.883 27622 -95.688
13813 382.595 154.271 401.425 27624 -95.6603
13814 384.302 155.205 400.967 27626 -95.5106
13815 386.009 156.141 400.51 27628 -95.4826
13816 387.71 157.075 400.055 27630 -95.4426
13817 389.41 158.012 399.6 27632 -95.3777
13818 391.11 158.95 399.146 27634 -95.4993
13819 392.81 159.891 398.692 27636 -95.5032
13820 394.51 160.834 398.239 27638 -95.7136
13821 396.209 161.778 397.786 27640 -95.7774
13822 397.907 162.725 397.334 27642 -95.9161
13823 399.605 163.674 396.882 27644 -96.1204
13824 401.303 164.625 396.431 27646 -96.2299
13825 403 165.578 395.98 27648 -96.5808
13826 404.696 166.532 395.53 27650 -96.7475
13827 406.391 167.489 395.081 27652 -97.0897
13828 408.086 168.448 394.632 27654 -97.4375
13829 409.779 169.408 394.183 27656 -97.7494
13830 411.472 170.371 393.736 27658 -98.3332
13831 413.164 171.335 393.288 27660 -98.7355
13832 414.854 172.301 392.842 27662 -99.4084
13833 416.543 173.27 392.396 27664 -100.003
13834 418.231 174.24 391.95 27666 -100.567
13835 419.918 175.211 391.506 27668 -101.416
13836 421.604 176.185 391.062 27670 -101.956
13837 423.288 177.161 390.618 27672 -102.9
13838 424.97 178.138 390.176 27674 -103.518
13839 426.651 179.117 389.734 27676 -104.055
13840 428.331 180.098 389.292 27678 -104.852
13841 430.008 181.081 388.852 27680 -104.921
13842 431.684 182.065 388.412 27682 -105.195
13843 433.365 183.055 387.971 27684 -104.816
13844 435.043 184.046 387.53 27686 -104.407
13845 436.72 185.039 387.091 27688 -103.886
13846 438.395 186.034 386.652 27690 -102.775
13847 440.067 187.031 386.214 27692 -102.169
13848 441.738 188.029 385.777 27694 -101.302
13849 443.406 189.029 385.341 27696 -100.579
13850 445.078 190.035 384.904 27698 -99.9646
13851 446.748 191.042 384.467 27700 -99.1778
13852 448.415 192.05 384.032 27702 -98.7187
13853 450.08 193.061 383.597 27704 -98.1466
13854 451.743 194.073 383.163 27706 -97.5943
13855 453.409 195.09 382.728 27708 -97.2501
13856 455.072 196.109 382.294 27710 -96.8312
13857 456.733 197.129 381.861 27712 -96.45
13858 458.39 198.151 381.429 27714 -96.2025
13859 460.045 199.174 380.998 27716 -95.895
13860 461.703 200.203 380.566 27718 -95.6223
13861 463.358 201.234 380.135 27720 -95.5263
13862 465.01 202.265 379.705 27722 -95.2968
13863 466.665 203.302 379.274 27724 -95.2574
13864 468.317 204.341 378.844 27726 -95.2088
13865 469.965 205.381 378.416 27728 -95.1134
13866 471.61 206.423 377.988 27730 -95.1946
13867 473.257 207.47 377.559 27732 -95.2226
13868 474.901 208.518 377.132 27734 -95.2653
13869 476.542 209.568 376.705 27736 -95.4371
13870 478.184 210.623 376.278 27738 -95.5814
13871 479.823 211.679 375.852 27740 -95.7934
13872 481.458 212.737 375.428 27742 -96.1295
13873 483.095 213.8 375.002 27744 -96.3165
13874 484.728 214.864 374.578 27746 -96.723
13875 486.363 215.934 374.153 27748 -97.1717
13876 487.993 217.005 373.729 27750 -97.5922
13877 489.62 218.077 373.307 27752 -98.1657
13878 491.248 219.155 372.884 27754 -98.7708
13879 492.871 220.234 372.462 27756 -99.3788
13880 494.496 221.318 372.04 27758 -100.243
13881 496.117 222.403 371.619 27760 -101.034
13882 497.738 223.493 371.198 27762 -101.834
13883 499.355 224.585 370.777 27764 -102.951
13884 500.972 225.682 370.357 27766 -103.79
13885 502.585 226.78 369.938 27768 -104.62
13886 504.198 227.884 369.518 27770 -105.363
13887 505.806 228.988 369.1 27772 -105.424
13888 507.415 230.098 368.682 27774 -105.12
13889 509.018 231.209 368.265 27776 -104.71
13890 510.622 232.325 367.848 27778 -103.536
13891 512.22 233.442 367.432 27780 -102.686
13892 513.818 234.565 367.016 27782 -101.736
13893 515.416 235.692 366.599 27784 -100.595
13894 517.009 236.821 366.185 27786 -100.063
13895 518.601 237.954 365.77 27788 -99.0738
13896 520.186 239.089 365.356 27790 -98.4575
13897 521.772 240.229 364.943 27792 -97.8949
13898 523.356 241.374 364.53 27794 -97.2497
13899 524.935 242.52 364.118 27796 -96.8344
13900 526.512 243.671 363.706 27798 -96.4516
13901 528.088 244.827 363.294 27800 -95.9866
13902 529.663 245.988 362.882 27802 -95.7733
13903 531.232 247.15 362.472 27804 -95.5579
13904 532.798 248.318 362.062 27806 -95.2952
13905 534.363 249.49 361.652 27808 -95.2216
13906 535.927 250.667 361.243 27810 -95.1824
13907 537.483 251.845 360.835 27812 -95.06
13908 539.036 253.028 360.427 27814 -95.1293
13909 540.588 254.216 360.02 27816 -95.2088
13910 542.137 255.409 359.613 27818 -95.2993
13911 543.684 256.607 359.206 27820 -95.5133
13912 545.228 257.81 358.799 27822 -95.6709
13913 546.769 259.017 358.394 27824 -95.977
13914 548.302 260.226 357.989 27826 -96.4337
13915 549.831 261.44 357.586 27828 -96.8447
13916 551.358 262.658 357.183 27830 -97.2731
13917 552.88 263.881 356.78 27832 -97.865
13918 554.399 265.109 356.378 27834 -98.5727
13919 555.915 266.342 355.976 27836 -99.4201
13920 557.426 267.58 355.575 27838 -100.462
13921 558.932 268.823 355.175 27840 -101.392
13922 560.44 270.074 354.774 27842 -102.527
13923 561.942 271.331 354.374 27844 -103.786
13924 563.44 272.592 353.975 27846 -104.676
13925 564.932 273.857 353.576 27848 -105.604
13926 566.42 275.128 353.179 27850 -105.805
13927 567.901 276.403 352.782 27852 -105.423
13928 569.382 277.687 352.385 27854 -104.453
13929 570.857 278.976 351.989 27856 -103.335
13930 572.326 280.269 351.593 27858 -102.153
13931 573.788 281.568 351.199 27860 -100.839
13932 575.248 282.874 350.805 27862 -99.904
13933 576.702 284.186 350.412 27864 -99.0537
13934 578.148 285.502 350.02 27866 -98.2184
13935 579.592 286.827 349.628 27868 -97.6183
13936 581.028 288.156 349.237 27870 -96.9724
13937 582.46 289.494 348.847 27872 -96.5127
13938 583.885 290.836 348.457 27874 -96.0788
13939 585.305 292.187 348.068 27876 -95.6776
13940 586.717 293.543 347.681 27878 -95.5472
13941 588.124 294.907 347.293 27880 -95.3072
13942 589.525 296.28 346.907 27882 -95.2105
13943 590.918 297.657 346.521 27884 -95.2132
13944 592.305 299.043 346.137 27886 -95.1728
13945 593.685 300.437 345.753 27888 -95.4207
13946 595.055 301.835 345.37 27890 -95.514
13947 596.421 303.244 344.988 27892 -95.8485
13948 597.78 304.654 344.604 27894 -96.205
13949 599.135 306.071 344.219 27896 -96.6871
13950 600.483 307.49 343.832 27898 -97.2477
13951 601.829 308.915 343.443 27900 -97.8906
13952 603.168 310.342 343.054 27902 -98.8049
13953 604.504 311.774 342.662 27904 -99.6083
13954 605.836 313.212 342.269 27906 -100.961
13955 607.162 314.651 341.875 27908 -102.05
13956 608.485 316.095 341.479 27910 -103.559
13957 609.805 317.544 341.082 27912 -104.955
13958 611.117 318.993 340.684 27914 -106.229
13959 612.426 320.448 340.285 27916 -106.39
13960 613.732 321.906 339.884 27918 -106.055
13961 615.035 323.369 339.482 27920 -104.527
13962 616.331 324.832 339.081 27922 -103.183
13963 617.623 326.298 338.677 27924 -101.768
13964 618.912 327.769 338.273 27926 -100.514
13965 620.197 329.243 337.868 27928 -99.4875
13966 621.479 330.72 337.461 27930 -98.4495
13967 622.757 332.201 337.054 27932 -97.8993
13968 624.032 333.686 336.646 27934 -97.0084
13969 625.304 335.173 336.236 27936 -96.6672
13970 626.572 336.663 335.826 27938 -96.1585
13971 627.836 338.157 335.416 27940 -95.8369
13972 629.097 339.653 335.004 27942 -95.5981
13973 630.354 341.151 334.592 27944 -95.4916
13974 631.607 342.652 334.18 27946 -95.3351
13975 632.857 344.156 333.766 27948 -95.5027
13976 634.103 345.662 333.353 27950 -95.4496
13977 635.345 347.169 332.939 27952 -95.6893
13978 636.583 348.679 332.524 27954 -96.0805
13979 637.818 350.19 332.11 27956 -96.4246
13980 639.049 351.704 331.695 27958 -96.7966
13981 640.279 353.223 331.278 27960 -97.4648
13982 641.507 354.745 330.861 27962 -98.2799
13983 642.73 356.267 330.444 27964 -99.071
13984 643.949 357.791 330.027 27966 -100.16
13985 645.164 359.317 329.61 27968 -101.105
13986 646.379 360.848 329.192 27970 -102.438
13987 647.591 362.38 328.773 27972 -103.938
13988 648.798 363.913 328.355 27974 -106.181
13989 650.001 365.447 327.936 27976 -106.897
13990 651.204 366.987 327.517 27978 -107.247
13991 652.404 368.527 327.098 27980 -106.811
13992 653.599 370.067 326.679 27982 -105.509
13993 654.793 371.614 326.258 27984 -103.346
13994 655.984 373.16 325.839 27986 -102.417
13995 657.171 374.707 325.419 27988 -100.957
13996 658.357 376.259 324.998 27990 -100.095
13997 659.539 377.811 324.578 27992 -98.9088
13998 660.721 379.368 324.157 27994 -98.3819
13999 661.899 380.925 323.737 27996 -97.5507
14000 663.073 382.482 323.317 27998 -97.4346
14001 664.246 384.043 322.896 28000 -96.5641
14002 665.415 385.605 322.475 28002 -96.5019
14003 666.584 387.171 322.054 28004 -96.2297
14004 667.748 388.736 321.634 28006 -95.8416
14005 668.912 390.306 321.213 28008 -96.0563
14006 670.071 391.876 320.792 28010 -96.3288
14007 671.231 393.45 320.371 28012 -96.1488
14008 672.385 395.023 319.951 28014 -96.0581
14009 673.54 396.601 319.53 28016 -96.4091
14010 674.69 398.177 319.11 28018 -96.8596
14011 675.839 399.758 318.689 28020 -97.6786
14012 676.984 401.338 318.27 28022 -98.3643
14013 678.129 402.921 317.849 28024 -98.9434
14014 679.269 404.504 317.43 28026 -99.8827
14015 680.409 406.09 317.011 28028 -100.875
14016 681.544 407.675 316.592 28030 -101.835
14017 682.678 409.264 316.173 28032 -103.481
14018 683.812 410.857 315.754 28034 -104.224
14019 684.941 412.448 315.335 28036 -105.724
14020 686.07 414.043 314.917 28038 -105.248
14021 687.194 415.636 314.5 28040 -107.329
14022 688.318 417.233 314.082 28042 -107.312
14023 689.44 418.834 313.664 28044 -110.833
14024 690.559 420.432 313.248 28046 -107.23
14025 691.676 422.034 312.831 28048 -104.653
14026 692.793 423.639 312.414 28050 -105.486
14027 693.905 425.243 311.998 28052 -102.717
14028 695.016 426.849 311.583 28054 -101.391
14029 696.127 428.459 311.167 28056 -102.39
14030 697.233 430.066 310.753 28058 -100.788
14031 698.338 431.677 310.338 28060 -98.991
14032 699.442 433.291 309.924 28062 -98.1642
14033 700.542 434.902 309.511 28064 -97.9639
14034 701.641 436.516 309.099 28066 -98.3443
14035 702.739 438.133 308.686 28068 -98.5714
14036 703.836 439.754 308.273 28070 -98.3384
14037 704.928 441.371 307.862 28072 -97.9633
14038 706.019 442.991 307.451 28074 -97.9044
14039 707.11 444.615 307.041 28076 -97.4115
14040 708.199 446.24 306.63 28078 -96.9672
14041 709.284 447.863 306.221 28080 -96.6734
14042 710.367 449.489 305.813 28082 -96.8624
14043 711.45 451.117 305.405 28084 -97.6451
14044 712.532 452.748 304.997 28086 -98.142
14045 713.609 454.375 304.59 28088 -97.5692
14046 714.684 456.005 304.185 28090 -97.6616
14047 715.759 457.638 303.779 28092 -98.7933
14048 716.833 459.273 303.374 28094 -98.112
14049 717.905 460.91 302.969 28096 -99.4035
14050 718.973 462.544 302.566 28098 -99.2827
14051 720.04 464.18 302.164 28100 -99.9228
14052 721.105 465.818 301.762 28102 -100.363
14053 722.169 467.458 301.361 28104 -101.3
14054 723.233 469.101 300.96 28106 -101.176
14055 724.295 470.746 300.559 28108 -102.396
14056 725.356 472.393 300.16 28110 -103.483
14057 726.411 474.036 299.762 28112 -103.123
14058 727.466 475.681 299.365 28114 -103.932
14059 728.519 477.328 298.968 28116 -106.15
14060 729.572 478.976 298.572 28118 -107.122
14061 730.623 480.627 298.177 28120 -107.358
14062 731.672 482.28 297.783 28122 -108.461
14063 732.721 483.934 297.389 28124 -109.145
14064 733.768 485.59 296.996 28126 -108.889
14065 734.814 487.248 296.604 28128 -110.234
14066 735.858 488.907 296.212 28130 -111.653
14067 736.901 490.568 295.822 28132 -112.029
14068 737.939 492.225 295.433 28134 -113.829
14069 738.976 493.883 295.046 28136 -111.456
14070 740.011 495.543 294.659 28138 -107.877
14071 741.045 497.204 294.274 28140 -107.71
14072 742.077 498.866 293.889 28142 -111.403
14073 743.108 500.53 293.505 28144 -107.324
14074 744.137 502.196 293.122 28146 -106.483
14075 745.166 503.862 292.741 28148 -108.455
14076 746.192 505.53 292.36 28150 -105.126
14077 747.217 507.199 291.98 28152 -108.003
14078 748.241 508.87 291.601 28154 -104.871
14079 749.263 510.541 291.224 28156 -104.606
14080 750.283 512.214 290.847 28158 -107.673
14081 751.302 513.887 290.472 28160 -103.8
14082 752.319 515.562 290.098 28162 -103.57
14083 753.335 517.237 289.725 28164 -105.443
14084 754.349 518.914 289.353 28166 -106.648
14085 755.362 520.591 288.982 28168 -105.537
14086 756.372 522.27 288.613 28170 -104.442
14087 757.382 523.949 288.245 28172 -103.854
14088 758.389 525.629 287.878 28174 -103.732
14089 759.398 527.316 287.512 28176 -104.433
14090 760.406 529.004 287.146 28178 -105.421
14091 761.412 530.692 286.782 28180 -106.315
14092 762.416 532.381 286.42 28182 -105.08
14093 763.419 534.07 286.058 28184 -103.412
14094 764.42 535.76 285.699 28186 -103.907
14095 765.419 537.451 285.34 28188 -107.054
14096 766.416 539.142 284.984 28190 -103.845
14097 767.411 540.834 284.628 28192 -105.198
14098 768.404 542.526 284.275 28194 -105.764
14099 769.399 544.224 283.921 28196 -104.729
14100 770.393 545.923 283.569 28198 -105.604
14101 771.384 547.622 283.219 28200 -107.141
14102 772.373 549.321 282.871 28202 -105.019
14103 773.361 551.021 282.524 28204 -107.351
14104 774.346 552.72 282.179 28206 -108.788
14105 775.33 554.42 281.835 28208 -107.033
14106 776.315 556.126 281.492 28210 -107.442
14107 777.298 557.832 281.151 28212 -108.333
14108 778.279 559.538 280.811 28214 -109.773
14109 779.257 561.244 280.474 28216 -110.644
14110 780.234 562.95 280.138 28218 -110.797
14111 781.209 564.656 279.804 28220 -111.218
14112 782.185 566.368 279.471 28222 -109.671
14113 783.159 568.079 279.14 28224 -110.961
14114 784.131 569.79 278.811 28226 -111.56
14115 785.101 571.502 278.483 28228 -109.171
14116 786.071 573.218 278.157 28230 -106.904
14117 787.04 574.935 277.833 28232 -106.658
14118 788.007 576.651 277.51 28234 -107.078
14119 788.971 578.367 277.19 28236 -104.744
14120 789.936 580.088 276.871 28238 -104.363
14121 790.899 581.809 276.554 28240 -102.589
14122 791.86 583.529 276.239 28242 -102.909
14123 792.818 585.248 275.926 28244 -101.942
14124 793.777 586.973 275.614 28246 -101
14125 794.734 588.697 275.305 28248 -100.325
14126 795.689 590.421 274.998 28250 -100.563
14127 796.645 592.15 274.692 28252 -99.4723
14128 797.598 593.878 274.389 28254 -99.1801
14129 798.548 595.605 274.088 28256 -99.1762
14130 799.5 597.337 273.788 28258 -98.407
14131 800.448 599.068 273.491 28260 -98.5881
14132 801.395 600.798 273.196 28262 -98.3327
14133 802.342 602.534 272.903 28264 -98.1414
14134 803.286 604.268 272.612 28266 -98.3336
14135 804.228 606.001 272.324 28268 -98.149
14136 805.171 607.738 272.038 28270 -98.8194
14137 806.11 609.475 271.754 28272 -98.6688
14138 807.051 611.216 271.471 28274 -99.2895
14139 807.988 612.956 271.192 28276 -99.7649
14140 808.923 614.695 270.915 28278 -100.515
14141 809.859 616.438 270.64 28280 -101.741
14142 810.791 618.179 270.368 28282 -101.916
14143 811.724 619.926 270.098 28284 -104.114
14144 812.654 621.67 269.831 28286 -105.685
14145 813.584 623.419 269.565 28288 -106.272
14146 814.512 625.166 269.303 28290 -108.747
14147 815.44 626.918 269.043 28292 -110.933
14148 816.364 628.667 268.786 28294 -108.967
14149 817.289 630.421 268.531 28296 -106.378
14150 818.211 632.173 268.279 28298 -103.546
14151 819.133 633.929 268.029 28300 -102.589
14152 820.052 635.682 267.783 28302 -101.41
14153 820.97 637.44 267.539 28304 -100.137
14154 821.886 639.196 267.298 28306 -98.9262
14155 822.802 640.955 267.06 28308 -97.8017
14156 823.714 642.712 266.825 28310 -97.2836
14157 824.626 644.473 266.593 28312 -96.7616
14158 825.538 646.237 266.363 28314 -96.5474
14159 826.446 647.999 266.137 28316 -96.6682
14160 827.355 649.764 265.913 28318 -96.851
14161 828.26 651.527 265.693 28320 -97.0924
14162 829.164 653.293 265.477 28322 -97.4225
14163 830.068 655.062 265.262 28324 -97.9952
14164 830.969 656.829 265.052 28326 -98.7263
14165 831.869 658.598 264.845 28328 -99.8518
14166 832.768 660.371 264.641 28330 -101.324
14167 833.664 662.141 264.44 28332 -103.985
14168 834.559 663.913 264.243 28334 -107.565
14169 835.453 665.689 264.049 28336 -108.895
14170 836.347 667.467 263.859 28338 -105.619
14171 837.236 669.242 263.673 28340 -103.82
14172 838.125 671.019 263.49 28342 -103.241
14173 839.013 672.799 263.31 28344 -100.549
14174 839.9 674.581 263.135 28346 -98.2151
14175 840.786 676.365 262.963 28348 -97.3495
14176 841.668 678.146 262.795 28350 -97.2631
14177 842.548 679.929 262.631 28352 -95.7204
14178 843.428 681.714 262.471 28354 -95.2556
14179 844.306 683.501 262.315 28356 -96.1243
14180 845.182 685.29 262.163 28358 -95.0296
14181 846.058 687.081 262.016 28360 -96.0278
14182 846.931 688.873 261.872 28362 -96.1906
14183 847.803 690.667 261.733 28364 -96.6417
14184 848.674 692.462 261.598 28366 -98.5645
14185 849.543 694.258 261.467 28368 -98.9639
14186 850.41 696.056 261.341 28370 -101.743
14187 851.275 697.855 261.22 28372 -103.118
14188 852.139 699.655 261.104 28374 -103.954
14189 853 701.456 260.992 28376 -108.916
14190 853.859 703.258 260.885 28378 -102.407
14191 854.717 705.06 260.783 28380 -100.744
14192 855.572 706.863 260.686 28382 -100.866
14193 856.425 708.667 260.594 28384 -96.6879
14194 857.275 710.47 260.508 28386 -96.4217
14195 858.123 712.275 260.426 28388 -96.5504
14196 858.969 714.079 260.351 28390 -94.222
14197 859.814 715.889 260.28 28392 -93.9354
14198 860.657 717.698 260.215 28394 -95.0675
14199 861.498 719.508 260.156 28396 -94.8983
14200 862.335 721.317 260.103 28398 -93.866
14201 863.172 723.131 260.055 28400 -94.173
14202 864.006 724.944 260.014 28402 -95.6876
14203 864.837 726.756 259.978 28404 -97.8779
14204 865.667 728.573 259.949 28406 -100.037
14205 866.494 730.389 259.926 28408 -100.84
14206 867.32 732.209 259.91 28410 -101.845
14207 868.143 734.028 259.9 28412 -103.444
14208 868.964 735.85 259.897 28414 -103.755
14209 869.782 737.67 259.901 28416 -102.264
14210 870.598 739.494 259.912 28418 -100.559
14211 871.41 741.316 259.93 28420 -98.6885
14212 872.221 743.141 259.955 28422 -97.1333
14213 873.03 744.969 259.988 28424 -96.0848
14214 873.835 746.794 260.028 28426 -95.3475
14215 874.637 748.622 260.076 28428 -94.8051
14216 875.438 750.451 260.133 28430 -94.2533
14217 876.236 752.283 260.197 28432 -93.6975
14218 877.031 754.116 260.27 28434 -93.1197
14219 877.822 755.946 260.351 28436 -92.956
14220 878.61 757.777 260.44 28438 -93.3312
14221 879.395 759.61 260.539 28440 -94.2115
14222 880.176 761.443 260.646 28442 -95.289
14223 880.955 763.276 260.763 28444 -95.6929
14224 881.73 765.11 260.89 28446 -95.866
14225 882.504 766.949 261.026 28448 -98.2035
14226 883.274 768.788 261.172 28450 -101.215
14227 884.039 770.626 261.329 28452 -99.4994
14228 884.801 772.464 261.496 28454 -102.485
14229 885.561 774.305 261.673 28456 -104.612
14230 886.315 776.144 261.862 28458 -99.4447
14231 887.065 777.983 262.062 28460 -101.822
14232 887.813 779.823 262.273 28462 -98.1906
14233 888.555 781.662 262.496 28464 -95.4379
14234 889.293 783.502 262.731 28466 -98.4248
14235 890.028 785.344 262.98 28468 -92.7321
14236 890.757 787.183 263.24 28470 -95.9581
14237 891.482 789.023 263.514 28472 -91.8558
14238 892.202 790.863 263.801 28474 -93.7803
14239 892.918 792.703 264.102 28476 -91.5273
14240 893.629 794.543 264.418 28478 -93.2583
14241 894.334 796.382 264.748 28480 -90.9047
14242 895.034 798.219 265.093 28482 -93.925
14243 895.728 800.055 265.454 28484 -90.4095
14244 896.417 801.893 265.831 28486 -95.0644
14245 897.1 803.728 266.224 28488 -91.1449
14246 897.777 805.564 266.635 28490 -93.4933
14247 898.448 807.396 267.062 28492 -94.1191
14248 899.112 809.228 267.508 28494 -92.1901
14249 899.769 811.055 267.972 28496 -95.1986
14250 900.419 812.881 268.455 28498 -94.9829
14251 901.061 814.704 268.958 28500 -95.1449
14252 901.696 816.525 269.481 28502 -96.9332
14253 902.324 818.343 270.025 28504 -97.8558
14254 902.942 820.156 270.59 28506 -97.3683
14255 903.552 821.965 271.178 28508 -98.4591
14256 904.154 823.771 271.789 28510 -99.9469
14257 904.745 825.572 272.423 28512 -101.349
14258 905.327 827.365 273.081 28514 -100.87
14259 905.899 829.154 273.765 28516 -100.723
14260 906.459 830.934 274.473 28518 -100.747
14261 907.009 832.708 275.209 28520 -100.834
14262 907.548 834.475 275.973 28522 -101.35
14263 908.074 836.234 276.765 28524 -101.608
14264 908.587 837.98 277.585 28526 -101.285
14265 909.086 839.719 278.435 28528 -101.221
14266 909.564 841.448 279.316 28530 -101.026
14267 910.023 843.165 280.225 28532 -100.809
14268 910.462 844.872 281.165 28534 -100.452
14269 910.88 846.568 282.135 28536 -100.479
14270 911.278 848.253 283.135 28538 -100.373
14271 911.654 849.923 284.164 28540 -100.256
14272 912.009 851.581 285.223 28542 -100.228
14273 912.343 853.225 286.311 28544 -100.272
14274 912.655 854.854 287.428 28546 -100.214
14275 912.945 856.465 288.572 28548 -100.693
14276 913.213 858.062 289.745 28550 -101.232
14277 913.459 859.64 290.944 28552 -101.958
14278 913.683 861.201 292.171 28554 -101.967
14279 913.884 862.744 293.423 28556 -101.613
14280 914.064 864.27 294.703 28558 -101.674
14281 914.221 865.776 296.006 28560 -101.975
14282 914.357 867.261 297.333 28562 -101.638
14283 914.471 868.73 298.685 28564 -100.802
14284 914.563 870.176 300.059 28566 -100.434
14285 914.634 871.602 301.456 28568 -99.8005
14286 914.683 873.009 302.876 28570 -98.7076
14287 914.712 874.395 304.315 28572 -98.2536
14288 914.72 875.759 305.774 28574 -97.7036
14289 914.708 877.103 307.253 28576 -96.7403
14290 914.676 878.425 308.75 28578 -96.5366
14291 914.624 879.727 310.266 28580 -95.916
14292 914.553 881.007 311.797 28582 -95.4595
14293 914.463 882.266 313.346 28584 -95.3116
14294 914.354 883.504 314.91 28586 -95.0161
14295 914.227 884.721 316.488 28588 -94.7956
14296 914.083 885.918 318.082 28590 -94.7969
14297 913.921 887.095 319.69 28592 -94.861
14298 913.742 888.251 321.311 28594 -94.9026
14299 913.546 889.387 322.944 28596 -95.2189
14300 913.335 890.503 324.589 28598 -95.5675
14301 913.108 891.598 326.243 28600 -96.0226
14302 912.865 892.674 327.908 28602 -96.7594
14303 912.608 893.731 329.583 28604 -97.5671
14304 912.336 894.77 331.269 28606 -98.4559
14305 912.05 895.789 332.962 28608 -99.4827
14306 911.75 896.79 334.665 28610 -100.41
14307 911.437 897.773 336.376 28612 -101.589
14308 911.111 898.738 338.093 28614 -103.49
14309 910.773 899.686 339.819 28616 -105.814
14310 910.422 900.618 341.552 28618 -107.226
14311 910.06 901.532 343.29 28620 -106.73
14312 909.685 902.43 345.035 28622 -105.812
14313 909.3 903.312 346.787 28624 -105.153
14314 908.904 904.178 348.542 28626 -104.014
14315 908.497 905.029 350.303 28628 -102.482
14316 908.08 905.865 352.07 28630 -101.435
14317 907.653 906.685 353.839 28632 -101.02
14318 907.217 907.492 355.614 28634 -100.668
14319 906.771 908.284 357.393 28636 -100.136
14320 906.316 909.063 359.177 28638 -99.8896
14321 905.852 909.829 360.965 28640 -100.067
14322 905.38 910.58 362.754 28642 -100.283
14323 904.899 911.319 364.546 28644 -100.465
14324 904.411 912.045 366.341 28646 -100.961
14325 903.914 912.759 368.14 28648 -101.781
14326 903.41 913.461 369.941 28650 -102.47
14327 902.899 914.151 371.745 28652 -103.366
14328 902.38 914.83 373.551 28654 -104.716
14329 901.855 915.498 375.36 28656 -106.349
14330 901.323 916.154 377.17 28658 -107.723
14331 900.784 916.8 378.981 28660 -109.444
14332 900.24 917.435 380.794 28662 -111.418
14333 899.689 918.059 382.608 28664 -112.189
14334 899.132 918.675 384.426 28666 -112.414
14335 898.569 919.281 386.245 28668 -111.586
14336 898 919.876 388.065 28670 -109.912
14337 897.427 920.463 389.884 28672 -109.357
14338 896.847 921.041 391.708 28674 -107.98
14339 896.263 921.609 393.531 28676 -107.065
14340 895.673 922.17 395.358 28678 -106.967
14341 895.079 922.722 397.184 28680 -106.19
14342 894.48 923.265 399.009 28682 -106.324
14343 893.876 923.801 400.837 28684 -106.248
14344 893.269 924.329 402.663 28686 -106.095
14345 892.656 924.849 404.493 28688 -107.086
14346 892.04 925.362 406.32 28690 -106.936
14347 891.42 925.867 408.15 28692 -107.688
14348 890.795 926.366 409.982 28694 -108.671
14349 890.167 926.858 411.812 28696 -109.075
14350 889.534 927.343 413.644 28698 -110.761
14351 888.898 927.821 415.477 28700 -111.181
14352 888.258 928.294 417.312 28702 -113.136
14353 887.616 928.76 419.143 28704 -114.71
14354 886.969 929.22 420.977 28706 -115.849
14355 886.32 929.674 422.811 28708 -117.923
14356 885.667 930.122 424.646 28710 -118.036
14357 885.011 930.565 426.482 28712 -119.25
14358 884.351 931.003 428.318 28714 -116.851
14359 883.691 931.434 430.151 28716 -117.351
14360 883.027 931.861 431.984 28718 -115.576
14361 882.361 932.282 433.817 28720 -115.168
14362 881.692 932.699 435.65 28722 -114.17
14363 881.021 933.11 437.484 28724 -113.838
14364 880.345 933.519 439.321 28726 -113.824
14365 879.668 933.922 441.159 28728 -113.383
14366 878.988 934.321 442.996 28730 -113.447
14367 878.306 934.716 444.832 28732 -113.328
14368 877.622 935.106 446.668 28734 -113.923
14369 876.937 935.492 448.503 28736 -114.111
14370 876.249 935.874 450.337 28738 -114.533
14371 875.559 936.254 452.175 28740 -114.794
14372 874.867 936.629 454.012 28742 -115.422
14373 874.173 937 455.848 28744 -116.289
14374 873.478 937.368 457.682 28746 -117.211
14375 872.781 937.733 459.519 28748 -118.172
14376 872.082 938.095 461.355 28750 -118.75
14377 871.382 938.453 463.19 28752 -120.415
14378 870.679 938.809 465.027 28754 -121.059
14379 869.976 939.161 466.862 28756 -122.95
14380 869.27 939.512 468.7 28758 -123.62
14381 868.564 939.859 470.536 28760 -123.383
14382 867.857 940.203 472.37 28762 -123.636
14383 867.148 940.545 474.206 28764 -123.643
14384 866.438 940.885 476.04 28766 -123.505
14385 865.727 941.222 477.876 28768 -122.798
14386 865.015 941.557 479.71 28770 -122.793
14387 864.301 941.89 481.545 28772 -121.969
14388 863.586 942.222 483.383 28774 -121.398
14389 862.871 942.551 485.218 28776 -120.439
14390 862.154 942.879 487.054 28778 -120.62
14391 861.437 943.204 488.888 28780 -119.753
14392 860.719 943.528 490.723 28782 -120.274
14393 859.999 943.851 492.56 28784 -119.877
14394 859.28 944.171 494.393 28786 -120.799
14395 858.56 944.491 496.228 28788 -120.539
14396 857.839 944.809 498.064 28790 -120.977
14397 857.116 945.127 499.901 28792 -121.081
14398 856.394 945.442 501.734 28794 -121.585
14399 855.672 945.757 503.569 28796 -122.389
14400 854.948 946.071 505.405 28798 -121.796
14401 854.224 946.385 507.241 28800 -122.609
14402 853.499 946.697 509.078 28802 -122.694
14403 852.775 947.009 510.911 28804 -123.894
14404 852.051 947.32 512.745 28806 -123.097
14405 851.326 947.63 514.579 28808 -125.024
14406 850.601 947.94 516.414 28810 -124.663
14407 849.875 948.25 518.249 28812 -126.075
14408 849.149 948.559 520.084 28814 -125.308
14409 848.423 948.869 521.919 28816 -126.782
14410 847.697 949.178 523.755 28818 -126.861
14411 846.971 949.487 525.591 28820 -126.181
14412 846.245 949.796 527.426 28822 -126.942
14413 845.519 950.106 529.262 28824 -125.721
14414 844.793 950.415 531.097 28826 -125.934
14415 844.068 950.725 532.932 28828 -124.477
14416 843.343 951.035 534.766 28830 -124.357
14417 842.618 951.346 536.6 28832 -123.591
14418 841.894 951.657 538.434 28834 -123.511
14419 841.17 951.968 540.267 28836 -122.853
14420 840.445 952.281 542.104 28838 -122.627
14421 839.721 952.594 543.94 28840 -121.747
14422 838.998 952.909 545.775 28842 -121.075
14423 838.275 953.224 547.61 28844 -120.615
14424 837.554 953.54 549.443 28846 -119.941
14425 836.831 953.857 551.28 28848 -120.144
14426 836.11 954.176 553.116 28850 -119.605
14427 835.39 954.496 554.95 28852 -119.44
14428 834.671 954.817 556.783 28854 -118.714
14429 833.952 955.14 558.619 28856 -118.201
14430 833.234 955.464 560.454 28858 -118.7
14431 832.518 955.79 562.287 28860 -118.346
14432 831.801 956.118 564.124 28862 -118.232
14433 831.086 956.447 565.958 28864 -117.865
14434 830.371 956.779 567.795 28866 -118.003
14435 829.658 957.112 569.63 28868 -118.647
14436 828.945 957.449 571.468 28870 -117.932
14437 828.234 957.786 573.304 28872 -118.352
14438 827.523 958.127 575.142 28874 -118.928
14439 826.815 958.47 576.977 28876 -118.332
14440 826.106 958.815 578.815 28878 -119.159
14441 825.401 959.163 580.651 28880 -119.209
14442 824.695 959.514 582.488 28882 -119.564
14443 823.993 959.867 584.323 28884 -120.232
14444 823.291 960.223 586.159 28886 -120.31
14445 822.59 960.583 587.997 28888 -121.133
14446 821.892 960.945 589.833 28890 -121.543
14447 821.195 961.311 591.669 28892 -121.62
14448 820.499 961.68 593.507 28894 -122.094
14449 819.806 962.053 595.342 28896 -122.779
14450 819.115 962.428 597.178 28898 -122.535
14451 818.425 962.808 599.015 28900 -122.28
14452 817.737 963.192 600.853 28902 -122.231
14453 817.052 963.579 602.688 28904 -121.712
14454 816.369 963.97 604.523 28906 -121.096
14455 815.688 964.366 606.358 28908 -119.494
14456 815.009 964.766 608.194 28910 -119.56
14457 814.332 965.17 610.031 28912 -118.243
14458 813.658 965.579 611.867 28914 -117.371
14459 812.986 965.992 613.704 28916 -116.401
14460 812.316 966.411 615.541 28918 -116.013
14461 811.649 966.834 617.377 28920 -114.99
14462 810.985 967.262 619.214 28922 -114.603
14463 810.324 967.696 621.049 28924 -113.733
14464 809.666 968.135 622.885 28926 -112.916
14465 809.011 968.579 624.719 28928 -112.35
14466 808.359 969.028 626.553 28930 -111.851
14467 807.71 969.484 628.386 28932 -111.527
14468 807.066 969.945 630.218 28934 -110.928
14469 806.423 970.412 632.053 28936 -110.607
14470 805.784 970.886 633.886 28938 -110.462
14471 805.149 971.366 635.718 28940 -109.941
14472 804.518 971.853 637.548 28942 -109.468
14473 803.89 972.346 639.381 28944 -109.276
14474 803.267 972.847 641.211 28946 -109.021
14475 802.647 973.353 643.039 28948 -108.618
14476 802.031 973.868 644.87 28950 -108.26
14477 801.42 974.39 646.697 28952 -107.988
14478 800.813 974.92 648.527 28954 -107.73
14479 800.211 975.458 650.353 28956 -107.431
14480 799.612 976.004 652.18 28958 -107.14
14481 799.02 976.557 654.005 28960 -106.954
14482 798.431 977.12 655.829 28962 -106.922
14483 797.847 977.691 657.655 28964 -106.954
14484 797.27 978.271 659.476 28966 -106.865
14485 796.697 978.86 661.298 28968 -106.579
14486 796.129 979.459 663.12 28970 -106.285
14487 795.568 980.066 664.937 28972 -106.193
14488 795.012 980.684 666.753 28974 -106.272
14489 794.463 981.311 668.569 28976 -106.296
14490 793.919 981.95 670.383 28978 -106.204
14491 793.381 982.599 672.197 28980 -106.351
